gene_name,gene_id,gene_type,baseMean,log2FoldChange_R1,lfcSE,stat,pvalue,padj_R1,log2FoldChange_R39,padj_R39
FHDC1,ENSG00000137460.10,protein_coding,95.4933525874462,-1.72174087807053,0.352168260827187,-4.88897231688751,1.01363747266696e-06,0.0054026877293149,-0.827942998065557,0.793227009754725
ANK1,ENSG00000029534.21,protein_coding,33.7476787939231,-1.87616366115606,0.425521361506354,-4.40909395127521,1.03803988539138e-05,0.0201704703752615,-0.826774019047673,0.784543500352545
SLC4A1,ENSG00000004939.16,protein_coding,96.2277570123124,-1.05230064978758,0.239722778050098,-4.38965649550276,1.13529852018358e-05,0.0201704703752615,-0.513925216592377,0.711716254411751
RP11-206L10.8,ENSG00000230092.7,transcribed_unprocessed_pseudogene,11.0779517558745,1.83370608376441,0.432711084933477,4.23771460360512,2.25806548053756e-05,0.030088722528163,1.12166548131313,0.535194134240098
DYNC1LI2,ENSG00000135720.13,protein_coding,26.5025908666605,-1.77502635524202,0.427314645047483,-4.15390948055333,3.2684251324419e-05,0.0348414119118307,-0.99935688530005,0.293754490850378
IGF2BP2,ENSG00000073792.16,protein_coding,10.8181548928611,-2.50143675801945,0.620195897669575,-4.03330103829895,5.49987488494794e-05,0.0488572218946209,-0.825401892396339,0.887570013070269
CA1,ENSG00000133742.14,protein_coding,31.8913965453089,-1.38047233604823,0.354419192188041,-3.89502703712445,9.81877768130958e-05,0.0747629786305429,-0.585518595901001,0.870378725940802
SNORD3A,ENSG00000263934.5,snoRNA,17.5615218158737,2.14656502340092,0.562593450092497,3.81548171783372,0.0001359175194603,0.0895664665613878,1.60908615552386,0.500112710004713
NUTF2,ENSG00000102898.12,protein_coding,12.2162068617007,1.70651479333284,0.450383275874759,3.78902788967541,0.0001512379360323,0.0895664665613878,1.2768082432073,0.275423014060019
TRAK2,ENSG00000115993.13,protein_coding,344.793376498104,-1.00269459878656,0.273091009993851,-3.67164997049568,0.0002409895964581,0.11679385909526,-0.561753936910326,0.711716254411751
CCDC26,ENSG00000229140.11,lncRNA,5.16200708410666,3.36243620299847,0.915796225001509,3.6715986714107,0.0002410379831234,0.11679385909526,3.25472452383446,0.275423014060019
RNF141,ENSG00000110315.7,protein_coding,9.00765297601248,1.86554504255238,0.513528643019304,3.63279647184598,0.0002803661577391,0.124529301729125,1.10889236938963,0.793227009754725
STK25,ENSG00000115694.15,protein_coding,6.24384160565412,2.08889613043531,0.580629141752045,3.597642591848,0.0003211144595699,0.12536463404807,1.25226109346204,0.857105051885908
IREB2,ENSG00000136381.13,protein_coding,12.1637052834073,-1.81564268519219,0.510436648181804,-3.55703825667609,0.0003750595531712,0.12536463404807,-1.12641371707121,0.293754490850378
PLEKHA4,ENSG00000105559.12,protein_coding,5.5193394121369,-3.57681047630301,1.00579430134031,-3.55620475432859,0.0003762508794857,0.12536463404807,-1.83517707010386,0.477238475980442
RNY5,ENSG00000286171.1,lncRNA,2.38545615290663,4.24345356157148,1.19327177754828,3.55615010881272,0.0003763291078366,0.12536463404807,3.50617942421494,0.275423014060019
HBB,ENSG00000244734.4,protein_coding,1439.09390789703,-0.642528585926909,0.182529704613549,-3.52013162617704,0.0004313326868162,0.131437830745544,-0.328698576419364,0.870378725940802
EPB42,ENSG00000166947.15,protein_coding,4.02222892796701,-4.16957635509395,1.18706154760439,-3.51251909684765,0.0004438801038311,0.131437830745544,-0.2488537645202,0.998086042062166
RNU1-27P,ENSG00000206596.1,snRNA,83.5192740033151,1.20467680154713,0.345216498221811,3.4896269667074,0.0004836952231445,0.135689238913712,0.600455807748528,0.953507896005218
AIF1,ENSG00000204472.13,protein_coding,120.718560273558,0.730833575494785,0.215321267099315,3.3941541647983,0.000688409274373,0.183461071620413,0.331226785265222,0.942191637017041
RN7SL396P,ENSG00000244642.3,misc_RNA,15.7189909015149,1.16213672536325,0.343761399939953,3.38064926884243,0.0007231478448305,0.183541810140324,0.846064806699219,0.492304650125732
SETD1A,ENSG00000099381.19,protein_coding,14.6970809144848,1.42384103109918,0.423883014621952,3.35904242912177,0.0007821305786588,0.186362201800971,1.10844875288861,0.296475752002808
ATP5IF1,ENSG00000130770.18,protein_coding,25.9969041607479,1.05436027135087,0.314607746429887,3.35134872969774,0.0008041896137752,0.186362201800971,0.683984836916271,0.667026324999398
RELL1,ENSG00000181826.10,protein_coding,5.52186029780515,-3.16400341123281,0.954113354161447,-3.31617139350659,0.0009125984129224,0.200723872313726,-1.68213613968065,0.535194134240098
BAG1,ENSG00000107262.26,protein_coding,24.7743358305515,-1.30331727553113,0.394054537979085,-3.3074540448518,0.0009414815774565,0.200723872313726,-0.544967204019398,0.922405531070794
DENND11,ENSG00000257093.7,protein_coding,11.14733063778,1.48948351508747,0.454087850491719,3.28016597113212,0.0010374603497359,0.212679371695864,0.739632473174906,0.95182832588077
RBM23,ENSG00000100461.18,protein_coding,103.51891349729,0.884194432341364,0.271254626356406,3.25964738083253,0.001115508068999,0.220209555843154,0.565918400459497,0.668581646012979
H19,ENSG00000130600.19,lncRNA,36.7740660891257,-1.35019708421796,0.418882739670152,-3.22332948185252,0.0012670971451009,0.233096990759577,-0.897516428754179,0.483493776442193
C1orf162,ENSG00000143110.12,protein_coding,26.4984510735686,1.00962714383313,0.313929484828126,3.21609531002128,0.0012994766701689,0.233096990759577,0.64325003336912,0.784543500352545
PPP4R1,ENSG00000154845.16,protein_coding,11.873754960863,1.54050728146189,0.479409391157447,3.21334398089828,0.001311990567127,0.233096990759577,1.21786687574259,0.296475752002808
CACNG2,ENSG00000166862.7,protein_coding,3.85472199020205,4.80992641072565,1.51330753272453,3.17841965807568,0.0014808025072388,0.236101788310347,4.23774397683181,
SIAH2,ENSG00000181788.4,protein_coding,16.7640279922141,-1.39687253028438,0.441452411328412,-3.16426526266089,0.0015547502185223,0.236101788310347,-0.605274151927907,0.922405531070794
SSBP1,ENSG00000106028.11,protein_coding,12.1224878082954,1.25833919337234,0.39767834557605,3.1642135091605,0.0015550267295081,0.236101788310347,1.03696584074288,0.293754490850378
CENPF,ENSG00000117724.13,protein_coding,20.6630337485013,-1.55827639697816,0.49361220541862,-3.15688384499453,0.0015946485415835,0.236101788310347,-0.606871825339561,0.942191637017041
XPO7,ENSG00000130227.17,protein_coding,23.61007363956,-1.17171056923919,0.371775796371703,-3.1516590931264,0.0016234569459442,0.236101788310347,-0.555580237020355,0.887570013070269
NES,ENSG00000132688.11,protein_coding,13.2139359667015,-1.78988936059748,0.568585475890279,-3.1479688393287,0.0016440921842768,0.236101788310347,-0.559359005346205,0.953507896005218
SYNPO,ENSG00000171992.13,protein_coding,102.451578186515,-0.715305223694975,0.227562441100262,-3.14333604542333,0.0016703395953489,0.236101788310347,-0.457305278942566,0.668581646012979
BUD13,ENSG00000137656.12,protein_coding,5.49288587715704,1.92670993328505,0.613391486082257,3.14107707231312,0.0016832772900174,0.236101788310347,1.36973552008655,0.531950202882959
RNY3,ENSG00000202354.1,misc_RNA,68.0500854674301,1.12765219813357,0.362376361511978,3.11182604027636,0.001859340294053,0.254109840187253,0.932852978879248,0.716631597947757
HBD,ENSG00000223609.11,protein_coding,8.70672365636163,-1.8420697039361,0.598042960294483,-3.08016284152738,0.0020688744595689,0.269091787165777,-0.641707438966324,0.95182832588077
SORBS3,ENSG00000120896.14,protein_coding,8.79363742986675,-2.50768055696236,0.81594787168639,-3.0733342704596,0.0021168122901266,0.269091787165777,-0.955314222650142,0.922405531070794
PDIA6,ENSG00000143870.13,protein_coding,5.05256792665927,-3.00302157422584,0.977283412939376,-3.0728256864543,0.0021204230883607,0.269091787165777,-1.66120367286836,0.668581646012979
DENND1B,ENSG00000213047.13,protein_coding,2.45564277881052,2.42372949310934,0.7922732916277,3.05920888501728,0.002219223547935,0.27251127146647,2.09232664617641,0.275423014060019
COTL1,ENSG00000103187.8,protein_coding,270.98479340831,0.441035898121949,0.144359089481366,3.055130783288,0.0022496240046012,0.27251127146647,0.162997106000639,0.983262496850266
H4C6,ENSG00000274618.2,protein_coding,11.3249524564051,1.13377414490193,0.372648410998236,3.04247679968585,0.002346399040228,0.277917930764783,0.701330099933598,0.870378725940802
RN7SL151P,ENSG00000244230.3,misc_RNA,17.4992052228184,1.15161242941168,0.381056936069368,3.02215317556124,0.002509835097155,0.290813501474709,0.836985459187966,0.784543500352545
NFE2L1,ENSG00000082641.16,protein_coding,13.7456053498439,-1.40858176713959,0.470071493540835,-2.99652666986756,0.0027307435024577,0.309677933363827,-0.802016602090817,0.784543500352545
TRIM58,ENSG00000162722.9,protein_coding,82.371370272356,-0.80011166378362,0.269088123561751,-2.97341871946276,0.0029450239467227,0.318883479022245,-0.058745053665834,0.998086042062166
EHBP1L1,ENSG00000173442.13,protein_coding,99.1067596976793,-0.80031682077967,0.269297925079941,-2.97186404441139,0.0029599772596589,0.318883479022245,-0.621157494475052,0.464086810406153
SLX4,ENSG00000188827.11,protein_coding,5.0304003033397,2.02583650123658,0.683048766014758,2.96587389075645,0.0030182422380696,0.318883479022245,1.21812984133227,0.908438905389404
PUF60,ENSG00000179950.14,protein_coding,13.5525342898992,1.29801448644429,0.439463677096503,2.95363315352968,0.0031405709062039,0.318883479022245,1.04102343312772,0.397406762611455
CNOT11,ENSG00000158435.8,protein_coding,7.44179774475493,1.48184284769226,0.50201453318206,2.95179272659593,0.0031593492773461,0.318883479022245,1.21816450191848,0.492304650125732
TBX21,ENSG00000073861.3,protein_coding,14.0050439642694,-1.52661145146725,0.518058071576546,-2.94679599686864,0.0032108495428341,0.318883479022245,-0.784504106243014,0.870378725940802
UNC13D,ENSG00000092929.12,protein_coding,17.7685021885791,1.18241092515541,0.402700130775885,2.93620695597304,0.0033225257635993,0.318883479022245,0.628413954022624,0.922405531070794
RAB1A,ENSG00000138069.18,protein_coding,18.4356800888862,1.0402263440513,0.354576005449868,2.93371894336595,0.0033492734070521,0.318883479022245,0.73279376258458,0.668581646012979
GABARAPL2,ENSG00000034713.8,protein_coding,36.9796431818532,-0.916004371922645,0.312243992513073,-2.93361727971209,0.0033503705113031,0.318883479022245,-0.433147959177128,0.922405531070794
TRIO,ENSG00000038382.20,protein_coding,19.6503402986365,-1.32514386639278,0.454506814748369,-2.91556435105694,0.0035504587968528,0.32136153955253,-0.929792557225426,0.483493776442193
H2BC4,ENSG00000180596.7,protein_coding,63.7777512343885,0.829402007930076,0.284543662444129,2.91484969584565,0.0035585988199422,0.32136153955253,0.484996968416258,0.870378725940802
NUDT4,ENSG00000173598.14,protein_coding,22.438118432789,-1.11670629492058,0.383362513426218,-2.91292511868275,0.0035806045188104,0.32136153955253,-0.757697473086209,0.535194134240098
PPP1R15A,ENSG00000087074.8,protein_coding,17.9609342803594,-1.39983967421715,0.481673925206072,-2.90619774283665,0.0036585016630873,0.32136153955253,-0.760430454103402,0.870378725940802
AHCTF1,ENSG00000153207.16,protein_coding,13.8295869056057,1.04764585582559,0.360765395624977,2.9039532852387,0.003684831361104,0.32136153955253,0.665860982559458,0.819845711858572
RFLNB,ENSG00000183688.4,protein_coding,28.2371930048705,-1.14092966162789,0.393498475474884,-2.89945128821906,0.0037381642499543,0.32136153955253,-0.681722280964115,0.793227009754725
SPTA1,ENSG00000163554.15,protein_coding,13.1601292003006,-1.53122574771935,0.531024588114219,-2.88353078556505,0.0039324420717238,0.332697083210922,-0.823148730521004,0.870378725940802
RUBCNL,ENSG00000102445.20,protein_coding,6.23568763176967,1.84912725775063,0.644030079206607,2.87118151380228,0.0040894063211429,0.340570870182683,0.958717666868854,0.947543342162046
TNFAIP8L2,ENSG00000163154.6,protein_coding,6.46306967487818,1.542035646842,0.544249687366343,2.83332390010916,0.0046066682187176,0.377746793934846,0.965274980706768,0.870378725940802
CENPB,ENSG00000125817.8,protein_coding,21.6429538368305,-1.0082091641351,0.361554814375875,-2.78853751643576,0.0052946614615248,0.427584024089813,-0.269728808775102,0.992587378328484
SELENBP1,ENSG00000143416.21,protein_coding,8.83545517824914,-1.82024687929795,0.654363194196012,-2.78170730787267,0.0054073783028174,0.427955963918066,-1.04456929467895,0.793227009754725
SHARPIN,ENSG00000179526.17,protein_coding,9.08826435284451,1.36850274765393,0.492982064951639,2.77596863039668,0.0055037518444542,0.427955963918066,0.526050897681194,0.992587378328484
COX7C,ENSG00000127184.13,protein_coding,153.988002970192,0.50448995282316,0.182330124816694,2.76690400629271,0.0056591416046082,0.427955963918066,0.310134616578558,0.870378725940802
RNF5,ENSG00000204308.8,protein_coding,4.53272129013179,-2.42243050974379,0.875534403612909,-2.76680219503378,0.0056609091491279,0.427955963918066,-0.74025048987742,0.983262496850266
PITPNM1,ENSG00000110697.13,protein_coding,14.3061245357832,-1.26383628191576,0.457163628839852,-2.76451625236025,0.0057007267238616,0.427955963918066,-1.00806589804627,0.667026324999398
BSG,ENSG00000172270.22,protein_coding,47.8963805119378,-0.866471372222725,0.315832675752785,-2.7434506900133,0.006079717844722,0.450068001560674,-0.346965279524386,0.953507896005218
PLSCR1,ENSG00000188313.13,protein_coding,4.45056665712008,1.78429296178509,0.651720769722622,2.73781816489369,0.0061848262084874,0.451577036866278,1.13040058786641,0.887570013070269
PALM2AKAP2,ENSG00000157654.19,protein_coding,32.5810534041265,-0.778491734193018,0.285140366396775,-2.73020528110615,0.0063294898824474,0.455894338830338,-0.421045150749068,0.908438905389404
POMP,ENSG00000132963.8,protein_coding,14.4588579965044,0.946895243807298,0.348133548337973,2.71991954905776,0.0065297800928208,0.464049705263136,0.713782216375136,0.668581646012979
DAP3,ENSG00000132676.16,protein_coding,13.4722380353,1.06689344735086,0.393185346622267,2.71346187368429,0.0066584229744322,0.466965716496367,0.56917392993163,0.944724988138741
MCTP1,ENSG00000175471.19,protein_coding,14.2644058608853,1.04215903950684,0.385277502686393,2.70495690052043,0.0068313252152741,0.472869654511832,0.462632602845449,0.979511700603372
Y_RNA,ENSG00000207292.1,misc_RNA,2.87702671166158,2.56501844524413,0.950030802259834,2.6999318749905,0.0069353675892367,0.47391678526451,2.16872381661356,0.483493776442193
SOGA1,ENSG00000149639.15,protein_coding,5.69045855655361,-2.54547443321003,0.944593325791451,-2.69478342023774,0.0070434396614188,0.475209283485603,-1.16304345378619,0.91628069731862
TRIM25,ENSG00000121060.19,protein_coding,9.55209263757111,1.26581367643442,0.472309493768922,2.68005130774212,0.0073610876399535,0.484811658289311,0.7935348282007,0.8732085726272
MGLL,ENSG00000074416.15,protein_coding,9.11531840597028,-1.6420825902881,0.612774188123392,-2.67975156609801,0.0073676818614323,0.484811658289311,-1.05166486832682,0.784543500352545
ACLY,ENSG00000131473.17,protein_coding,22.2816150418014,0.741830806506876,0.27761729620584,2.67213468557393,0.0075370390317082,0.489907537061038,0.414477892532358,0.943319012471727
PSMD4,ENSG00000159352.16,protein_coding,26.8526686233581,0.860465570380784,0.323463892429593,2.66015957428101,0.0078103637688942,0.494749061686774,0.602653106236422,0.784543500352545
RASSF3,ENSG00000153179.13,protein_coding,63.8725376098023,-0.654072307774313,0.246112645404902,-2.65761357649153,0.0078696068670967,0.494749061686774,-0.29793363857142,0.953507896005218
LLNLF-96A1.1,ENSG00000283907.1,lncRNA,15.3038336847529,2.33260389899317,0.877994340812268,2.65674138267814,0.0078899944171436,0.494749061686774,2.02923779392056,0.492304650125732
MSRB1,ENSG00000198736.12,protein_coding,8.0629860689223,-1.75497349081672,0.661829210507137,-2.65170147064368,0.0080087316900432,0.496355115208493,-0.719344328539467,0.95182832588077
ZSWIM9,ENSG00000185453.13,protein_coding,4.30936865961242,-2.38823287595663,0.907930745085026,-2.63041304514143,0.0085281183177821,0.520221928088411,-1.02743081664817,0.95182832588077
LYPLA1,ENSG00000120992.18,protein_coding,6.14471283110743,1.33867682934135,0.509965253326379,2.62503537370337,0.0086639965649677,0.520221928088411,0.547910977375646,0.983262496850266
GSPT1,ENSG00000103342.13,protein_coding,70.7674780831915,-0.609623998273691,0.232313218491314,-2.62414684034212,0.0086866325703318,0.520221928088411,-0.0224989479059562,0.998086042062166
RNA5SP259,ENSG00000202411.1,rRNA_pseudogene,9.16221776613808,3.73606882515846,1.42896412196081,2.61452948170027,0.00893504489628,0.52915321441303,2.26845803018518,0.870378725940802
MADD,ENSG00000110514.19,protein_coding,17.2757980258832,-1.1176308102151,0.428481874036869,-2.60835026622137,0.009097980555732,0.530671743850057,-0.404439333747481,0.983262496850266
MINK1,ENSG00000141503.17,protein_coding,31.1743261930102,-1.03689878293408,0.398348045792179,-2.60299703710619,0.0092412752346316,0.530671743850057,-0.552584320928378,0.91628069731862
ORC4,ENSG00000115947.14,protein_coding,13.8976527694654,0.991361573906286,0.380952090231739,2.60232611744754,0.0092593756431623,0.530671743850057,0.749143779575376,0.668581646012979
RNY3P1,ENSG00000201955.1,misc_RNA,5.91917576913753,1.6241140937147,0.629157206697627,2.58141220735512,0.0098397014844322,0.543513526632907,1.22594124925954,0.793227009754725
TNS2,ENSG00000111077.18,protein_coding,10.5672591419454,-1.50747861444344,0.585268680516897,-2.57570354373323,0.0100036374983521,0.543513526632907,-1.17841712932238,0.535194134240098
S100A10,ENSG00000197747.9,protein_coding,46.8014468659386,0.760610725727223,0.295445885667824,2.57445022125776,0.0100399532590126,0.543513526632907,0.422569820681049,0.922405531070794
WDR26,ENSG00000162923.17,protein_coding,37.0811732731912,-0.647478420616602,0.252004558830549,-2.56931233157562,0.0101900568825778,0.543513526632907,-0.168814696029852,0.992587378328484
ARHGEF11,ENSG00000132694.19,protein_coding,8.62064683430774,-1.44949440449184,0.565706424904404,-2.56227318743425,0.0103989485548142,0.543513526632907,-0.533548962563491,0.966185594498534
FADD,ENSG00000168040.5,protein_coding,4.0651240240163,1.92519240145732,0.751400533223471,2.56213872140646,0.0104029757516542,0.543513526632907,0.983617697228825,0.95182832588077
CCNYL1,ENSG00000163249.13,protein_coding,10.4126203906974,1.21808031010057,0.476171038052257,2.55807307198488,0.0105253972677872,0.543513526632907,0.845729505255696,0.870378725940802
PSMD2,ENSG00000175166.17,protein_coding,11.6998581577593,-1.25163948968863,0.489439720986458,-2.55729037922376,0.0105491116359545,0.543513526632907,-0.17241627476866,0.998086042062166
RNU5B-1,ENSG00000200156.1,snRNA,4.77535386810878,2.25055338708605,0.880937701239719,2.55472479372708,0.0106271784280506,0.543513526632907,1.79718926265353,0.784543500352545
FAM102B,ENSG00000162636.16,protein_coding,4.77979032689843,-2.13886258704912,0.839033050237085,-2.54919944624917,0.0107970532365208,0.543513526632907,-0.741127709875977,0.983262496850266
KLF3,ENSG00000109787.13,protein_coding,24.928504482402,-0.827915364208822,0.324891166520597,-2.54828523987073,0.0108253917396918,0.543513526632907,-0.282601425363711,0.983262496850266
FBXW7,ENSG00000109670.16,protein_coding,31.6998333424795,0.624590145368674,0.245470173408809,2.5444645135296,0.0109445431812117,0.543513526632907,0.142739793041189,0.995521320397187
THAP11,ENSG00000168286.3,protein_coding,4.50596689138406,-2.53801398170363,0.99811576834638,-2.5428052157802,0.010996651252809,0.543513526632907,0.317004594509499,0.998086042062166
CCND1,ENSG00000110092.4,protein_coding,21.2717388709402,-1.2588681660131,0.495147132560466,-2.54241231187858,0.0110090221173783,0.543513526632907,-0.787090196598586,0.870378725940802
SLC2A1,ENSG00000117394.24,protein_coding,22.8083107587556,-0.936651811520209,0.368429108969286,-2.54228503860778,0.0110130320593535,0.543513526632907,-0.924875747205811,0.275423014060019
SLC25A36,ENSG00000114120.14,protein_coding,6.12210729666067,1.63781931129795,0.64707522513564,2.53111114083316,0.0113701814313098,0.550408010086307,0.824042510451358,0.953507896005218
APBA2,ENSG00000034053.15,protein_coding,6.31324251030012,-2.07422848261343,0.819559288884864,-2.5309071726046,0.0113767953030382,0.550408010086307,-1.08039052212441,0.91628069731862
FBXO7,ENSG00000100225.18,protein_coding,122.301284720214,-0.653577910434113,0.25909588901017,-2.52253292374106,0.0116513042746926,0.550408010086307,-0.143187860065466,0.995521320397187
MIF,ENSG00000240972.2,protein_coding,14.5692875129555,1.16810052675672,0.463869779638432,2.51816474801873,0.0117968127771957,0.550408010086307,0.599323163973336,0.953507896005218
TFDP1,ENSG00000198176.13,protein_coding,21.9237177450758,-0.989507444665727,0.393619358063599,-2.51386885424941,0.0119414830803851,0.550408010086307,-0.219982622702928,0.995521320397187
UACA,ENSG00000137831.15,protein_coding,38.9368722734,-0.937006579617612,0.373001458613303,-2.51207215945239,0.0120024543650523,0.550408010086307,-0.537319072883743,0.908438905389404
SPSB3,ENSG00000162032.16,protein_coding,5.37990199403726,-2.70898307176395,1.07840544105234,-2.51202652419896,0.012004006596003,0.550408010086307,-1.00645519466047,0.953507896005218
NACA,ENSG00000196531.14,protein_coding,343.418081230069,0.359539271434658,0.143338029606533,2.50833133692157,0.0121302862656506,0.550408010086307,0.216191551591909,0.91628069731862
MIDEAS,ENSG00000156030.13,protein_coding,20.5688502342709,-0.94423441956203,0.376622008553995,-2.50711428996763,0.0121721347170719,0.550408010086307,-0.401698636237626,0.956045253899506
ZNF787,ENSG00000142409.6,protein_coding,8.08877141936935,1.50015395081158,0.598450675577156,2.50672948002742,0.0121853930938432,0.550408010086307,1.08167889783723,0.870378725940802
DDX59,ENSG00000118197.14,protein_coding,5.10516986003598,1.68700861319793,0.675014548231185,2.49921815406585,0.0124467663140471,0.55748961725942,1.08359065795103,0.911972164960405
DEFA3,ENSG00000239839.7,protein_coding,9.78412227921078,-2.22730804745591,0.893945965758573,-2.49154661777112,0.0127188275062165,0.56492792173445,-0.891021704634071,
PDLIM7,ENSG00000196923.14,protein_coding,5.7212296500946,1.91370976314478,0.772003414626066,2.47888769257805,0.0131792796136817,0.580541820999367,1.18247080595066,0.887570013070269
CHST15,ENSG00000182022.18,protein_coding,4.79109417870896,1.77127465976423,0.718978933329504,2.4635974402778,0.0137550501945677,0.600937848664312,1.0558906134147,0.953507896005218
SSR3,ENSG00000114850.7,protein_coding,6.2317014627149,-1.70414784703243,0.693871895009405,-2.45599779914609,0.0140494017859643,0.608572661070577,-0.258901231172608,0.998086042062166
SLC35A4,ENSG00000176087.16,protein_coding,6.69590463835998,-1.60819764567607,0.655884117207484,-2.45195394046617,0.0142082847599064,0.608572661070577,-0.22725306865676,0.998086042062166
BET1L,ENSG00000177951.17,protein_coding,5.77227477290647,-1.80525707677518,0.736942179270611,-2.44965904728365,0.0142991543214504,0.608572661070577,-1.37961128016265,0.668581646012979
CPSF1,ENSG00000071894.17,protein_coding,6.99042660854343,-1.46626876305097,0.600243974956754,-2.44278797326805,0.0145742968991435,0.608572661070577,-0.638767241686714,0.953507896005218
EIF5A,ENSG00000132507.18,protein_coding,29.9296002440917,0.692116014645376,0.284556735070814,2.43226017642189,0.0150049246443623,0.608572661070577,0.436147600803549,0.911972164960405
SPRYD3,ENSG00000167778.9,protein_coding,13.2447421471346,-1.1637442613138,0.479003404915566,-2.42951145935785,0.015119186960362,0.608572661070577,-0.750624614551344,0.91628069731862
PRAG1,ENSG00000275342.5,protein_coding,5.06428783994181,-2.04714586174818,0.843975010411174,-2.42560009063638,0.0152831007955268,0.608572661070577,-0.186939747412419,0.998086042062166
LDLRAP1,ENSG00000157978.12,protein_coding,10.3238579599063,-1.6028716651229,0.661409134961971,-2.42341930341658,0.0153751687720195,0.608572661070577,-0.553579747984039,0.983262496850266
RIOK3,ENSG00000101782.15,protein_coding,76.3760375850785,-0.621625482339492,0.257019094328371,-2.41859650141516,0.0155805122528083,0.608572661070577,-0.282327323557089,0.953507896005218
LILRA1,ENSG00000104974.12,protein_coding,13.5247773289486,1.01383031763436,0.419424023800385,2.4171965841348,0.0156405675420757,0.608572661070577,0.509245169366504,0.953507896005218
BRD8,ENSG00000112983.18,protein_coding,6.17683856060101,-1.71133423932131,0.708401571229056,-2.41576855391808,0.0157020385936692,0.608572661070577,-1.05845442316714,0.870378725940802
ICE1,ENSG00000164151.12,protein_coding,12.0395224968634,1.19164257000548,0.493392526342292,2.41520190595423,0.0157264893830244,0.608572661070577,0.601694521091333,0.953507896005218
ARPC3,ENSG00000111229.16,protein_coding,97.8964397875977,0.501691722611503,0.207774196945332,2.41460070589759,0.0157524677022324,0.608572661070577,0.31219045643586,0.922405531070794
EIF3A,ENSG00000107581.13,protein_coding,91.8533657747306,-0.468591213384704,0.194329443337039,-2.41132380836389,0.0158947296068777,0.608572661070577,-0.333875807005709,0.819845711858572
KIF15,ENSG00000163808.17,protein_coding,7.00622862508678,-1.91104991589147,0.79255337777264,-2.41125704525065,0.0158976397393933,0.608572661070577,-1.42444773964979,0.668581646012979
ALOX5,ENSG00000012779.11,protein_coding,24.7044251040848,0.793120849089504,0.328997093639205,2.41072296510705,0.0159209365906296,0.608572661070577,0.494322657798883,0.91628069731862
CTSW,ENSG00000172543.9,protein_coding,7.67018546289345,1.3250565883152,0.549972298917125,2.40931514355211,0.0159824904107144,0.608572661070577,0.476549044381116,0.992587378328484
DSTYK,ENSG00000133059.17,protein_coding,4.82650590636939,-2.00348773673744,0.831578975976894,-2.40925732205273,0.0159850229924729,0.608572661070577,-0.610654750482864,0.992587378328484
ADIPOR1,ENSG00000159346.13,protein_coding,104.635288623419,-0.547179576166104,0.227946537082595,-2.40047330031532,0.0163738852089339,0.617135307435311,-0.0922728189154862,0.998086042062166
DOK2,ENSG00000147443.13,protein_coding,17.006871256513,-0.889357276284497,0.370957173931331,-2.39746617341097,0.0165089052101827,0.617135307435311,-1.00331851811429,0.287578339479249
RIOK2,ENSG00000058729.11,protein_coding,7.27635406524739,1.81620408573636,0.758473797290825,2.39455086282956,0.0166407352552742,0.617135307435311,1.52540700346642,
ZC3H6,ENSG00000188177.14,protein_coding,48.9271212588154,0.634866394390652,0.265425160078302,2.39188475652934,0.0167621046419441,0.617135307435311,0.326348162994379,0.953507896005218
ZNF562,ENSG00000171466.10,protein_coding,4.93142858284179,1.49041140515706,0.623264260911264,2.39129932298373,0.0167888592079025,0.617135307435311,1.04067807779607,0.887570013070269
SPTAN1,ENSG00000197694.18,protein_coding,78.2103768805543,-0.60814183075864,0.254615675171754,-2.38846972146712,0.0169187023831853,0.617648518509437,-0.215449398076517,0.992587378328484
CIR1,ENSG00000138433.16,protein_coding,16.9680562814465,0.866255218068145,0.363698413266916,2.38179542848983,0.0172284652957851,0.624678367527446,0.518400292655135,0.95182832588077
MAP1S,ENSG00000130479.11,protein_coding,9.2236314571318,-1.6323539960682,0.686128730328308,-2.37907833313892,0.0173559872977358,0.625050083087378,-1.33444163031859,0.535194134240098
DEF8,ENSG00000140995.17,protein_coding,8.32957920274136,1.49663576626569,0.630754270066574,2.37277151704058,0.0176551815300004,0.629254643922691,0.819012536782496,0.942191637017041
PRR12,ENSG00000126464.14,protein_coding,15.8637479384605,-1.10004263457281,0.464048122779835,-2.37053568492663,0.0177623291979532,0.629254643922691,-0.261886713362909,0.995521320397187
LARP1,ENSG00000155506.18,protein_coding,35.718071505126,-0.813754679457708,0.343473256892972,-2.3691937090499,0.0178269139272657,0.629254643922691,-0.357315745031376,0.953507896005218
PTK2B,ENSG00000120899.18,protein_coding,29.7247383603975,-0.626484156001063,0.26518664170788,-2.3624272775066,0.0181557031550717,0.633174431645502,-0.13662334961499,0.995521320397187
MCM6,ENSG00000076003.5,protein_coding,3.96601331294119,-2.11606842849827,0.896132899050577,-2.36133326958555,0.018209358059803,0.633174431645502,-1.14026226496971,0.91628069731862
UTP18,ENSG00000011260.14,protein_coding,4.52208312741912,1.48045307656503,0.627415329808733,2.35960615915512,0.0182943456798137,0.633174431645502,1.00214565900495,0.91628069731862
TFAP4,ENSG00000090447.12,protein_coding,5.55627219115834,1.59739579730784,0.678593892129126,2.35397903788366,0.0185736584659125,0.63502016835882,1.29508589820345,0.793227009754725
FTL,ENSG00000087086.15,protein_coding,417.185080787599,0.395301594744617,0.168133937444542,2.35111126731928,0.0187174358347857,0.63502016835882,0.139785414369665,0.992587378328484
FILIP1L,ENSG00000168386.19,protein_coding,4.76267252885445,-2.00416111908814,0.852598508514829,-2.35065051026098,0.0187406267154443,0.63502016835882,-0.90281781962109,0.95182832588077
YAF2,ENSG00000015153.15,protein_coding,4.78320733918357,1.48056004499102,0.630431965953376,2.3484850466807,0.018849956066975,0.63502016835882,0.951432162873027,0.91628069731862
AP2A1,ENSG00000196961.13,protein_coding,22.0640500156798,-0.838956598382938,0.357513468391392,-2.34664333670496,0.0189433783806853,0.63502016835882,-0.318024070497914,0.983262496850266
MAP3K11,ENSG00000173327.8,protein_coding,16.0299293296285,-0.997340856758564,0.425804992717682,-2.34224791586655,0.0191679777375999,0.638533258383797,-0.391231189548522,0.983262496850266
MXD4,ENSG00000123933.17,protein_coding,10.97474670111,-1.03364551699463,0.442797089491111,-2.33435481290665,0.0195771508088004,0.643280139008602,-0.599605350631733,0.922405531070794
DPP8,ENSG00000074603.19,protein_coding,12.0580248493182,1.10689027438556,0.475500613069624,2.32784195006597,0.0199204976210949,0.643280139008602,0.677204252303233,0.937780004132405
TYROBP,ENSG00000011600.12,protein_coding,60.065565618503,0.621860596248559,0.267303967956505,2.32641737794834,0.0199962954434539,0.643280139008602,0.322325604947576,0.953507896005218
SWT1,ENSG00000116668.13,protein_coding,9.68980226160552,-1.18705202750954,0.510415375390882,-2.32565883541515,0.0200367581607215,0.643280139008602,-0.633838792181702,0.922405531070794
PLCB2,ENSG00000137841.12,protein_coding,20.5964106101667,0.750323252536857,0.323454569286144,2.31971758566528,0.0203561598853398,0.643280139008602,0.352601998364926,0.979511700603372
UBXN7,ENSG00000163960.12,protein_coding,79.1290162972933,0.596950224498675,0.257427425815013,2.31890686320129,0.0204000869198609,0.643280139008602,0.379648019380059,0.91628069731862
AMPD3,ENSG00000133805.15,protein_coding,8.18510620745064,-1.64676391187803,0.710396830015023,-2.31809017481568,0.0204444207784239,0.643280139008602,-1.09490514516749,0.870378725940802
PCGF5,ENSG00000180628.15,protein_coding,22.3171819881902,-0.936528416116646,0.404063047534493,-2.31777793547602,0.0204613928565597,0.643280139008602,-0.57404453766372,0.91628069731862
SPAG9,ENSG00000008294.21,protein_coding,10.2618738164542,-1.41726536667278,0.611571288115942,-2.31741645530634,0.0204810568157121,0.643280139008602,-0.698933865898102,0.95182832588077
SH3BP2,ENSG00000087266.17,protein_coding,24.796629377523,0.684101188528055,0.295284910576224,2.31674956635301,0.0205173777920192,0.643280139008602,0.398851087596215,0.953507896005218
RBM26,ENSG00000139746.16,protein_coding,10.6528308611371,0.992910197863044,0.429517668818444,2.31168650312903,0.020794965709508,0.644724825469469,0.769086824043021,0.821049128875632
PSMB8-AS1,ENSG00000204261.9,lncRNA,9.25301977538892,1.07384844877447,0.464568249291319,2.31149771946875,0.0208053789832549,0.644724825469469,0.65821086165961,0.937780004132405
WDFY4,ENSG00000128815.19,protein_coding,16.2931096619028,0.849079310419092,0.368799832952658,2.30227683028285,0.0213195655969456,0.646574751942934,0.508974269419715,0.933716999806828
SMARCA4,ENSG00000127616.20,protein_coding,25.5436363035161,-0.981719072758365,0.426778685406749,-2.3003001469549,0.0214312213634602,0.646574751942934,-0.426397647716681,0.97236782393181
AHNAK,ENSG00000124942.14,protein_coding,269.44279245108,-0.365443576851834,0.15892313152893,-2.299498967432,0.0214766219407644,0.646574751942934,-0.193901251629252,0.95182832588077
RALBP1,ENSG00000017797.13,protein_coding,32.1072391792134,-0.696284978412989,0.303206888243138,-2.29640224352241,0.0216528928191227,0.646574751942934,-0.277115160032376,0.985425634239731
C1orf115,ENSG00000162817.7,protein_coding,35.4216414000436,-0.630128987217731,0.275273106535025,-2.28910479178087,0.0220732644837472,0.646574751942934,-0.321042784946849,0.953507896005218
FAM104A,ENSG00000133193.12,protein_coding,13.8213720089513,-1.02966641374788,0.449969255113307,-2.28830392753967,0.0221198279563347,0.646574751942934,-0.447342192563871,0.953507896005218
PCNX1,ENSG00000100731.16,protein_coding,5.47971273531509,-1.67667248497549,0.732839337403276,-2.28791277896813,0.0221426009699691,0.646574751942934,-0.407121216259765,0.992587378328484
ITGB2,ENSG00000160255.18,protein_coding,25.2475862739622,-0.89527943777003,0.391451555753518,-2.28707594748647,0.0221913905250173,0.646574751942934,-0.549882068916623,0.911972164960405
FTH1P10,ENSG00000223361.5,transcribed_processed_pseudogene,4.82872537446159,-1.76301179617641,0.771002591539946,-2.28664834012437,0.022216357272616,0.646574751942934,-0.664753676881761,0.979511700603372
ANKH,ENSG00000154122.14,protein_coding,4.94636643653352,1.40440429986762,0.614559551677101,2.28522084806115,0.0222998813467673,0.646574751942934,0.930754297637146,0.943319012471727
ENAH,ENSG00000154380.17,protein_coding,9.20975390209759,-1.33079106723058,0.582426635436677,-2.28490763687828,0.0223182441496718,0.646574751942934,-0.234546400475218,0.998086042062166
CDC34,ENSG00000099804.9,protein_coding,10.135130918161,-1.22278741287837,0.535168479659314,-2.28486441065586,0.0223207794291745,0.646574751942934,-0.612626803758688,0.95182832588077
HBA2,ENSG00000188536.13,protein_coding,267.987057008781,-0.558107944941215,0.244960022374304,-2.27836338163136,0.0227049362369596,0.650687098958949,-0.34997253958617,0.922405531070794
BMP2K,ENSG00000138756.19,protein_coding,16.8053631133835,-0.824972554585598,0.362969308682905,-2.27284383238668,0.0230355925611852,0.650687098958949,-0.298992797187227,0.992587378328484
ATG2A,ENSG00000110046.13,protein_coding,4.64774417184515,-2.01059301492135,0.884797010158414,-2.27237772261615,0.0230637060637012,0.650687098958949,-0.840632927673993,0.953507896005218
ACO2,ENSG00000100412.17,protein_coding,7.75131904742489,-1.42157393805332,0.628615594540762,-2.26143600381383,0.0237322713853348,0.650687098958949,-0.383134230751615,0.992587378328484
RNF8,ENSG00000112130.17,protein_coding,4.7410688494271,1.61681748547006,0.716078068419979,2.25787879391078,0.02395321705078,0.650687098958949,1.13817877735742,0.908438905389404
C22orf46,ENSG00000184208.12,transcribed_unitary_pseudogene,8.27367248666065,-1.61018255752098,0.713480811601307,-2.25679868517719,0.0240206569452044,0.650687098958949,-0.792856498972457,0.95182832588077
ZEB1,ENSG00000148516.23,protein_coding,51.0128863889184,-0.553601107814833,0.245785234777721,-2.25237739897391,0.0242984327365319,0.650687098958949,-0.406570852423738,0.857105051885908
FNBP1,ENSG00000187239.17,protein_coding,68.989239296229,0.437266136333346,0.194208533477692,2.2515289544863,0.0243520551355416,0.650687098958949,0.194191411180749,0.983262496850266
CYB5A,ENSG00000166347.19,protein_coding,3.50460431446166,1.76129096410323,0.782511470748461,2.25081807736132,0.0243970620993225,0.650687098958949,0.903112942749871,0.974821225214937
SERINC3,ENSG00000132824.14,protein_coding,7.41990580687571,-1.50681724917614,0.669696831084617,-2.24999907306677,0.0244490041512265,0.650687098958949,-0.998002426046288,0.870378725940802
ZNF317,ENSG00000130803.15,protein_coding,7.87961440490675,-1.54183786461476,0.685986256084162,-2.24762209292076,0.0246002975815271,0.650687098958949,-1.14495323092423,0.793227009754725
CCAR2,ENSG00000158941.16,protein_coding,13.7801736877622,-1.17158777936454,0.521420982326867,-2.24691337532347,0.0246455637415325,0.650687098958949,-0.500325908701365,0.983262496850266
TTC9,ENSG00000133985.3,protein_coding,6.50278192460056,1.29569593264746,0.577385991619825,2.24407233887414,0.0248277473712096,0.650687098958949,0.746923832972904,0.95182832588077
BTF3L4,ENSG00000134717.18,protein_coding,6.10993823364586,-1.75606117886094,0.782543294077194,-2.24404348251652,0.0248296037747412,0.650687098958949,-0.877362267652447,0.942199578987617
S100A11,ENSG00000163191.6,protein_coding,80.4536418122966,0.498534845534024,0.222274882766691,2.24287530524674,0.0249048566245879,0.650687098958949,0.282193480688861,0.95182832588077
UXS1,ENSG00000115652.15,protein_coding,42.3794422829279,0.79593837663879,0.354933353576979,2.24250093325243,0.0249290150599884,0.650687098958949,0.375598646027432,0.982003512507167
SBDSP1,ENSG00000225648.5,transcribed_unprocessed_pseudogene,4.9401288214263,1.54706953468865,0.691767256851361,2.23640179462999,0.0253254636985922,0.650687098958949,1.12941967723688,0.887570013070269
MZT2A,ENSG00000173272.16,protein_coding,4.61226155609719,1.66823937138605,0.746017572626997,2.23619313082878,0.0253391229880128,0.650687098958949,1.04158786803109,0.944724988138741
PRKCB,ENSG00000166501.14,protein_coding,80.5691111092342,0.446437922042321,0.199670691544379,2.23587106645091,0.0253602180787813,0.650687098958949,0.254890518644056,0.953507896005218
RNF7,ENSG00000114125.14,protein_coding,7.27153172129056,1.16308985697692,0.521363855237393,2.23086016664375,0.0256903930108396,0.650687098958949,0.836949474286861,0.91628069731862
QARS1,ENSG00000172053.18,protein_coding,24.451062878421,0.654877928244256,0.293746583423942,2.22939760051309,0.0257874617499788,0.650687098958949,0.245288547831938,0.992587378328484
ACTN4,ENSG00000130402.13,protein_coding,44.8715519438379,-0.767863947407225,0.344901551911282,-2.22632789893836,0.0259922260612491,0.650687098958949,-0.381731978578272,0.953507896005218
RCOR1,ENSG00000089902.10,protein_coding,8.78622016495029,-1.1751274122138,0.528546903164642,-2.22331718373108,0.0261944196116268,0.650687098958949,-0.490207009353927,0.983262496850266
MTCO1P12,ENSG00000237973.1,unprocessed_pseudogene,9.55466789294486,1.278603170744,0.57579223356467,2.22059815365744,0.0263781909805066,0.650687098958949,0.840345938141503,0.922405531070794
SMARCD2,ENSG00000108604.16,protein_coding,10.8387241258723,-1.19502686844099,0.538442102396999,-2.21941572384672,0.0264584549028474,0.650687098958949,-0.935264533095589,0.784543500352545
IGHA1,ENSG00000211895.5,IG_C_gene,4.83871098323709,1.40364485023654,0.63254846800519,2.21903130152711,0.0264845950911242,0.650687098958949,1.19402190410273,0.807403405623778
GLTP,ENSG00000139433.11,protein_coding,7.37497253483368,-1.37173666453599,0.618211409203737,-2.21887956791805,0.0264949189070485,0.650687098958949,-0.88406747041439,0.908438905389404
SMCHD1,ENSG00000101596.16,protein_coding,36.5953020824158,0.573561889891856,0.2585757480571,2.21815809951829,0.0265440545355921,0.650687098958949,0.293499264056655,0.97236782393181
GPS1,ENSG00000169727.12,protein_coding,13.0676978366952,1.17656087996699,0.531153803296311,2.21510393536734,0.0267529313907309,0.650687098958949,0.553906687493956,0.983262496850266
KLHDC4,ENSG00000104731.14,protein_coding,4.73375805787461,-2.05390704428547,0.927429509469516,-2.21462334691107,0.0267859281553269,0.650687098958949,-0.994544370077671,0.95182832588077
H3C3,ENSG00000287080.2,protein_coding,10.411349816117,-1.30810764915302,0.590859722814666,-2.21390559999862,0.0268352734378571,0.650687098958949,-1.3401398114365,0.397406762611455
H2AC8,ENSG00000277075.2,protein_coding,37.7239847619825,0.617524872596041,0.279128329841937,2.21233320510938,0.0269436503899338,0.650687098958949,0.175792277730307,0.995521320397187
PRDX2,ENSG00000167815.12,protein_coding,5.3793321875387,-1.64379938769011,0.744338162851123,-2.20840401544599,0.0272161221405765,0.650687098958949,-0.875270541315015,0.942191637017041
MAP4,ENSG00000047849.22,protein_coding,32.4677673768415,-0.743722604886387,0.336775612834034,-2.20836241266941,0.0272190197827056,0.650687098958949,-0.43240453786843,0.922405531070794
TNS1,ENSG00000079308.20,protein_coding,64.8375839861122,-0.580226103544347,0.262750470931047,-2.20827807268371,0.0272248948973878,0.650687098958949,-0.375689066055963,0.91628069731862
LGALS9,ENSG00000168961.17,protein_coding,19.1536357485352,0.739860996301714,0.335806875453162,2.20323361546214,0.027578287159272,0.650687098958949,0.199561756071189,0.995521320397187
ENOPH1,ENSG00000145293.16,protein_coding,4.85114598774859,1.44922784047561,0.658021875872033,2.20240070066826,0.0276370164381851,0.650687098958949,0.950370184943555,0.922405531070794
HVCN1,ENSG00000122986.14,protein_coding,6.73207104319364,-1.59771701611016,0.725490248762917,-2.20225842984731,0.0276470588100169,0.650687098958949,-0.200333329493134,0.998086042062166
CLTC,ENSG00000141367.12,protein_coding,33.6479088078536,-0.685208634544535,0.311227793137145,-2.20163060515162,0.0276914122318953,0.650687098958949,-0.487299061158844,0.870378725940802
EDF1,ENSG00000107223.13,protein_coding,29.7446461698306,0.712228606746832,0.323638943869809,2.20068882388067,0.0277580605489772,0.650687098958949,0.354127207661632,0.953507896005218
IRF2BPL,ENSG00000119669.5,protein_coding,6.63272975161154,-1.56664465197139,0.712662194598965,-2.19829908734388,0.0279277994081291,0.650687098958949,-0.0653752894967595,0.998086042062166
DIDO1,ENSG00000101191.17,protein_coding,10.0702734052331,-1.28095719492951,0.582949549360331,-2.19737230491919,0.0279938675551394,0.650687098958949,-0.71159527503757,0.937780004132405
TECPR2,ENSG00000196663.16,protein_coding,4.3928069664922,-2.02342162066196,0.921571200221037,-2.19562158645653,0.0281190398631706,0.650687098958949,-1.50056527654075,0.793227009754725
NIN,ENSG00000100503.26,protein_coding,34.9395157358972,-0.600538073334443,0.273950389700876,-2.19214170124074,0.0283692764520756,0.650687098958949,-0.322642962887751,0.953507896005218
RPS6KB2,ENSG00000175634.15,protein_coding,8.65943459734387,1.2756396845974,0.581981414056588,2.19189076109116,0.028387395351151,0.650687098958949,0.797282609521694,0.95182832588077
JDP2,ENSG00000140044.13,protein_coding,9.80621032908811,1.26233969478724,0.576375378237843,2.19013466301528,0.0285144719961072,0.650687098958949,0.728121167198354,0.953507896005218
TANGO2,ENSG00000183597.16,protein_coding,7.13589784800113,1.05212474609052,0.480592846302829,2.18922265319688,0.0285806609256684,0.650687098958949,0.506987799865876,0.983262496850266
YES1,ENSG00000176105.14,protein_coding,5.03193082610721,-1.8308970909938,0.836544429911394,-2.18864297642593,0.0286227995989084,0.650687098958949,-1.4129956724294,0.793227009754725
CCZ1,ENSG00000122674.12,protein_coding,5.3352189642659,1.35427555766848,0.618780371923908,2.18862074350835,0.0286244168500833,0.650687098958949,0.884180391511654,0.923167086406961
GABPB1,ENSG00000104064.18,protein_coding,3.53440736241787,-2.13580271853789,0.976247051903782,-2.18776867430519,0.0286864567960773,0.650687098958949,-0.3009776834081,0.998086042062166
IGF2R,ENSG00000197081.16,protein_coding,8.14007471032207,1.30003921327377,0.594358966535355,2.18729637554217,0.0287208951597692,0.650687098958949,0.896916852824708,0.894609228247739
NOTCH1,ENSG00000148400.13,protein_coding,9.63033656618306,2.04467576038614,0.93532284599166,2.18606416933856,0.0288109109482762,0.650687098958949,0.870343623620961,0.983262496850266
PSMB10,ENSG00000205220.12,protein_coding,6.40545963546507,-1.36536241689677,0.626249211129134,-2.18022217454775,0.0292409966690958,0.655385794205235,-0.668494102056762,0.953507896005218
EIF4ENIF1,ENSG00000184708.18,protein_coding,7.59443898518037,1.18432935642099,0.543470842352148,2.17919576199377,0.0293171286376773,0.655385794205235,0.73296487801572,0.95182832588077
CPNE5,ENSG00000124772.12,protein_coding,3.30976917123748,-2.41178044843686,1.1078953126757,-2.17690283625456,0.0294878177745836,0.655385794205235,-1.27982461779429,0.922405531070794
CALD1,ENSG00000122786.20,protein_coding,21.9213426555,-0.811911974051192,0.373097218622058,-2.17614051653826,0.0295447551209553,0.655385794205235,-0.325158043947814,0.983262496850266
TRIM23,ENSG00000113595.15,protein_coding,6.0492251956544,-1.67391947558738,0.770310754190305,-2.17304440640568,0.0297769752506209,0.655385794205235,-1.44303440532529,0.793227009754725
MAPKAPK3,ENSG00000114738.11,protein_coding,14.0914561920364,-1.03988064050698,0.479082569161984,-2.17056663598917,0.0299639464136123,0.655385794205235,-0.399024704713505,0.98373397062441
BSDC1,ENSG00000160058.19,protein_coding,9.60557127738581,-1.29041609176994,0.594522298139591,-2.17050915635625,0.0299682957441918,0.655385794205235,-0.25229995875938,0.995521320397187
SLC24A1,ENSG00000074621.14,protein_coding,8.63236684702512,-1.36115048022763,0.62766319098107,-2.16860013425367,0.0301130549818626,0.655385794205235,-0.656505024008541,0.953507896005218
CMTM6,ENSG00000091317.8,protein_coding,4.89696278557148,1.73367308374673,0.799504329593274,2.16843489093885,0.0301256134296965,0.655385794205235,1.00008953438937,0.953507896005218
HMBOX1,ENSG00000147421.18,protein_coding,10.7755255414557,1.03345995510964,0.478353697075937,2.16045148480493,0.0307377354909934,0.656434136478845,0.490275953118435,0.983262496850266
IFNGR2,ENSG00000159128.15,protein_coding,12.9135147503374,0.920133663293533,0.42601019008723,2.15988651141215,0.0307814562176361,0.656434136478845,0.699173403504398,0.870378725940802
MTRNR2L8,ENSG00000255823.5,protein_coding,11.60540326539,1.2689814912307,0.587532365051547,2.15984951079141,0.0307843213897532,0.656434136478845,1.11141026923538,0.784543500352545
GIMAP1,ENSG00000213203.3,protein_coding,14.8417711397436,-1.00038976486052,0.463211866577248,-2.15968077901926,0.0307973901702551,0.656434136478845,-0.152368731578939,0.998086042062166
MTRNR2L12,ENSG00000269028.3,protein_coding,24.5518137001686,1.34069904654656,0.621065918965378,2.15870651666091,0.0308729428997869,0.656434136478845,1.28120527113086,0.784543500352545
LUC7L2,ENSG00000146963.18,protein_coding,4.58523371086646,1.80609987491056,0.836857056534902,2.15819399598411,0.0309127520180469,0.656434136478845,1.52375609946456,0.836109825613973
CCT8,ENSG00000156261.13,protein_coding,12.4942049871811,-0.975628003558008,0.452407710917928,-2.15652381693158,0.0310427860841653,0.656579562811909,-0.606975379905003,0.91628069731862
SMIM5,ENSG00000204323.5,protein_coding,2.52656079155195,-2.53736963989388,1.18406885198051,-2.14292406699982,0.0321191961013337,0.674916389133012,-0.348811459652989,0.998086042062166
ATXN7L1,ENSG00000146776.15,protein_coding,5.22142431061207,1.37077844550224,0.639839372004089,2.14237901804748,0.0321629949042749,0.674916389133012,0.913532207937393,0.922405531070794
ELL,ENSG00000105656.13,protein_coding,5.68495330808011,1.61020568114177,0.756465075626998,2.12859222854029,0.0332880120450007,0.693385170030366,1.07633002145425,0.91628069731862
POLR3GL,ENSG00000121851.13,protein_coding,3.99115429105612,-1.65056028432174,0.775490689112268,-2.12840761016898,0.0333033027256611,0.693385170030366,-0.512401295823607,0.992587378328484
SOD1,ENSG00000142168.15,protein_coding,25.0619205646402,0.607303397474172,0.285835465933683,2.12466075716116,0.0336149301929255,0.6971501086704,0.427261945470082,0.908438905389404
GPX4,ENSG00000167468.18,protein_coding,57.4981330136149,0.541874984411205,0.255444626463385,2.12130116774594,0.0338964661746563,0.699959516491677,0.243172373675076,0.983262496850266
RAB11FIP3,ENSG00000090565.17,protein_coding,6.13236094039075,1.40117360081144,0.661063671835423,2.11957434738642,0.0340419577224016,0.699959516491677,1.16558753227025,0.793227009754725
MYH9,ENSG00000100345.22,protein_coding,431.451250102601,-0.321126512928936,0.151591850048356,-2.1183626482987,0.0341443666581306,0.699959516491677,-0.157127195172217,0.97236782393181
KPNA5,ENSG00000196911.11,protein_coding,15.6850186042455,0.766016434476753,0.362392712990785,2.11377438623119,0.0345345416399682,0.705176862031614,0.3260691663431,0.992587378328484
ZNF407,ENSG00000215421.10,protein_coding,5.36962043890939,1.48008852456907,0.701920917289605,2.10862575556842,0.0349768979389926,0.705176862031614,1.22162618222751,0.908438905389404
TREML1,ENSG00000161911.11,protein_coding,3.96603357904712,1.86046663880622,0.882352908934657,2.10852893436089,0.0349852626810267,0.705176862031614,0.720383969218543,0.992587378328484
ANTXR2,ENSG00000163297.18,protein_coding,2.7065018220309,-2.46599468612014,1.16983520692745,-2.10798467298401,0.0350323152242601,0.705176862031614,-1.49341125377812,0.922405531070794
DNAJC16,ENSG00000116138.13,protein_coding,3.83962728360663,1.52314477762104,0.722843215560375,2.1071578799287,0.0351038965932891,0.705176862031614,1.28614440430954,0.793227009754725
HIF1A,ENSG00000100644.17,protein_coding,17.4955051256647,-0.728019729981293,0.345666343818829,-2.10613426212783,0.035192691425968,0.705176862031614,-0.185518032043495,0.995521320397187
UTP6,ENSG00000108651.10,protein_coding,9.12181141923486,1.07909577564357,0.513270056089088,2.1023937844063,0.0355187952212699,0.705253858964776,0.453214593823148,0.992587378328484
PNN,ENSG00000100941.9,protein_coding,35.0305254316704,0.560788419994387,0.266817814325896,2.10176528659151,0.0355738413791806,0.705253858964776,0.361902266448019,0.922405531070794
DPYD,ENSG00000188641.14,protein_coding,13.2333491857308,-0.820405586209359,0.390382827485425,-2.10154117560406,0.0355934874411866,0.705253858964776,-0.367995254534055,0.973554781348489
YBX3,ENSG00000060138.13,protein_coding,92.6082426358831,-0.44427473643901,0.211991635762372,-2.09571823360527,0.0361071934062358,0.712782743908285,-0.186120111763533,0.985960375963918
SPTBN1,ENSG00000115306.16,protein_coding,177.062113537126,-0.468517779395764,0.223762175184877,-2.09382027596338,0.0362759932576942,0.713034798799222,-0.368762576337395,0.870378725940802
NDUFA3,ENSG00000170906.16,protein_coding,7.13208739029387,1.23272924123843,0.589098083952197,2.09257044763781,0.0363875169368459,0.713034798799222,0.781911888877321,0.95182832588077
MCRIP1,ENSG00000225663.8,protein_coding,5.41018350190702,-1.63290163980796,0.782626265117274,-2.08643858836411,0.0369389126067256,0.71963807447258,-1.05702520266267,0.91628069731862
RAVER1,ENSG00000161847.14,protein_coding,6.40470951941301,-1.43724877940704,0.689160013527494,-2.08550808403758,0.0370232051253765,0.71963807447258,-0.308822820758058,0.995521320397187
SCFD1,ENSG00000092108.22,protein_coding,11.8848162083112,0.853677460180559,0.40980505750555,2.08313061184951,0.037239319754928,0.71963807447258,0.583439297363164,0.922405531070794
VAPB,ENSG00000124164.16,protein_coding,29.8248150160301,0.678949254356114,0.325970687843968,2.08285370334005,0.0372645607043963,0.71963807447258,0.424145394974378,0.942191637017041
RN7SL4P,ENSG00000263740.2,misc_RNA,1167.57584335281,0.377588478709609,0.18164944485279,2.07866574552765,0.0376480835014022,0.72380259366981,0.204005528316242,0.983262496850266
IL32,ENSG00000008517.19,protein_coding,19.8930283488939,0.92188721188807,0.443801464414233,2.07725139687147,0.0377783623838819,0.72380259366981,0.406124476261043,0.992587378328484
UQCRB,ENSG00000156467.10,protein_coding,47.4168289285782,0.555205668033683,0.267431267390054,2.07606864168169,0.0378876029331852,0.72380259366981,0.288301271963852,0.953507896005218
MCU,ENSG00000156026.14,protein_coding,14.4486996782261,0.961597182469743,0.463818747687508,2.07321758179039,0.0381520348571104,0.724115935296309,0.705281812369459,0.887570013070269
USP10,ENSG00000103194.16,protein_coding,10.1338378649978,-1.05585154813137,0.509344122921963,-2.07296305310102,0.0381757181647773,0.724115935296309,-0.803823612418615,0.870378725940802
KRI1,ENSG00000129347.21,protein_coding,8.52458133496417,-1.24797560457964,0.603250831444579,-2.06875074103283,0.0385694830114482,0.728990583159642,-0.774517562896127,0.922405531070794
HADHA,ENSG00000084754.12,protein_coding,31.9834126178977,-0.58042751101761,0.281524221871517,-2.06173204976483,0.0392332534664548,0.738916045852311,-0.289593629987243,0.953507896005218
INO80D,ENSG00000114933.16,protein_coding,9.35687830283725,-1.05945081784192,0.514795063557104,-2.05800500595592,0.0395896528629404,0.742382097095185,-0.889355109152884,0.784543500352545
GNB5,ENSG00000069966.19,protein_coding,6.36216863251965,1.33534941444876,0.649581122546321,2.055708468273,0.0398106251843706,0.742382097095185,0.669136545806056,0.983262496850266
CD52,ENSG00000169442.9,protein_coding,67.7755588150631,0.460835009796711,0.22420103920341,2.05545438787467,0.0398351369173026,0.742382097095185,0.35492145254938,0.870378725940802
SLC25A37,ENSG00000147454.14,protein_coding,153.739613450338,-0.479053902858046,0.233314051335168,-2.05325783045043,0.0400475783606634,0.743440009227589,-0.0467529755707381,0.998086042062166
ZCCHC17,ENSG00000121766.16,protein_coding,11.8990530382686,0.846977680575684,0.412759648062301,2.05198760235362,0.0401708672903463,0.743440009227589,0.413376055181221,0.983262496850266
H2BC14,ENSG00000273703.2,protein_coding,9.07202949211975,0.908668637524369,0.443814557492565,2.04740611181866,0.0406182267861816,0.746797927541562,0.709753582323395,0.870378725940802
MTHFR,ENSG00000177000.13,protein_coding,5.45560342394687,1.1300275092558,0.55197060365633,2.04726031018743,0.0406325326429743,0.746797927541562,0.887560936149995,0.922405531070794
H1-3,ENSG00000124575.7,protein_coding,15.2173133485273,-0.815757730174636,0.399147435839562,-2.04375039628848,0.0409782117791374,0.747653674890674,-0.296518231977088,0.992587378328484
CRTC3,ENSG00000140577.16,protein_coding,9.45831478674179,-1.23806890868732,0.606816868343788,-2.04026778633633,0.0413236614501721,0.747653674890674,-0.912814187340453,0.870378725940802
XRCC1,ENSG00000073050.12,protein_coding,9.90659232243286,0.869191597855151,0.426072086891045,2.04001065687605,0.0413492643169528,0.747653674890674,0.28256104032971,0.995521320397187
RAPH1,ENSG00000173166.18,protein_coding,6.09071918841919,-1.59173832005028,0.780348110353391,-2.0397798097178,0.0413722616490151,0.747653674890674,-0.317035228850269,0.998086042062166
USP39,ENSG00000168883.20,protein_coding,7.86965301773,1.21887113383031,0.597819573268783,2.03886120216124,0.0414638820251176,0.747653674890674,0.723309518285333,0.953507896005218
LARP4,ENSG00000161813.22,protein_coding,9.30835445742086,0.962270908188178,0.472103461242963,2.03826276904366,0.0415236611177652,0.747653674890674,0.527157558023179,0.953507896005218
MYO10,ENSG00000145555.15,protein_coding,6.35337623549768,-1.49159243236954,0.732972444145731,-2.03499114364111,0.0418517641156329,0.747653674890674,-0.548952756352594,0.986083774774035
CREB1,ENSG00000118260.15,protein_coding,20.5877729377152,0.729754232241104,0.359102228109589,2.03216291940801,0.0421371654084848,0.747653674890674,0.41620147176693,0.953507896005218
TPI1,ENSG00000111669.15,protein_coding,46.4344292047531,0.550082650480196,0.270853937735998,2.03091989386679,0.0422631213587283,0.747653674890674,0.242035433657484,0.992587378328484
INTS8,ENSG00000164941.14,protein_coding,5.89201592147271,1.30296068184166,0.641737497930905,2.03036395105893,0.0423195581235314,0.747653674890674,0.809863110250401,0.95182832588077
MOV10,ENSG00000155363.18,protein_coding,5.79531806350733,-1.85151537524629,0.912434245109294,-2.0292041702408,0.042437499002373,0.747653674890674,-0.943202917198795,0.953507896005218
RAB11FIP1,ENSG00000156675.16,protein_coding,40.7375507780189,-0.544295385494345,0.268404995893349,-2.02788842913573,0.042571636341095,0.747653674890674,-0.578086112140483,0.483493776442193
YY1,ENSG00000100811.14,protein_coding,26.982730112811,-0.710859546078344,0.350574502538726,-2.02769893683246,0.0425909842326372,0.747653674890674,-0.230127125901512,0.992587378328484
PHF1,ENSG00000112511.18,protein_coding,8.79699527754985,-1.13168228372448,0.558745600465812,-2.02539811102052,0.0428265012706034,0.747653674890674,-0.994416753374464,0.793227009754725
DNA2,ENSG00000138346.15,protein_coding,2.52630108029017,-2.24735461338701,1.11017492051452,-2.02432479049828,0.042936744517826,0.747653674890674,0.116376680240018,0.998086042062166
APOBEC3A,ENSG00000128383.13,protein_coding,9.78388883351669,1.38170839915567,0.682847480963722,2.02345097210526,0.0430266734965559,0.747653674890674,0.542910660936356,0.995521320397187
VPS4B,ENSG00000119541.10,protein_coding,11.8433443128859,0.925188083619955,0.457314040943182,2.02309135689736,0.0430637294918268,0.747653674890674,0.541416072232005,0.953507896005218
FTH1,ENSG00000167996.16,protein_coding,878.08849308804,0.339440587203884,0.168011192217018,2.02034508966184,0.0433476048408945,0.74816309829427,0.169761037806105,0.983262496850266
DLAT,ENSG00000150768.17,protein_coding,5.04723774300331,-1.87236933738743,0.927458494175791,-2.018817390908,0.0435062028178295,0.74816309829427,-1.59658044266129,0.870378725940802
SLC9A3R2,ENSG00000065054.14,protein_coding,101.956576504929,-0.611208431140459,0.302767179764014,-2.01874070900569,0.0435141764486348,0.74816309829427,-0.406929484478148,0.922405531070794
C5AR1,ENSG00000197405.8,protein_coding,4.64457059095724,1.2010617845264,0.595688715186116,2.01625740744668,0.0437730662357834,0.750194350600403,0.523746387402305,0.992587378328484
MXD1,ENSG00000059728.11,protein_coding,24.5577783583051,-0.85229438010644,0.423936792627447,-2.01042795748901,0.0443859139760105,0.754883212679154,-0.656626903702726,0.870378725940802
RNF10,ENSG00000022840.17,protein_coding,38.9542447451304,-0.627571795382152,0.312296701742374,-2.00953705844726,0.044480208679254,0.754883212679154,-0.0980819459764026,0.998086042062166
PARP10,ENSG00000178685.14,protein_coding,6.82504660002654,-1.28451655942363,0.639425043902223,-2.00886182309126,0.0445517896176009,0.754883212679154,-0.503188740303728,0.983262496850266
UBB,ENSG00000170315.14,protein_coding,201.194956170459,-0.385809080987938,0.192108872435928,-2.00828351182277,0.0446131729819762,0.754883212679154,-0.196370160807568,0.969245942057854
KRT10,ENSG00000186395.9,protein_coding,2.88569821233362,1.81730956537337,0.906039796943702,2.00577234190331,0.0448805428358314,0.757004092768928,2.23286316453416,0.275423014060019
FLOT2,ENSG00000132589.16,protein_coding,27.9406118127578,-0.598858603303878,0.29888690670055,-2.00362943266653,0.0451097705839157,0.758470275117573,-0.173049281305893,0.992587378328484
NDUFB1,ENSG00000183648.11,protein_coding,11.5361028591067,0.787921879659227,0.393994905528624,1.99982758305484,0.0455188850217045,0.76032550314576,0.42330526713226,0.98063303315043
E2F2,ENSG00000007968.7,protein_coding,5.22110664749795,-1.7720672233952,0.886201610590913,-1.99962085626723,0.0455412200948605,0.76032550314576,-1.39718300006657,0.908438905389404
LSM 1.00,ENSG00000175324.10,protein_coding,5.56379825408812,1.20544204842857,0.603995173665844,1.99578092836793,0.0459577736038979,0.76032550314576,0.75050366427116,0.953507896005218
LARS1,ENSG00000133706.19,protein_coding,13.3283322022947,0.890569021553525,0.44627663256908,1.99555378113075,0.0459825146336125,0.76032550314576,0.295933564212162,0.995521320397187
HK1,ENSG00000156515.24,protein_coding,33.1629375055734,-0.614863772391105,0.308149002077172,-1.99534565501244,0.0460051937177936,0.76032550314576,-0.0883186189322158,0.998086042062166
GABPB2,ENSG00000143458.12,protein_coding,8.2314332379971,-1.24439922572264,0.624033606448412,-1.99412213198731,0.046138709125139,0.76032550314576,-0.604370229160286,0.953507896005218
RNF24,ENSG00000101236.17,protein_coding,4.52407435573534,1.45928522597494,0.732061752378095,1.99339088708633,0.0462186609792169,0.76032550314576,0.948610485974351,0.95182832588077
KIF1C,ENSG00000129250.12,protein_coding,63.341053600419,-0.616080770662804,0.309369876938382,-1.99140516445791,0.0464363619353312,0.761317357831881,-0.659742848126684,0.535194134240098
CD55,ENSG00000196352.16,protein_coding,7.50378462242879,-1.51771643703209,0.762580033113515,-1.99023888789149,0.0465646263889668,0.761317357831881,-0.790148388253213,0.953507896005218
CARD11,ENSG00000198286.10,protein_coding,25.0504872799837,-0.745404892550375,0.374995690385741,-1.98776922418391,0.046837218914774,0.76343234500228,-0.13373546564896,0.998086042062166
FCF1,ENSG00000119616.11,protein_coding,4.54834487482893,-1.4416755611041,0.726315812332967,-1.984915565136,0.047153866335888,0.76625032795818,-0.713069497001428,0.967795964188399
PHC2,ENSG00000134686.19,protein_coding,9.24190681455813,0.938315296164704,0.473940911282119,1.97981493858875,0.0477243271562292,0.767170652442605,0.52243143195041,0.979511700603372
5S_rRNA,ENSG00000285609.1,rRNA_pseudogene,2.08020378138686,2.0849074810431,1.05420203252982,1.97771149808908,0.0479612623983953,0.767170652442605,1.02514736156045,0.983262496850266
DNAJC7,ENSG00000168259.17,protein_coding,16.2681434821222,-0.797422050805263,0.403289800696026,-1.977292878295,0.048008534216762,0.767170652442605,-0.483062787769752,0.952925194935994
DDB1,ENSG00000167986.15,protein_coding,18.0059579751725,-0.745374172177817,0.377090886477941,-1.97664329451096,0.04808196469738,0.767170652442605,0.0720623427330463,0.998086042062166
TUBGCP2,ENSG00000130640.15,protein_coding,7.40264454159619,1.04935186538278,0.53103404878498,1.97605382890932,0.0481486809264205,0.767170652442605,0.851232492599255,0.870378725940802
CAMK1,ENSG00000134072.11,protein_coding,4.61598970400301,-1.56934521489705,0.794825980199671,-1.97445133147612,0.048330446203274,0.767170652442605,-0.415964835530001,0.995521320397187
KIAA0930,ENSG00000100364.19,protein_coding,24.8226673110775,-0.669054123492921,0.338985825216629,-1.97369351082855,0.048416603486415,0.767170652442605,-0.526569314729283,0.908438905389404
TCF25,ENSG00000141002.20,protein_coding,20.3994356553329,0.758373412364044,0.384658746501246,1.9715485979768,0.0486611600170749,0.767170652442605,0.550770859282896,0.922405531070794
RNA5SP202,ENSG00000201185.1,rRNA_pseudogene,25.5375188327484,0.847244787278137,0.429747729760208,1.971493340409,0.048667473998741,0.767170652442605,0.634027562887072,0.922405531070794
EXOC6B,ENSG00000144036.16,protein_coding,20.2815063791072,0.871834886113296,0.442423543939321,1.97058881259011,0.0487709273029195,0.767170652442605,0.541172974971196,0.95182832588077
SCRIB,ENSG00000180900.20,protein_coding,5.89976158653379,-1.32529262538857,0.672604486223888,-1.97038921466163,0.0487937807088261,0.767170652442605,-0.333560712780446,0.995521320397187
OSGIN2,ENSG00000164823.11,protein_coding,4.0337322281452,-1.89633884160522,0.965227659572377,-1.96465447586257,0.0494542422922134,0.773954269774476,-1.71290158923501,0.784543500352545
SUPT5H,ENSG00000196235.14,protein_coding,42.9404060062273,-0.539909563971032,0.274885602632482,-1.96412456236525,0.049515648403958,0.773954269774476,-0.252259500831841,0.983262496850266
SLMAP,ENSG00000163681.16,protein_coding,13.4499967529285,-0.783239211942205,0.399948756146033,-1.95834891321982,0.0501890849445319,0.775875213296123,-0.595836092968543,0.922405531070794
RNF168,ENSG00000163961.4,protein_coding,27.7681694146315,0.582478216430921,0.297466688352461,1.95812922669431,0.0502148510573448,0.775875213296123,0.361350390217494,0.95182832588077
TMED2,ENSG00000086598.11,protein_coding,11.7901904652197,0.845891231465359,0.432000607391711,1.95807880126048,0.0502207668096194,0.775875213296123,0.32879469425218,0.992587378328484
HNRNPA3,ENSG00000170144.21,protein_coding,50.1347167979502,-0.4443993028135,0.227116294211685,-1.9567037422656,0.0503823096688321,0.775875213296123,-0.129307476867493,0.995521320397187
CREG1,ENSG00000143162.9,protein_coding,10.0312315793236,-0.960875408200256,0.49131720833566,-1.95571291193978,0.050498982833105,0.775875213296123,-0.807793267912604,0.870378725940802
RHOQ,ENSG00000119729.12,protein_coding,9.70572807673311,-0.97815719068079,0.500181908491439,-1.95560289981486,0.0505119510344755,0.775875213296123,-0.826272584838823,0.870378725940802
CASP2,ENSG00000106144.20,protein_coding,6.42398601710492,-1.26248727531505,0.646038207670965,-1.95419908656246,0.0506776773120487,0.776183965727642,-0.45361027792476,0.992587378328484
WWTR1,ENSG00000018408.15,protein_coding,15.2714405933652,-0.955519316376354,0.490143545624361,-1.94946832393597,0.0512395220592508,0.780804808340509,-0.640064897097573,0.922405531070794
ATP11B,ENSG00000058063.16,protein_coding,7.83111590018387,-1.21449701135288,0.623083342923783,-1.94917265105166,0.0512748098558478,0.780804808340509,-1.10491635502542,0.784543500352545
VMP1,ENSG00000062716.13,protein_coding,9.03998570348403,0.890276750525601,0.457203496827976,1.94722209410522,0.0515081139700285,0.780804808340509,0.644777149462724,0.91628069731862
SCAF1,ENSG00000126461.15,protein_coding,12.294677009742,-0.945434540209177,0.48564895225386,-1.94674473366305,0.0515653456915308,0.780804808340509,-0.50262278761574,0.953507896005218
CYRIB,ENSG00000153310.19,protein_coding,23.1073357810255,0.623021684499801,0.320576343338546,1.94344248241005,0.0519627185590389,0.784379659340325,0.216810515704488,0.992587378328484
NEK6,ENSG00000119408.17,protein_coding,10.0674891410964,-1.06402695217384,0.547806292448004,-1.94234160293957,0.0520957597385507,0.784379659340325,-0.0488674347122504,0.998086042062166
FNBP1L,ENSG00000137942.18,protein_coding,2.94598341172739,-2.02817798039108,1.04496332119667,-1.94090829721033,0.0522694014271745,0.784777210160112,-0.423029520083273,0.995521320397187
NAB1,ENSG00000138386.17,protein_coding,7.26190523674551,0.924501316221265,0.476712264315918,1.93932773587842,0.0524614436603495,0.785448018847368,0.692247944377585,0.922405531070794
PPP1R9B,ENSG00000108819.11,protein_coding,54.9215755407969,0.41144311641777,0.212603513254911,1.93526019452205,0.052958374369427,0.790667045907691,0.183225602412715,0.992587378328484
SNX19,ENSG00000120451.11,protein_coding,5.83333431396929,1.69171089090597,0.875367799552204,1.93257153367004,0.0532890019845015,0.790937579941292,1.03338578706348,0.983262496850266
RHOT1,ENSG00000126858.19,protein_coding,18.383928644014,0.656781576210609,0.339912836939683,1.93220586231391,0.0533341019110767,0.790937579941292,0.0252385287358815,0.998086042062166
TNIK,ENSG00000154310.17,protein_coding,14.9746274690668,0.896427998705731,0.464722469809158,1.92895342261771,0.0537366447973351,0.790937579941292,0.518950106878208,0.953507896005218
FBRSL1,ENSG00000112787.14,protein_coding,15.4017237996566,-0.992205084921962,0.514440513204414,-1.92870712833557,0.0537672308046863,0.790937579941292,-0.594797660780441,0.947543342162046
PPP1R21,ENSG00000162869.16,protein_coding,5.27423366894803,-1.3543584401159,0.702370247362639,-1.9282685239038,0.0538217347975041,0.790937579941292,-0.212998189089655,0.998086042062166
HMGN4,ENSG00000182952.5,protein_coding,10.1175080895914,0.825001082098509,0.427926054317488,1.92790570654626,0.0538668558196415,0.790937579941292,0.522397315060076,0.953507896005218
BICD2,ENSG00000185963.14,protein_coding,10.4158999536492,-1.0805915808354,0.561003873855985,-1.92617490037653,0.0540825387455242,0.791922888773747,0.278928293535009,0.995521320397187
ARL6IP1,ENSG00000170540.15,protein_coding,7.68107736196889,1.03138619637623,0.53607568199777,1.92395631999685,0.0543600588009109,0.793805790161247,0.576465411347987,0.954450508911057
GOLM2,ENSG00000166734.20,protein_coding,11.4543447710207,0.959759269919671,0.499487899264726,1.92148652916815,0.0546703990383712,0.794064536157934,0.662621824049383,0.922405531070794
ACTBP2,ENSG00000213763.4,processed_pseudogene,8.75458871161558,1.07466869617869,0.559304122261241,1.9214388977393,0.0546763986334573,0.794064536157934,0.546036408997592,0.983262496850266
CFAP97,ENSG00000164323.14,protein_coding,5.91834766521357,0.98303708671596,0.511928424607649,1.92026275444537,0.0548247184439249,0.794064536157934,0.629086632466408,0.953507896005218
IDE,ENSG00000119912.18,protein_coding,4.49060912615506,1.29799925827985,0.677178722249604,1.91677501910849,0.0552665198840089,0.798294176102351,0.76570767727948,0.953507896005218
UBQLN4,ENSG00000160803.8,protein_coding,5.80840595503054,1.54942447483637,0.810538085994714,1.91159983917952,0.0559275399852878,0.799951056523205,1.13992858193274,0.91628069731862
CCDC124,ENSG00000007080.11,protein_coding,6.44525772560485,-1.31974296047315,0.69095603435304,-1.91002450931464,0.0561300576885465,0.799951056523205,0.127348502673761,0.998086042062166
TRRAP,ENSG00000196367.14,protein_coding,13.945057031841,0.8742746988128,0.457948929488595,1.90910960265619,0.0562479542469666,0.799951056523205,0.456962646442798,0.982003512507167
NBPF14,ENSG00000270629.6,protein_coding,6.93273065145396,-1.04629682652479,0.548384940914619,-1.90796053731842,0.05639631693595,0.799951056523205,-0.348692821813919,0.992587378328484
CHTOP,ENSG00000160679.13,protein_coding,7.84787985049511,0.988920204197946,0.518556987939938,1.90706176408231,0.056512589846338,0.799951056523205,0.609029645251029,0.953507896005218
TFG,ENSG00000114354.15,protein_coding,7.07927477332111,1.20596346439645,0.632891710256614,1.90548153001953,0.0567175061008868,0.799951056523205,0.471496615038028,0.992587378328484
VPS8,ENSG00000156931.16,protein_coding,7.46045951085384,1.16850451364862,0.61332188564564,1.90520596280131,0.0567533034142467,0.799951056523205,0.324415763925731,0.997878976321691
R3HDM4,ENSG00000198858.10,protein_coding,31.6086896740451,-0.667820032134185,0.350825119914197,-1.90356959700467,0.0569662615533882,0.799951056523205,-0.269494195175764,0.992587378328484
GAK,ENSG00000178950.17,protein_coding,17.1650278709065,-0.767344864318924,0.403595879766282,-1.90127031218278,0.0572666155564068,0.799951056523205,-0.607059498692376,0.8732085726272
ARMH3,ENSG00000120029.13,protein_coding,4.82610780041702,-1.53832090848675,0.809480931093628,-1.90037942760238,0.0573833446744904,0.799951056523205,-0.0946974855721824,0.998086042062166
LENG8,ENSG00000167615.17,protein_coding,7.58153901064076,-1.37847986487176,0.725375572213405,-1.90036708937616,0.0573849626920194,0.799951056523205,-1.01176208239965,0.908438905389404
PAPOLA,ENSG00000090060.19,protein_coding,32.8896404476687,0.512430700243521,0.26985410233957,1.89891758472771,0.0575753128907122,0.799951056523205,0.399570509600453,0.922405531070794
ZRANB1,ENSG00000019995.6,protein_coding,13.2204508641203,-0.942046400037376,0.496099869308257,-1.89890475349435,0.0575770002405224,0.799951056523205,-0.632136839519792,0.922405531070794
CNP,ENSG00000173786.17,protein_coding,5.67418772396239,1.07310174310478,0.565276028026999,1.89836768215745,0.0576476637892978,0.799951056523205,1.01185074095399,0.784543500352545
OARD1,ENSG00000124596.17,protein_coding,5.97504531353168,1.22859568027001,0.64737023243576,1.89782541536913,0.0577190840458791,0.799951056523205,1.09570614482545,0.870378725940802
ATP5PO,ENSG00000241837.7,protein_coding,14.5973096013892,0.849759938155854,0.447896523860387,1.89722378470776,0.0577984089889982,0.799951056523205,0.291693855276624,0.995521320397187
BIN2,ENSG00000110934.13,protein_coding,80.2960489648397,0.397903071085884,0.209871589452139,1.89593585355976,0.0579685272367726,0.799951056523205,0.21536775015069,0.967795964188399
OGA,ENSG00000198408.14,protein_coding,24.3995052528003,0.582564512213556,0.307486596841683,1.89460131985364,0.0581452398144635,0.799951056523205,0.528853973939624,0.870378725940802
MYCBP2,ENSG00000005810.19,protein_coding,35.8324742721806,-0.495382731313397,0.261561853337857,-1.89394105062222,0.0582328348838656,0.799951056523205,-0.181557414720418,0.992587378328484
ARPC4,ENSG00000241553.13,protein_coding,5.20235367341109,1.23964163952699,0.655140624562095,1.89217641686559,0.0584674794166182,0.801109679410218,0.67499846045452,0.982003512507167
UBXN4,ENSG00000144224.17,protein_coding,17.6783667576913,0.745013996154014,0.39435257829158,1.88920787428745,0.0588639800327438,0.804049973565224,0.315263951755707,0.992587378328484
NPL,ENSG00000135838.14,protein_coding,7.82337357622236,-1.17360846593556,0.621511213261938,-1.88831422650606,0.0589837785485934,0.804049973565224,-1.02937458077202,0.870378725940802
Y_RNA,ENSG00000200314.1,misc_RNA,4.47407745914668,1.23452850396044,0.654867020076794,1.88515907216655,0.0594083646477073,0.807771896868061,0.934050394282877,0.922405531070794
DYNC1LI1,ENSG00000144635.9,protein_coding,8.12172264279803,0.893959983290362,0.47502343809279,1.88192815680758,0.0598457708336163,0.810263752133872,0.671347106605391,0.922405531070794
AK2,ENSG00000004455.17,protein_coding,12.3534792455923,-0.836652022588054,0.445004774508038,-1.88009673269908,0.0600948956989516,0.810263752133872,-0.150979553766145,0.998086042062166
NCOA4,ENSG00000266412.6,protein_coding,93.0960852839881,-0.409925342366118,0.218429983627206,-1.87668989192316,0.0605606088246146,0.810263752133872,-0.185089107126164,0.992587378328484
NIPBL,ENSG00000164190.19,protein_coding,42.1475244750117,-0.501939478824924,0.267574539558955,-1.87588654605283,0.0606708604568077,0.810263752133872,-0.204032368534475,0.992587378328484
TMCC1,ENSG00000172765.18,protein_coding,7.33883350222144,1.03158754597879,0.550392150005334,1.87427736018544,0.0608922063069396,0.810263752133872,0.999547947101769,0.784543500352545
ETV6,ENSG00000139083.11,protein_coding,10.0877451520609,-0.885933742064024,0.472704650188169,-1.87418029780617,0.0609055787440121,0.810263752133872,-0.216478714509127,0.995521320397187
MFSD1,ENSG00000118855.21,protein_coding,3.54985278646623,-1.72967530508214,0.9230630225864,-1.87384313178924,0.0609520495434637,0.810263752133872,-1.35959642790493,0.908438905389404
FKBP8,ENSG00000105701.16,protein_coding,102.874261412271,-0.333894348923202,0.178252292000352,-1.8731559924208,0.0610468472796457,0.810263752133872,-0.234247814295164,0.922405531070794
TBC1D22B,ENSG00000065491.8,protein_coding,2.78731971312377,-1.78533465361042,0.953124800032608,-1.87313839021851,0.0610492772825958,0.810263752133872,0.125060776243736,0.998086042062166
C2CD3,ENSG00000168014.18,protein_coding,8.5827982886994,1.07895331441459,0.576152967324866,1.87268551166937,0.0611118252078455,0.810263752133872,0.556098138125154,0.983262496850266
SLC7A5,ENSG00000103257.9,protein_coding,4.17202030965436,-1.79998856873075,0.96265370839406,-1.86981938887824,0.0615089029512823,0.811579152114881,-1.7206708369168,0.784543500352545
SSB,ENSG00000138385.16,protein_coding,11.6707361614915,-0.889748107341644,0.475859295968013,-1.86977141117246,0.0615155680027039,0.811579152114881,-0.290099162105335,0.992587378328484
KLRB1,ENSG00000111796.4,protein_coding,6.49768652868012,1.26044392117198,0.675267280460796,1.86658521394945,0.06195953400516,0.815418064808649,0.869359990313945,0.940022439748038
MKRN1,ENSG00000133606.11,protein_coding,157.974533062594,-0.446396027646874,0.239557028982243,-1.86342279140539,0.0624028059070524,0.816835524812623,-0.0291662829444823,0.998086042062166
DIS3,ENSG00000083520.15,protein_coding,9.22333141736175,0.923301771094397,0.495665227138143,1.8627527624347,0.0624970588087048,0.816835524812623,0.758246114471682,0.8732085726272
AMBRA1,ENSG00000110497.15,protein_coding,6.36436313730455,-1.38601080647801,0.744239581240344,-1.86231805108793,0.0625582725586295,0.816835524812623,-0.606679593491195,0.983262496850266
S100A12,ENSG00000163221.9,protein_coding,8.61856152638932,0.959403797793501,0.515405901538693,1.86145287612985,0.0626802494649836,0.816835524812623,0.695724896646615,0.922405531070794
IPO7,ENSG00000205339.10,protein_coding,17.3392185955074,-0.713823093788202,0.38395764241299,-1.85911937916424,0.0630102189670845,0.817210957824124,-0.472121737247241,0.95182832588077
LILRB3,ENSG00000204577.11,protein_coding,5.14148969053002,1.48193019854564,0.797130656942325,1.85908067346212,0.0630157042524793,0.817210957824124,0.83482403236124,0.982590661581633
ZC3H13,ENSG00000123200.17,protein_coding,51.5003430025622,-0.520999997429473,0.281087733236775,-1.8535138173056,0.0638087475526765,0.825486952562539,-0.21258663166422,0.992587378328484
EMB,ENSG00000170571.12,protein_coding,19.2111831841711,0.648327075301587,0.350089967580752,1.85188704429824,0.0640420447238902,0.825872441595314,0.161518048127039,0.998086042062166
OXSR1,ENSG00000172939.9,protein_coding,12.1214793569594,0.768218320285813,0.41499590007462,1.85114677072154,0.0641484410544953,0.825872441595314,0.440518142137047,0.979511700603372
EIF3I,ENSG00000084623.12,protein_coding,17.9375962541664,0.642586215841341,0.34750113076621,1.84916294926723,0.0644342869482936,0.827553613094951,0.528140070594063,0.91628069731862
TTC39C,ENSG00000168234.13,protein_coding,9.17134972141856,0.851759782726167,0.462079125165883,1.84332019417755,0.0652822743924804,0.834126509401656,0.35690588625886,0.992587378328484
RBM15B,ENSG00000259956.2,protein_coding,11.2158036284089,-0.978754280345367,0.531083246631986,-1.84293947616012,0.0653378477473024,0.834126509401656,-0.579172510585043,0.953507896005218
NELFE,ENSG00000204356.14,protein_coding,7.4324257663915,-1.17698367307467,0.6391190768476,-1.84157180674381,0.0655378081427017,0.834126509401656,-0.422579186352009,0.992587378328484
CPEB4,ENSG00000113742.14,protein_coding,22.978557105182,-0.759758346718363,0.412792393380915,-1.84053378623495,0.0656899087020081,0.834126509401656,-0.647645719480798,0.870378725940802
PSMD12,ENSG00000197170.10,protein_coding,6.57575369565839,-1.16125508095784,0.631208600245827,-1.83973266604033,0.0658074952401943,0.834126509401656,-0.315946465928614,0.995521320397187
PDCD5,ENSG00000105185.12,protein_coding,9.68964229499863,0.822584224587422,0.447249884815734,1.83920500041341,0.0658850394855717,0.834126509401656,0.408695673126846,0.98373397062441
H4C3,ENSG00000197061.5,protein_coding,19.6239856111419,0.590575256510364,0.322213215546044,1.83287099354238,0.0668217583128535,0.834644697512205,0.432069103136986,0.922405531070794
CALM3,ENSG00000160014.17,protein_coding,84.7573180371258,-0.3799829843169,0.207424273965822,-1.83191184451012,0.0669645555994213,0.834644697512205,-0.21921784364119,0.953507896005218
QSER1,ENSG00000060749.16,protein_coding,7.92475796983845,-1.15124164907726,0.62906258890749,-1.83009078806713,0.0672363641980674,0.834644697512205,-0.835938859087409,0.91628069731862
ARL4A,ENSG00000122644.13,protein_coding,13.9573144996769,-0.744773089909519,0.40706257001799,-1.82962803452208,0.0673055787098184,0.834644697512205,-0.245800503308251,0.995521320397187
RNA5SP145,ENSG00000199994.1,rRNA_pseudogene,115.125819716671,0.806569071443237,0.44107289818258,1.82865253060586,0.0674516779076707,0.834644697512205,0.723064969857024,0.870378725940802
CISH,ENSG00000114737.16,protein_coding,9.81988725222435,0.783341994778206,0.428510906712444,1.82805614164653,0.0675411263113101,0.834644697512205,0.360256974820293,0.992587378328484
FAM78A,ENSG00000126882.13,protein_coding,13.4052620125035,0.671821623851569,0.367742400199968,1.82688105447251,0.067717655397664,0.834644697512205,0.424166493284542,0.953507896005218
TENT5C,ENSG00000183508.5,protein_coding,171.427840720074,-0.506459069947356,0.277390122580227,-1.82580066383178,0.0678802932969899,0.834644697512205,-0.0100222233640762,0.998086042062166
AZIN1,ENSG00000155096.15,protein_coding,16.7059705422866,0.739472814194114,0.405213879220482,1.82489507915339,0.068016863950606,0.834644697512205,0.405294334366658,0.97236782393181
PYGL,ENSG00000100504.17,protein_coding,8.77269600550026,-1.14379018900543,0.626795076047777,-1.82482318817425,0.0680277154581213,0.834644697512205,-0.456619073987819,0.992587378328484
ATXN1,ENSG00000124788.19,protein_coding,15.8568498441335,0.867848311869099,0.475596161753939,1.82475886405093,0.0680374260014126,0.834644697512205,0.590836565479772,0.95182832588077
ARHGAP30,ENSG00000186517.14,protein_coding,109.858213067901,-0.367625120836458,0.201977251265669,-1.82013131940738,0.0687390091022865,0.834644697512205,-0.331428904548142,0.870378725940802
ZNF766,ENSG00000196214.11,protein_coding,9.32099276920295,-1.02324304633472,0.562228613519138,-1.8199768238937,0.0687625343754274,0.834644697512205,-0.460923508290879,0.983262496850266
FECH,ENSG00000066926.13,protein_coding,93.4047276847087,-0.463726351018831,0.254862165888687,-1.81951820664259,0.0688324077133363,0.834644697512205,0.0123781547474083,0.998086042062166
PSME1,ENSG00000092010.15,protein_coding,58.0796412141968,0.461997531920908,0.253952899991839,1.81922526553449,0.0688770697340123,0.834644697512205,0.204337663626008,0.992587378328484
CNBP,ENSG00000169714.17,protein_coding,84.8412155063492,0.38579351168462,0.212191708010561,1.81813660534472,0.0690432563956483,0.834644697512205,0.193989074625667,0.983262496850266
RNA5S9,ENSG00000201321.1,rRNA,164.037409336468,0.773064808228486,0.425516222898878,1.81676929486235,0.0692524462328365,0.834644697512205,0.684122017267869,0.8732085726272
KDM3A,ENSG00000115548.17,protein_coding,10.7588535349938,-0.977603879245021,0.538274904923688,-1.81617955862835,0.0693428326844911,0.834644697512205,-0.632045607931462,0.95182832588077
ZMAT3,ENSG00000172667.11,protein_coding,3.87307738833439,-1.63665586412816,0.901281346621321,-1.8159211552126,0.0693824676301389,0.834644697512205,-0.45654377702546,0.995521320397187
CHPT1,ENSG00000111666.11,protein_coding,4.49547568561759,1.11571396123079,0.614847792411665,1.8146181461505,0.0695826118866849,0.834644697512205,0.915693178147004,0.908438905389404
NRAS,ENSG00000213281.5,protein_coding,10.5042706773214,-0.809071147866424,0.445881822060074,-1.81454167413315,0.0695943728212665,0.834644697512205,-0.442797333135132,0.953507896005218
HLA-F,ENSG00000204642.14,protein_coding,13.1664915941346,0.814003506604343,0.449548644126852,1.81071284996391,0.0701853126960593,0.834644697512205,0.120284425350687,0.998086042062166
PPP1CC,ENSG00000186298.12,protein_coding,10.6650521603517,0.727820456709942,0.401952991857034,1.8107103851806,0.0701856944321638,0.834644697512205,0.218029758243438,0.995521320397187
CEMIP2,ENSG00000135048.14,protein_coding,3.66860198064579,-1.50663436182505,0.832214855874452,-1.81039109214405,0.0702351597096933,0.834644697512205,-0.766700780002016,0.953507896005218
EPC2,ENSG00000135999.12,protein_coding,10.1180436883223,-0.990184860199935,0.547295836467523,-1.80923148729032,0.0704150477943084,0.834644697512205,-0.468941149085792,0.983262496850266
PTOV1,ENSG00000104960.15,protein_coding,4.81390320658782,1.16517041123501,0.644536181669845,1.80776571489954,0.0706429719372631,0.834644697512205,0.51750933228144,0.992587378328484
TOP2B,ENSG00000077097.16,protein_coding,27.9323178226944,-0.568746907318735,0.314765757106741,-1.80688939148443,0.070779526941616,0.834644697512205,-0.2013087895825,0.992587378328484
LSM 6.00,ENSG00000164167.12,protein_coding,10.3714832504598,0.842782837347938,0.466450609173843,1.80679973564755,0.0707935099557238,0.834644697512205,0.592887049231091,0.95182832588077
PITPNM2,ENSG00000090975.14,protein_coding,5.0720140133168,1.41601964488395,0.784247001513533,1.80557865334665,0.0709841795316775,0.834644697512205,1.07215052322261,0.937780004132405
EIF2AK1,ENSG00000086232.13,protein_coding,43.4124958355877,-0.509261005738601,0.282183090240066,-1.80471836673611,0.0711187642325555,0.834644697512205,0.0485156337661295,0.998086042062166
YWHAQ,ENSG00000134308.14,protein_coding,17.279380437343,0.834552055129335,0.462435693160229,1.80468780302426,0.0711235495169284,0.834644697512205,0.340497314570818,0.992587378328484
HIP1R,ENSG00000130787.14,protein_coding,8.7793279681267,1.00998645282847,0.560397451937373,1.80226810335559,0.0715032343571052,0.834644697512205,0.711703183868272,0.942191637017041
TMEM167B,ENSG00000215717.7,protein_coding,3.85592218612516,1.19168756822585,0.661520312363638,1.80143760660637,0.0716339332135622,0.834644697512205,0.497305331732556,0.992587378328484
TRBC2,ENSG00000211772.11,TR_C_gene,25.3959089005617,0.645817489809698,0.358502866598129,1.80142908183114,0.0716352758084937,0.834644697512205,0.342447793404839,0.983262496850266
GSE1,ENSG00000131149.19,protein_coding,95.8796062707912,0.4560845866431,0.253206511690335,1.80123561435449,0.0716657511827388,0.834644697512205,0.123903103097064,0.997878976321691
TOMM7,ENSG00000196683.11,protein_coding,26.0503864862724,0.516607998792109,0.286853028140097,1.80095013164652,0.0717107403775735,0.834644697512205,0.241717655823388,0.992587378328484
GADD45A,ENSG00000116717.13,protein_coding,6.640838377526,-1.48936832327839,0.827060042574651,-1.80079830557641,0.0717346760583201,0.834644697512205,-1.36104226143071,0.821049128875632
ZKSCAN1,ENSG00000106261.17,protein_coding,17.109533273671,0.664869496998834,0.369689635449513,1.79845317056402,0.0721052233263356,0.834644697512205,0.349556401856661,0.992587378328484
MFSD6,ENSG00000151690.15,protein_coding,4.41492264842407,-1.51969356474428,0.845932156066431,-1.79647215659803,0.0724194570636373,0.834644697512205,-1.00328422144515,0.947543342162046
CAMK1D,ENSG00000183049.13,protein_coding,17.1263641399123,0.814840346144329,0.453849581977104,1.79539737063245,0.0725904111014819,0.834644697512205,0.587023885501686,0.94209149857589
ING5,ENSG00000168395.16,protein_coding,4.03500939361022,-1.58471989791421,0.882693579345517,-1.7953227881064,0.0726022863465265,0.834644697512205,-0.61606484459632,0.992587378328484
ERBIN,ENSG00000112851.15,protein_coding,68.1213886593347,0.370412669341633,0.2064357253458,1.79432445000087,0.0727613977853596,0.834644697512205,0.162404346743772,0.992587378328484
NET1,ENSG00000173848.19,protein_coding,40.7707395761536,-0.598803148038254,0.333970826909538,-1.79298040364601,0.0729760575556257,0.834644697512205,-0.0720757291932106,0.998086042062166
TACC1,ENSG00000147526.20,protein_coding,17.7951757132159,-0.710885048654017,0.396540263286125,-1.79271845628719,0.0730179538623255,0.834644697512205,-0.143888333442064,0.998086042062166
ATP5F1E,ENSG00000124172.10,protein_coding,67.0608826937232,0.365806982950173,0.204105615213842,1.7922436017594,0.073093953080138,0.834644697512205,0.238315138180149,0.953507896005218
SASH1,ENSG00000111961.18,protein_coding,10.9087347405018,-0.965087237451288,0.53871837992901,-1.79145036332056,0.0732210531536823,0.834644697512205,-0.537373933590745,0.982974723694027
SCYL2,ENSG00000136021.19,protein_coding,9.99915092381523,-0.872571468139817,0.488152142553595,-1.78749900302653,0.0738568731101808,0.834644697512205,-0.598805637399229,0.9348146750332
SPECC1,ENSG00000128487.18,protein_coding,22.4852435671863,-0.781629060369797,0.437309434569713,-1.78735924400733,0.0738794443576724,0.834644697512205,-0.624143847991858,0.91628069731862
UPF2,ENSG00000151461.20,protein_coding,20.4094838054865,-0.582209878837582,0.325748967742399,-1.78729615897967,0.0738896345116047,0.834644697512205,0.0207110423774557,0.998086042062166
NFIL3,ENSG00000165030.4,protein_coding,4.17266904089859,1.30785740380401,0.731858447159922,1.78703601615767,0.0739316676424447,0.834644697512205,0.611943931608972,0.992587378328484
SGMS1,ENSG00000198964.14,protein_coding,7.5207971900236,-0.984303372113143,0.550945155530331,-1.78657233343974,0.0740066366359575,0.834644697512205,-0.483917306052318,0.983262496850266
CARS1,ENSG00000110619.18,protein_coding,7.56394935464364,1.02043360518558,0.571456271148695,1.78567224948706,0.0741523410984937,0.834644697512205,0.546662177824926,0.983262496850266
AMOTL1,ENSG00000166025.18,protein_coding,7.95812630590874,1.07234363895055,0.60123083918282,1.78358056351211,0.0744918462248513,0.834644697512205,0.436796223560628,0.992587378328484
ANKRD28,ENSG00000206560.12,protein_coding,13.8720224059774,-0.90322980668036,0.506794063018405,-1.78224228062348,0.074709730676791,0.834644697512205,-0.647364192148021,0.937780004132405
DENND3,ENSG00000105339.11,protein_coding,8.82341859707548,0.919570094862283,0.516128842706931,1.78166771312262,0.074803435012198,0.834644697512205,0.626519584180147,0.95182832588077
TTC3,ENSG00000182670.13,protein_coding,24.1782932158052,0.538060717281139,0.302024939661592,1.78151088411446,0.0748290284127399,0.834644697512205,0.421940890682023,0.922405531070794
PKN2,ENSG00000065243.20,protein_coding,7.0450059654374,-1.05970335512565,0.594880671118079,-1.78137130112823,0.074851813397905,0.834644697512205,-0.628931375480917,0.953507896005218
BARD1,ENSG00000138376.11,protein_coding,3.74673324634569,-1.69718248890952,0.953456655386381,-1.78003108932282,0.0750708728975249,0.835339775665569,-0.517478118362235,0.995521320397187
AP2A2,ENSG00000183020.14,protein_coding,7.36091944711616,0.980415790126092,0.551265588659151,1.77848175234512,0.0753247663042847,0.836418759170494,0.752262186674152,0.922405531070794
NDE1,ENSG00000072864.16,protein_coding,9.23008838705434,-0.906518738650086,0.510071369397412,-1.77723901602442,0.0755289226194441,0.836877321320381,0.162938791519535,0.998086042062166
TSPOAP1-AS1,ENSG00000265148.6,lncRNA,3.37797654439952,-1.64535936388171,0.926588176593643,-1.77571806488017,0.0757793983479772,0.836877321320381,0.0252013276387336,0.998086042062166
CAVIN1,ENSG00000177469.13,protein_coding,36.3856232330323,-0.522823277726185,0.294507724917519,-1.77524469985502,0.0758574919717836,0.836877321320381,-0.298152007762013,0.979511700603372
ATL3,ENSG00000184743.13,protein_coding,12.6296884777554,0.739887965211761,0.416975122796921,1.7744175245968,0.0759941132305937,0.836877321320381,0.597667690364274,0.922405531070794
FAM126B,ENSG00000155744.10,protein_coding,6.00047946865098,1.11594438581698,0.630099844383552,1.77105961184412,0.0765507892921929,0.840146249511905,0.674947830750818,0.953507896005218
GTF2A2,ENSG00000140307.11,protein_coding,3.76250723881556,1.23001401499178,0.694638085864154,1.7707264257784,0.0766062058654383,0.840146249511905,0.890829398392861,0.953507896005218
CNTROB,ENSG00000170037.14,protein_coding,3.81941546293406,-1.5561753953646,0.88022178671748,-1.76793555765972,0.0770716775373747,0.840615051465365,-0.769514582688151,0.983262496850266
NACC2,ENSG00000148411.8,protein_coding,9.43713593744693,-1.30523508040123,0.738825051022777,-1.76663619972597,0.0772891744449823,0.840615051465365,-0.44088167085369,0.992587378328484
COX17,ENSG00000138495.7,protein_coding,10.2857398888947,0.769309582120157,0.435650528270472,1.76588694882182,0.0774148172041714,0.840615051465365,0.408370061434107,0.992587378328484
IFT57,ENSG00000114446.5,protein_coding,4.71344484624003,-1.3342722038455,0.755719780558759,-1.76556474790031,0.0774688985924112,0.840615051465365,-1.43978737080625,0.778829663032278
SLC9A3R1,ENSG00000109062.12,protein_coding,24.4136552953601,-0.690612271226369,0.391414497569743,-1.76440135844308,0.0776644296339459,0.840615051465365,-0.629835184058906,0.870378725940802
SNRPD2,ENSG00000125743.11,protein_coding,11.4200467568506,0.741396216598617,0.420213071552871,1.76433401716618,0.077675759988346,0.840615051465365,0.449627500984974,0.953507896005218
PRDX5,ENSG00000126432.14,protein_coding,18.390819620513,-0.845990707034748,0.479824769566761,-1.76312429180886,0.0778795290182925,0.840615051465365,-0.337578132234625,0.992587378328484
KLHDC3,ENSG00000124702.18,protein_coding,5.73484290111705,1.12798172802388,0.640059515084189,1.7623075689696,0.0780173457505706,0.840615051465365,0.623292621626588,0.983262496850266
CPNE2,ENSG00000140848.17,protein_coding,6.18228090347424,-1.60517890768326,0.910995428833295,-1.76200544687584,0.0780683771998791,0.840615051465365,-1.0645338771878,0.953507896005218
REST,ENSG00000084093.19,protein_coding,20.4679356914432,-0.648589977507534,0.368726643486395,-1.75899948909297,0.0785775953415236,0.843992851895376,-0.161711233033456,0.995521320397187
CPLANE1,ENSG00000197603.16,protein_coding,4.37783024823745,1.29115962039213,0.734328340545855,1.75828651721703,0.0786987706176364,0.843992851895376,0.557044116468271,0.992587378328484
SP140L,ENSG00000185404.17,protein_coding,5.07766055299838,1.16605009307068,0.664740464200731,1.75414339259866,0.0794059399708943,0.849339661045339,0.701622518942196,0.982590661581633
CCDC18,ENSG00000122483.17,protein_coding,7.75202620573468,-0.92538902882003,0.528023944373146,-1.75255125961877,0.0796790638157414,0.849339661045339,-0.329276727335785,0.992587378328484
DAPK3,ENSG00000167657.14,protein_coding,4.16124820459312,-1.70077612114409,0.971865852363649,-1.75001119445413,0.0801163820915785,0.849339661045339,0.120417412871453,0.998086042062166
ADI1,ENSG00000182551.14,protein_coding,7.64872774842493,0.862477728323071,0.492889113026201,1.74984130411747,0.0801457012408497,0.849339661045339,0.842023926768389,0.793227009754725
TPRG1L,ENSG00000158109.15,protein_coding,7.47186393214591,0.823843002982683,0.471116176159949,1.74870455457037,0.0803421023536484,0.849339661045339,0.341372213311755,0.992587378328484
ZCCHC2,ENSG00000141664.10,protein_coding,9.9925909124409,1.17202890235772,0.67073086762926,1.74739073288863,0.0805695838718067,0.849339661045339,0.236105840642414,0.998086042062166
CIAO1,ENSG00000144021.3,protein_coding,12.5117505275792,0.74783591560178,0.428004114632631,1.74726337910015,0.0805916623142629,0.849339661045339,0.381337389685815,0.992587378328484
CIITA,ENSG00000179583.20,protein_coding,13.609378032291,0.698611195988168,0.399924309882189,1.74685853979211,0.080661879134122,0.849339661045339,0.415759812373085,0.964670761257056
GATAD2A,ENSG00000167491.18,protein_coding,38.3164222310732,0.408698333542071,0.234212460515562,1.74498970995147,0.0809866601574385,0.849339661045339,0.390002734601714,0.870378725940802
YWHAG,ENSG00000170027.7,protein_coding,15.2295493285584,-0.74062705837173,0.424562113635241,-1.7444492444939,0.0810807844689881,0.849339661045339,-0.243335934118979,0.992587378328484
FAM162A,ENSG00000114023.15,protein_coding,4.65623302648561,1.22280577153662,0.700997771202016,1.74437897204702,0.0810930292296327,0.849339661045339,0.748973240911535,0.982590661581633
SEC61G,ENSG00000132432.14,protein_coding,6.14358245412535,1.00197527073888,0.574433499652811,1.74428418841255,0.0811095473681197,0.849339661045339,0.595242128751486,0.979511700603372
NENF,ENSG00000117691.10,protein_coding,5.32044958402536,-1.66072699385956,0.95385757584675,-1.74106390294726,0.0816723778028775,0.851079588645901,-1.24245255814336,0.91628069731862
RXRA,ENSG00000186350.12,protein_coding,22.4674656600255,-0.663579857085168,0.381159746178039,-1.74094946735328,0.081692436617243,0.851079588645901,-0.219556232067554,0.995521320397187
NINJ1,ENSG00000131669.10,protein_coding,10.4195458647745,-0.904878531596949,0.519867605030075,-1.74059418752319,0.0817547372207694,0.851079588645901,-0.539814792140623,0.953507896005218
PCSK6,ENSG00000140479.18,protein_coding,4.19625317557195,-1.7851649647907,1.02807674325113,-1.73641216622156,0.0824909825910755,0.855276001684917,-0.392221483662014,0.998086042062166
EIF3K,ENSG00000178982.10,protein_coding,24.4442536102129,0.519744870818784,0.299337199364768,1.73631901388049,0.0825074430676104,0.855276001684917,0.209168049462211,0.992587378328484
GNAS,ENSG00000087460.29,protein_coding,120.85048900036,-0.26981965299708,0.155503735273972,-1.73513293762174,0.0827172614499454,0.855276001684917,-0.0550669489216121,0.998086042062166
ATP9B,ENSG00000166377.20,protein_coding,6.43523273650576,1.05657018548885,0.609424020693758,1.73371929824175,0.0829679006898064,0.855276001684917,0.470748457126362,0.992587378328484
FAM217B,ENSG00000196227.11,protein_coding,3.06514372421847,1.33161781494249,0.768428914254029,1.73290956423106,0.0831117440678569,0.855276001684917,1.59755990797901,0.464086810406153
BAX,ENSG00000087088.20,protein_coding,9.90886077190451,-1.02233055820206,0.590222520973943,-1.73211038527483,0.0832539104661115,0.855276001684917,-0.48054908525139,0.992587378328484
ANKRD9,ENSG00000156381.9,protein_coding,2.41259292310307,-2.01645890359835,1.16426568599093,-1.73195768617203,0.0832810965993381,0.855276001684917,-0.552869874340273,0.995521320397187
MTF1,ENSG00000188786.10,protein_coding,6.76499064129291,-0.996180794538376,0.575662120349515,-1.73049564896426,0.0835417579422041,0.856303018907592,-0.766065541639141,0.922405531070794
SAMD3,ENSG00000164483.17,protein_coding,10.3333731908176,0.856885095684433,0.495838975426709,1.72815195688684,0.0839609844943451,0.858948267475738,0.471590662855066,0.983262496850266
DCXR,ENSG00000169738.8,protein_coding,3.13239260171863,-1.53111203210979,0.887025193544268,-1.72612011840606,0.0843258051432397,0.859507644172481,-0.410994585131205,0.995521320397187
CORO1C,ENSG00000110880.11,protein_coding,45.685228364471,0.517496304062589,0.299872447297257,1.7257214149775,0.0843975434785759,0.859507644172481,0.0910413114830813,0.998086042062166
PLIN3,ENSG00000105355.9,protein_coding,5.49645369376542,-1.22742175389723,0.711484672614188,-1.72515558119805,0.0844994381888142,0.859507644172481,-0.445560792879849,0.992587378328484
PRKAR1A,ENSG00000108946.15,protein_coding,45.7285805835955,-0.546856941389849,0.317212499477176,-1.72394512287873,0.084717750389752,0.860046398699252,-0.371190715002623,0.95182832588077
BHLHE40,ENSG00000134107.5,protein_coding,12.4420949296776,-0.895803821278985,0.520431812278372,-1.72127029928722,0.0852017863881316,0.860046398699252,-0.464480281326659,0.983262496850266
AFF1,ENSG00000172493.23,protein_coding,35.9368984279771,-0.586646865747861,0.340966185754677,-1.72054265278361,0.085333847462383,0.860046398699252,-0.416138705310157,0.953507896005218
ZNF542P,ENSG00000240225.10,transcribed_unprocessed_pseudogene,4.0298776682808,1.25761136707522,0.730947501176827,1.72052215111272,0.085337570720653,0.860046398699252,0.369235610471122,0.998086042062166
KLHL24,ENSG00000114796.16,protein_coding,8.42059379388889,-0.89247043432289,0.518756596361307,-1.72040305720045,0.0853592016720271,0.860046398699252,-0.720614249881197,0.912982563572522
TBC1D10C,ENSG00000175463.12,protein_coding,11.4825037968022,-0.853118253511262,0.496157647911442,-1.71944997140009,0.0855324697615815,0.860076750242264,-0.896902211890391,0.784543500352545
NDUFAF3,ENSG00000178057.15,protein_coding,4.84785628659177,-1.30787997620742,0.761513929786119,-1.71747347625637,0.085892696637147,0.860076750242264,-0.845118695824919,0.95182832588077
CFLAR,ENSG00000003402.20,protein_coding,69.3060661712501,0.42258852821717,0.246070557015201,1.7173469810574,0.0859157927437163,0.860076750242264,0.254996994420198,0.983262496850266
NAA16,ENSG00000172766.19,protein_coding,4.34729610973356,1.23795014810773,0.721682512802298,1.71536669677745,0.0862780172690097,0.860076750242264,0.763353302804047,0.983262496850266
TOR1AIP1,ENSG00000143337.19,protein_coding,3.85532139343449,-1.52556083498132,0.889591998032828,-1.71489945767815,0.0863636621147919,0.860076750242264,-0.052862587744538,0.998086042062166
NDST1,ENSG00000070614.15,protein_coding,4.94525124553016,-1.15084926944163,0.671579877358701,-1.71364465827636,0.0865940064801234,0.860076750242264,-0.260407744255631,0.998086042062166
VAPA,ENSG00000101558.14,protein_coding,16.8535254013225,0.68021813863979,0.397095886032185,1.7129820845957,0.0867158355622328,0.860076750242264,0.621629783604825,0.870378725940802
H2AJ,ENSG00000246705.4,protein_coding,9.92132485777863,0.8754722952213,0.511474464498244,1.71166374078936,0.0869586543520494,0.860076750242264,0.555483234880521,0.983262496850266
CEP85,ENSG00000130695.16,protein_coding,3.90719179813401,1.10701320996301,0.647087974148394,1.7107615257723,0.0871251446845006,0.860076750242264,0.420850302214849,0.995521320397187
KRAS,ENSG00000133703.13,protein_coding,7.17284191602932,0.791559765979307,0.46290250164897,1.70999241343389,0.0872672759518199,0.860076750242264,0.713677015033641,0.870378725940802
CST7,ENSG00000077984.6,protein_coding,7.43601852501384,0.860523104101606,0.503322152529839,1.70968652934582,0.0873238550359706,0.860076750242264,0.365492261417148,0.995521320397187
VPS37A,ENSG00000155975.10,protein_coding,7.34925525678868,0.963098535359485,0.564517983424414,1.70605465837819,0.0879979034442533,0.860076750242264,0.164023621645782,0.998086042062166
EEF1A1P11,ENSG00000228502.1,processed_pseudogene,11.0859220216904,0.769966669973901,0.451441267576039,1.70557440197735,0.0880873487374982,0.860076750242264,0.644691553226194,0.91628069731862
PELI1,ENSG00000197329.12,protein_coding,9.46291015670633,-0.949929320894667,0.557136938496018,-1.70501945797919,0.0881907954956733,0.860076750242264,-0.535224498517781,0.967795964188399
HBA1,ENSG00000206172.8,protein_coding,212.889460629217,-0.362541082414255,0.212723720187423,-1.70428141297469,0.0883285257290631,0.860076750242264,-0.100640293958911,0.997878976321691
DHX30,ENSG00000132153.15,protein_coding,7.33114582401808,-1.08082555197101,0.634283893193283,-1.70400914096939,0.0883793795202916,0.860076750242264,-0.444765182957034,0.992587378328484
WDR41,ENSG00000164253.14,protein_coding,9.63794525462909,0.880934183983664,0.517014874422994,1.70388556995931,0.0884024673661266,0.860076750242264,0.704066905541217,0.942191637017041
HSD17B4,ENSG00000133835.18,protein_coding,12.7359951872208,0.610897814526775,0.358533477166065,1.7038794239117,0.0884036158125298,0.860076750242264,-0.0023144590707208,0.998592526220086
SBF2,ENSG00000133812.17,protein_coding,8.0015838500686,-1.28201941046386,0.752470035885187,-1.7037481219511,0.0884281536834448,0.860076750242264,-0.983756274505506,0.937780004132405
BAZ2A,ENSG00000076108.12,protein_coding,37.6017751153651,-0.508406027406327,0.298703122899192,-1.70204456676506,0.088747014128111,0.860919074365072,-0.217866178143236,0.992587378328484
AASDHPPT,ENSG00000149313.11,protein_coding,3.19557735315939,-1.6902157169298,0.994028503582262,-1.70036946711149,0.089061451257224,0.860919074365072,-0.707716388407053,0.992587378328484
PRDM2,ENSG00000116731.22,protein_coding,32.6517166850608,0.487978052045501,0.287162356895112,1.69931065241862,0.0892606665211577,0.860919074365072,0.372617560756812,0.937780004132405
MARCHF8,ENSG00000165406.16,protein_coding,60.243070677864,-0.554979247779446,0.326604167253994,-1.69924117149384,0.0892737518489486,0.860919074365072,-0.111852800747307,0.998086042062166
RABL6,ENSG00000196642.19,protein_coding,9.7823275074353,-0.9470998570243,0.557929019108508,-1.69752750724032,0.0895969751410032,0.860919074365072,-0.308895229302199,0.995521320397187
SNX2,ENSG00000205302.7,protein_coding,26.9213705147461,0.570079766759406,0.336052408858598,1.69640136994013,0.0898098944645457,0.860919074365072,0.305894407385042,0.992587378328484
BANF1,ENSG00000175334.8,protein_coding,8.1627640694032,0.768336481362507,0.453034562706066,1.69597762425251,0.0898901176636198,0.860919074365072,0.464982696525932,0.983262496850266
HNRNPC,ENSG00000092199.18,protein_coding,52.1274823973087,0.364540453469956,0.215190796911055,1.69403366083834,0.090258886889074,0.860919074365072,0.294767052305846,0.95182832588077
SETD3,ENSG00000183576.13,protein_coding,22.9248084573548,0.591597782631334,0.349413610238775,1.69311602437884,0.0904333846897021,0.860919074365072,0.044425365279877,0.998086042062166
RTCB,ENSG00000100220.12,protein_coding,7.46767511948097,0.979478031941424,0.578506876998634,1.69311389524543,0.0904337898812216,0.860919074365072,0.40338993300515,0.992587378328484
ANKRD13A,ENSG00000076513.17,protein_coding,19.2107697573447,-0.653419969922871,0.386226071229619,-1.69180699749914,0.0906827789696421,0.860919074365072,-0.159531995896857,0.997878976321691
CIT,ENSG00000122966.17,protein_coding,6.49284370281878,-1.38246290725433,0.817246124398528,-1.6916114570403,0.0907200805578144,0.860919074365072,-0.594143837822138,0.992587378328484
UTP25,ENSG00000117597.18,protein_coding,4.70750794276898,-1.31826161160891,0.779492187621701,-1.69118001763564,0.0908024262350608,0.860919074365072,-0.234295560730009,0.998086042062166
NSFL1C,ENSG00000088833.18,protein_coding,7.88960623814531,0.913609108745628,0.540401879516504,1.69061053148637,0.0909112119162942,0.860919074365072,0.691005981907616,0.944724988138741
SIK3,ENSG00000160584.17,protein_coding,16.5109887378276,0.82343631657961,0.487283414809526,1.68985089899167,0.0910564832866995,0.860919074365072,0.502806339307449,0.964670761257056
LAPTM5,ENSG00000162511.8,protein_coding,65.5814314507485,0.339201877530697,0.200766432474007,1.6895348159091,0.091116985671194,0.860919074365072,0.189315530276428,0.983262496850266
PCF11,ENSG00000165494.11,protein_coding,20.0081088962029,0.76621149105037,0.453892715183399,1.68808942161756,0.091394064778615,0.860919074365072,0.213221171614465,0.998086042062166
NDUFA6,ENSG00000184983.11,protein_coding,11.2646395166594,0.914431443008911,0.541813645790085,1.68772316849914,0.0914643821943067,0.860919074365072,0.388954955655368,0.992587378328484
LAMTOR4,ENSG00000188186.10,protein_coding,9.68689561271244,-0.993711989622158,0.589512795597944,-1.68564956866498,0.0918633157799801,0.860919074365072,-0.161663429359356,0.998086042062166
NAA38,ENSG00000183011.14,protein_coding,3.64667930582602,1.1176267075357,0.663739427953468,1.68383353537053,0.0922138441849113,0.860919074365072,0.596788708461059,0.991749341206479
RSBN1L,ENSG00000187257.16,protein_coding,8.257135408275,0.849201300269218,0.50455987378917,1.68305357675758,0.0923647202062105,0.860919074365072,0.69294350469339,0.922405531070794
Y_RNA,ENSG00000207142.1,misc_RNA,10.6282704437149,0.908174959227565,0.539956185969915,1.68194194793088,0.0925800974281995,0.860919074365072,0.780102898852819,0.922405531070794
IGSF6,ENSG00000140749.9,protein_coding,3.65925294472585,1.13822335586824,0.678076177383134,1.67860690853486,0.0932286792628334,0.860919074365072,0.73051046067433,0.967795964188399
LRRFIP2,ENSG00000093167.18,protein_coding,18.9200502561075,-0.730946951918964,0.435520083128099,-1.67833121877866,0.0932824567871383,0.860919074365072,-0.662061641961193,0.870378725940802
KCMF1,ENSG00000176407.18,protein_coding,12.6193178949808,0.683626247519694,0.407429130121441,1.67790223373554,0.0933661864108047,0.860919074365072,0.238068507314453,0.995521320397187
TRIOBP,ENSG00000100106.22,protein_coding,24.5353281307342,-0.637132136630012,0.379722358559856,-1.67788944281926,0.0933686838769563,0.860919074365072,-0.238567276823347,0.992587378328484
PNP,ENSG00000198805.12,protein_coding,9.99143718163394,-0.827965869131129,0.493839048621054,-1.67659052365959,0.093622581106265,0.860919074365072,-0.616821500767852,0.95182832588077
DFFA,ENSG00000160049.12,protein_coding,5.74896734944768,-1.5343073740503,0.915232822824691,-1.67641209513767,0.0936575014094488,0.860919074365072,-1.28549509388253,0.908438905389404
CTSA,ENSG00000064601.21,protein_coding,12.8441024374382,-0.873435017880154,0.521264823463965,-1.67560705914493,0.0938151851890722,0.860919074365072,-0.653428922761843,0.937780004132405
MED4,ENSG00000136146.15,protein_coding,10.3722155511446,1.02622534830948,0.612676673882037,1.67498681124438,0.0939368193676051,0.860919074365072,0.592627796166677,0.983262496850266
RAB2B,ENSG00000129472.15,protein_coding,16.0038967214961,-0.723934558619974,0.432245460615322,-1.67482281384614,0.0939690013308235,0.860919074365072,0.141260423872508,0.998086042062166
USP37,ENSG00000135913.11,protein_coding,4.23615264215501,1.08461838322665,0.647718358984546,1.67452160060284,0.0940281328213293,0.860919074365072,0.980162996119794,0.91628069731862
RBM38,ENSG00000132819.17,protein_coding,54.3650859786685,-0.471004651196086,0.281284146992367,-1.67447990308842,0.0940363208550358,0.860919074365072,-0.0859353021477861,0.998086042062166
CBLB,ENSG00000114423.23,protein_coding,8.88809134717194,0.987498412425294,0.589754909870255,1.67442168924468,0.0940477531141334,0.860919074365072,0.856717926430372,0.908438905389404
CD44,ENSG00000026508.20,protein_coding,52.5257960792662,-0.387559895861088,0.231748656336987,-1.6723285562335,0.0944595515911353,0.860919074365072,-0.277543150816859,0.953507896005218
IFIT1B,ENSG00000204010.3,protein_coding,7.37205877880606,-1.10758363628266,0.662555917802732,-1.67168325951385,0.0945867969321635,0.860919074365072,-0.110850364603699,0.998086042062166
TXNIP,ENSG00000265972.6,protein_coding,152.185572586809,-0.285633730509081,0.170873911423583,-1.67160526805651,0.0946021852813212,0.860919074365072,-0.0830002631679275,0.995521320397187
DENND5A,ENSG00000184014.9,protein_coding,20.1229151400224,-0.659181685194727,0.394864923921843,-1.6693852638205,0.0950410521827362,0.860919074365072,-0.553698779533534,0.922405531070794
MCUB,ENSG00000005059.16,protein_coding,3.66003075004967,1.31550219083653,0.788119437468605,1.6691660277557,0.0950844807358599,0.860919074365072,0.873236683157592,0.953507896005218
PRRC2B,ENSG00000288701.1,protein_coding,42.476149546275,-0.403661053168794,0.242179567226789,-1.66678410483237,0.0955573420067181,0.860919074365072,-0.240938823040622,0.983262496850266
WNK1,ENSG00000060237.19,protein_coding,130.760437581055,-0.25821355860708,0.154975062727686,-1.6661619880148,0.095681154757936,0.860919074365072,0.0570308376878444,0.998086042062166
SLC38A1,ENSG00000111371.16,protein_coding,17.2363675484784,0.674163450467184,0.404853515037607,1.66520340178981,0.0958721825282808,0.860919074365072,0.46787683522011,0.953507896005218
DHX37,ENSG00000150990.9,protein_coding,5.12007020064679,1.00995187499493,0.606826549929423,1.66431721735378,0.0960490534759042,0.860919074365072,0.444086964989897,0.992587378328484
ERCC1,ENSG00000012061.16,protein_coding,11.2513644058637,-1.18776393067581,0.713808600326195,-1.66398097491825,0.0961162314201284,0.860919074365072,-1.36120044900603,0.784543500352545
MED25,ENSG00000104973.19,protein_coding,8.46520156554993,0.893931452092606,0.537720737486474,1.66244555914136,0.0964234704743467,0.860919074365072,0.626556804600374,0.953507896005218
GNAQ,ENSG00000156052.11,protein_coding,17.0649601186417,0.749284351114591,0.450825524182006,1.66202734965843,0.0965072908485924,0.860919074365072,0.372755984030058,0.992587378328484
RBM22,ENSG00000086589.12,protein_coding,9.59257900180862,0.775686378900271,0.466775294557617,1.6617982741255,0.0965532284204542,0.860919074365072,0.437462473987467,0.983262496850266
SDAD1,ENSG00000198301.12,protein_coding,8.05589108326673,-1.08795036511324,0.654896039219582,-1.66125659640531,0.0966619231353799,0.860919074365072,-0.814535664116092,0.9348146750332
ATP5MC2,ENSG00000135390.21,protein_coding,18.0110733233628,0.652244700325296,0.392770633716086,1.66062491524448,0.0967888018153303,0.860919074365072,0.475509240993704,0.95182832588077
RMDN1,ENSG00000176623.12,protein_coding,4.36691613588243,-1.13648749780677,0.684458739829192,-1.66041783335308,0.0968304250009608,0.860919074365072,-0.663797832826263,0.953507896005218
FAAP20,ENSG00000162585.17,protein_coding,5.76037434863546,1.33750737971484,0.806216883478761,1.65899202450786,0.0971173994295447,0.860919074365072,1.12570391545562,0.922405531070794
GOT2,ENSG00000125166.13,protein_coding,3.36510927827751,1.21838705394051,0.73455108478923,1.65868253300601,0.0971797809278397,0.860919074365072,0.439941824013969,0.995521320397187
SLC11A1,ENSG00000018280.17,protein_coding,1.99755932883313,1.45616644700637,0.878101938221445,1.65831139144934,0.0972546309281289,0.860919074365072,0.865646875016847,0.983262496850266
PDIA3,ENSG00000167004.13,protein_coding,10.5668163311415,-0.893376860490422,0.538785406704683,-1.6581311397324,0.0972909998301112,0.860919074365072,-0.416183586025616,0.992587378328484
CCDC43,ENSG00000180329.14,protein_coding,6.39648544770083,-1.07886748523712,0.651118324486435,-1.65694535795483,0.0975305229127115,0.860919074365072,-0.466628822382048,0.992587378328484
CPSF3,ENSG00000119203.14,protein_coding,8.4828147023509,0.882838572254502,0.532857888400656,1.65679929202943,0.0975600602094754,0.860919074365072,0.466011590929411,0.992587378328484
TRAF3,ENSG00000131323.16,protein_coding,6.46604004612931,-1.15259086321535,0.696406188735533,-1.65505545737339,0.0979132490686195,0.862607632290483,-0.0249392675211098,0.998086042062166
TNFSF10,ENSG00000121858.11,protein_coding,4.51176885563134,1.26904053641222,0.768733451995306,1.65081997292862,0.0987753405468947,0.866518727357041,0.265071870161298,0.998086042062166
INTS10,ENSG00000104613.12,protein_coding,8.00765781928503,0.800917539172248,0.485231571367637,1.650588268432,0.0988226759948253,0.866518727357041,0.428474081061206,0.987407932503804
BACH1,ENSG00000156273.16,protein_coding,21.519651406364,-0.686419334361432,0.415890869961425,-1.65047945011416,0.098844912989321,0.866518727357041,-0.492936936116852,0.95182832588077
AP3S1,ENSG00000177879.17,protein_coding,10.3281825377073,0.773174923314341,0.468984350490656,1.64861561479703,0.0992264077082474,0.867025552047,0.369652567051455,0.992587378328484
GGNBP2,ENSG00000278311.5,protein_coding,11.9787538026941,0.702637107830099,0.426200350896818,1.64860753012427,0.0992280650560357,0.867025552047,0.460552173318228,0.953507896005218
RPS15P4,ENSG00000233762.3,processed_pseudogene,11.1112796598678,0.68765565210739,0.417742365570692,1.64612380448404,0.09973827242716,0.867708761697559,0.406931722392651,0.983262496850266
MEA1,ENSG00000124733.5,protein_coding,11.2979698415875,-0.843720884457252,0.512562584736658,-1.64608363852921,0.099746540485175,0.867708761697559,-0.775099240297301,0.871764787017529
RNF214,ENSG00000167257.11,protein_coding,8.23053156256305,0.8241297722442,0.501594544697847,1.64301980744357,0.10037883515164,0.867708761697559,0.696953516189393,0.942191637017041
CENPE,ENSG00000138778.13,protein_coding,4.91186870358532,-1.3421953695942,0.817056485459944,-1.64272041588244,0.100440792724213,0.867708761697559,-1.04145711110706,0.942191637017041
ZNF507,ENSG00000168813.17,protein_coding,5.24560365175653,1.14862776788469,0.699498773344261,1.64207259777335,0.100574959751401,0.867708761697559,0.836654954859519,0.953507896005218
RRP1B,ENSG00000160208.13,protein_coding,12.0821741478723,0.844637264336953,0.514493809661859,1.6416859609877,0.100655102595031,0.867708761697559,0.559050325250992,0.953507896005218
RASGRP4,ENSG00000171777.16,protein_coding,6.58605646851837,-0.939237004457927,0.572429825096436,-1.64078977593401,0.100841061323359,0.867708761697559,-0.556301179461478,0.954190619609623
PDE5A,ENSG00000138735.16,protein_coding,9.28827003093378,1.63560360848553,0.997103222189171,1.64035535347535,0.10093130260212,0.867708761697559,0.779370283003706,0.992587378328484
CREB3L2,ENSG00000182158.15,protein_coding,3.68132318288654,1.21057990075811,0.738205408857908,1.63989573394081,0.101026848029246,0.867708761697559,0.801297499403076,0.953507896005218
BMPR2,ENSG00000204217.15,protein_coding,7.93640486194893,-1.05543905672996,0.643918062995215,-1.63908906642645,0.101194711774357,0.867708761697559,-0.640374087142805,0.953507896005218
TTLL12,ENSG00000100304.13,protein_coding,4.42575509862094,1.15487803363178,0.704629446982067,1.63898633328217,0.101216106002043,0.867708761697559,1.1900062716589,0.908438905389404
POMT1,ENSG00000130714.19,protein_coding,9.51082774349587,0.905719044382872,0.552923658051203,1.63805442432163,0.101410341109717,0.867708761697559,0.463989121739447,0.992587378328484
SCFD2,ENSG00000184178.16,protein_coding,4.53808839263397,1.30171360810568,0.794699103948951,1.63799556541251,0.101422618862585,0.867708761697559,0.841729308759892,0.983262496850266
GNAI3,ENSG00000065135.12,protein_coding,16.6510142285681,-0.573403845186501,0.350560503637865,-1.63567726322883,0.101907150476186,0.870456910317422,-0.089115419822314,0.998086042062166
SUSD1,ENSG00000106868.17,protein_coding,13.5001399323202,-0.757245851271723,0.46486413265448,-1.62896166444952,0.103321134622544,0.877665815053482,-0.565246571461509,0.953507896005218
CSRP1,ENSG00000159176.14,protein_coding,7.09537234723182,-1.05889111830569,0.650815081789851,-1.62702301764975,0.103732209284525,0.877665815053482,-0.607078147148236,0.983262496850266
CEP128,ENSG00000100629.17,protein_coding,2.95867577076002,1.22374920404401,0.752296919465241,1.62668378984444,0.103804273278565,0.877665815053482,0.524555183739438,0.992587378328484
POLR2F,ENSG00000100142.16,protein_coding,4.77931289536823,1.11716830329933,0.686946838190306,1.62628058124905,0.103889980796276,0.877665815053482,0.786784035327117,0.983262496850266
ATF7IP2,ENSG00000166669.13,protein_coding,6.79265981393628,0.935222978798628,0.575253892627696,1.62575688888715,0.104001382722571,0.877665815053482,0.512697532209885,0.985998901411467
SMG6,ENSG00000070366.14,protein_coding,5.16985527869029,-1.20468439613899,0.741345976198582,-1.62499620260472,0.104163367968768,0.877665815053482,0.042340915043131,0.998086042062166
CAP1,ENSG00000131236.18,protein_coding,117.841646201097,0.264865701836362,0.163067074300703,1.6242745690521,0.104317222273231,0.877665815053482,0.183325059377236,0.953507896005218
ING3,ENSG00000071243.16,protein_coding,5.84981464372716,1.2179354064839,0.75021092195329,1.62345731159554,0.104491681763349,0.877665815053482,0.773963326516019,0.971702390968324
PRKCSH,ENSG00000130175.10,protein_coding,33.7649370621645,0.434994839660965,0.268156848320928,1.62216569289465,0.104767875259371,0.877665815053482,0.0545361310881819,0.998086042062166
PYGB,ENSG00000100994.12,protein_coding,10.0913900515405,-1.12274615363485,0.692483411871311,-1.62133292204188,0.104946258059549,0.877665815053482,-0.919130089095256,0.922405531070794
SEC22B,ENSG00000265808.4,protein_coding,7.13978703723885,0.902972151648688,0.557301952639799,1.62025657253045,0.105177173464751,0.877665815053482,-0.0030142490615404,0.998592526220086
STRIP1,ENSG00000143093.15,protein_coding,4.28594743655711,-1.53037716742541,0.944945467786564,-1.61954019527726,0.105331085342024,0.877665815053482,-0.500521000091753,0.995521320397187
TOLLIP,ENSG00000078902.16,protein_coding,6.29980180005665,-1.11158934379825,0.686746911737324,-1.61863027674367,0.105526836700467,0.877665815053482,-0.349350109669494,0.995521320397187
GYPC,ENSG00000136732.16,protein_coding,45.8419079596034,-0.524081768216499,0.323929326818248,-1.61788922714785,0.105686472333706,0.877665815053482,-0.225421548382637,0.992587378328484
PPP1R14A,ENSG00000167641.11,protein_coding,3.55229738009165,1.25303345316583,0.775009333387589,1.61679788769611,0.10592191553756,0.877665815053482,1.19507358039043,0.91628069731862
SEC24A,ENSG00000113615.13,protein_coding,6.40961504399258,-1.3050044750481,0.807701468522291,-1.61570150099595,0.106158866313894,0.877665815053482,-1.12011686197408,0.91628069731862
ATG16L1,ENSG00000085978.22,protein_coding,3.29417298526129,-1.4202698130262,0.87909683738812,-1.61560109492141,0.106180587037257,0.877665815053482,-0.656516301993858,0.992587378328484
CD37,ENSG00000104894.12,protein_coding,63.8255310688903,0.340411622784645,0.211236899275857,1.61151590442585,0.107067323551649,0.877665815053482,0.244501930707169,0.953507896005218
SP4,ENSG00000105866.15,protein_coding,6.08996818488406,-1.14791534293096,0.712435226960115,-1.61125573173717,0.107123995090379,0.877665815053482,-0.729736078709613,0.953507896005218
DDX21,ENSG00000165732.13,protein_coding,21.9165717260748,0.531068563717825,0.329916232576555,1.60970728712051,0.107461773366842,0.877665815053482,0.509599447563197,0.870378725940802
TOMM22,ENSG00000100216.6,protein_coding,7.59047740712774,-1.31270035132136,0.815637192604187,-1.60941698493436,0.107525193788625,0.877665815053482,-0.787924608746242,0.953507896005218
TMPO,ENSG00000120802.14,protein_coding,20.3984443953822,-0.766735715406506,0.476572999641034,-1.60885261226303,0.107648573423754,0.877665815053482,-0.108012896055053,0.998086042062166
GLUL,ENSG00000135821.19,protein_coding,34.9791178854812,-0.528923306844583,0.328975012350796,-1.60779173793472,0.107880798555698,0.877665815053482,-0.442764133344255,0.922405531070794
LST1,ENSG00000204482.11,protein_coding,32.8943219910748,0.501055219889025,0.311952785287763,1.60618928094142,0.108232327804486,0.877665815053482,0.167139282585016,0.995521320397187
GPBP1,ENSG00000062194.16,protein_coding,13.805945026878,-0.716706208128618,0.446361723329602,-1.60566233767179,0.108348120641663,0.877665815053482,-0.0242305335685841,0.998086042062166
DBP,ENSG00000105516.11,protein_coding,4.28114894446819,-1.52588975043248,0.950765753842966,-1.60490609202622,0.108514472675911,0.877665815053482,-0.651952255272751,0.992587378328484
PTCD3,ENSG00000132300.19,protein_coding,6.12543086822975,-1.0415912636148,0.649533166916867,-1.6035998108594,0.108802292469713,0.877665815053482,-0.780253553164471,0.95182832588077
EHD1,ENSG00000110047.18,protein_coding,31.4640219452936,-0.570143728999967,0.355672952582027,-1.60299996066886,0.108934662776672,0.877665815053482,-0.301362836047074,0.983262496850266
EPSTI1,ENSG00000133106.15,protein_coding,20.2993429347481,0.680743051132323,0.424704234205282,1.60286381982075,0.108964723015336,0.877665815053482,0.330953859699675,0.992587378328484
AFDN,ENSG00000130396.21,protein_coding,8.10303181825842,-1.13001945383565,0.705230632815538,-1.60234028593484,0.109080381731557,0.877665815053482,-0.0345010043354358,0.998086042062166
RBM33,ENSG00000184863.11,protein_coding,43.2862821967689,0.429969846432438,0.268371161553899,1.60214623636483,0.109123275671581,0.877665815053482,0.129653427478731,0.996311112778233
FAM107A,ENSG00000168309.18,protein_coding,24.9994260448961,-1.12954387125501,0.705160532827095,-1.60182514288839,0.10919428149288,0.877665815053482,-0.854966298854477,0.95182832588077
DDRGK1,ENSG00000198171.13,protein_coding,3.91921294907986,-1.41242876078346,0.882028022382724,-1.60134227591534,0.109301130284337,0.877665815053482,-1.93757545514794,0.668581646012979
IMPDH2,ENSG00000178035.13,protein_coding,14.3530452941772,-0.652523362487074,0.407520883236721,-1.6012022679781,0.109332126692119,0.877665815053482,-0.299050167168766,0.992587378328484
RBBP4,ENSG00000162521.19,protein_coding,23.5633131013943,0.534989129327984,0.334259588526302,1.60051991832655,0.109483291815233,0.877665815053482,0.331434091146445,0.983262496850266
FXR1,ENSG00000114416.18,protein_coding,22.1485685511861,-0.493707292579886,0.308688377018291,-1.59937117603438,0.109738152948156,0.877665815053482,-0.157791730451905,0.995521320397187
SOX4,ENSG00000124766.7,protein_coding,3.67457652699402,1.10747120315771,0.693106695865879,1.59783653766926,0.110079360754328,0.877665815053482,0.90108190758109,0.95182832588077
SH3BGRL3,ENSG00000142669.15,protein_coding,101.751796889201,0.355151238243879,0.222279514838896,1.5977686405393,0.110094476180992,0.877665815053482,0.154042734678961,0.992587378328484
SNCA,ENSG00000145335.17,protein_coding,251.985678894853,-0.394825051403197,0.247132613549729,-1.59762422989044,0.110126630689311,0.877665815053482,-0.057145668309454,0.998086042062166
VPS51,ENSG00000149823.9,protein_coding,15.2689731242189,-0.797919585533399,0.499659941630743,-1.59692526667082,0.110282366880007,0.877665815053482,-0.63668721546759,0.922405531070794
SNW1,ENSG00000100603.14,protein_coding,13.3655684847019,-0.833217803259878,0.521904278943553,-1.59649544346808,0.110378222264868,0.877665815053482,-0.416765846699193,0.992587378328484
KANK2,ENSG00000197256.11,protein_coding,7.4390862601753,-1.04990989249381,0.657797375536728,-1.59609924201528,0.110466637902947,0.877665815053482,-0.551598755981019,0.983698296397999
DDAH2,ENSG00000213722.10,protein_coding,7.090229841618,-0.93950690203069,0.588865398320776,-1.59545272096104,0.110611034541422,0.877665815053482,-0.427801146384424,0.992587378328484
SKA3,ENSG00000165480.16,protein_coding,7.76900923250174,0.953436685480196,0.59781159240311,1.5948782151372,0.110739472049533,0.877665815053482,0.569336545192565,0.983262496850266
IGHM,ENSG00000211899.10,IG_C_gene,32.5953819306067,0.671495964232192,0.421047686851184,1.59482164420375,0.11075212551096,0.877665815053482,0.348849343370596,0.992587378328484
LRRFIP1,ENSG00000124831.19,protein_coding,75.1883726543511,-0.382846592896634,0.240195994691927,-1.59389249345173,0.110960116024453,0.877665815053482,-0.276670740969554,0.953507896005218
MYO9B,ENSG00000099331.14,protein_coding,65.3204348655736,-0.390378583346023,0.244952486742216,-1.59369103999688,0.111005252058724,0.877665815053482,-0.358010751133126,0.908438905389404
EIF2AK4,ENSG00000128829.12,protein_coding,7.11804607709127,-0.913376413727166,0.573518607287087,-1.59258374902203,0.111253601575325,0.877665815053482,-0.869050429642028,0.91628069731862
ARID4B,ENSG00000054267.22,protein_coding,22.5312255736864,0.479372553574073,0.301034421987571,1.59241773883873,0.11129087305712,0.877665815053482,0.378605772780042,0.95182832588077
TSG101,ENSG00000074319.13,protein_coding,4.32380494835316,1.00228284114981,0.629712299876564,1.59165199940716,0.111462919269405,0.877665815053482,0.603106158760151,0.983262496850266
EXOSC1,ENSG00000171311.13,protein_coding,17.4942936699384,0.741119387517172,0.465834369548899,1.59095042350536,0.111620733407429,0.877665815053482,0.299188241280156,0.994480669180938
PSME2,ENSG00000100911.16,protein_coding,23.2314463192783,0.637060732694727,0.400475570593552,1.59076053440795,0.111663477810995,0.877665815053482,0.229163491469906,0.995521320397187
ZNF431,ENSG00000196705.8,protein_coding,2.70628393795626,-1.72433589327094,1.08414378401707,-1.59050480083165,0.111721064341493,0.877665815053482,0.561339063510409,0.992587378328484
CNTLN,ENSG00000044459.15,protein_coding,9.22755846151872,0.880705010698289,0.554412928150027,1.58853620826815,0.112165140159128,0.877665815053482,0.370670769254674,0.992587378328484
HDAC4,ENSG00000068024.17,protein_coding,10.2434557599533,-0.814826686249859,0.513506357214218,-1.58678987086023,0.112560243692734,0.877665815053482,-0.801573516042745,0.870378725940802
RPN1,ENSG00000163902.12,protein_coding,8.51797899637913,1.02923610374401,0.648667509043291,1.58669285788958,0.112582224710606,0.877665815053482,0.43206770709474,0.992587378328484
ANP32A,ENSG00000140350.15,protein_coding,62.2403538488963,-0.344593732214359,0.217278299162818,-1.5859555857262,0.112749385059176,0.877665815053482,-0.229826428528477,0.953507896005218
DNAJC21,ENSG00000168724.17,protein_coding,16.1822479134327,-0.537106432142667,0.338762107701288,-1.58549737391608,0.112853373107329,0.877665815053482,-0.438218681546355,0.922405531070794
ZNF362,ENSG00000160094.15,protein_coding,14.0302753076673,0.618200150601284,0.390013488935655,1.58507376831594,0.112949574739279,0.877665815053482,0.460841033633915,0.953507896005218
GSN,ENSG00000148180.21,protein_coding,17.7263559079744,-0.661884483823398,0.417591855964251,-1.58500333368584,0.112965576841309,0.877665815053482,-0.422972767570258,0.953507896005218
TATDN1,ENSG00000147687.19,protein_coding,2.52514806356507,-1.61330436931648,1.01825181787319,-1.58438643663428,0.113105806554794,0.877665815053482,-0.73103855559885,0.992587378328484
STYX,ENSG00000198252.12,protein_coding,8.39925001029911,-0.865810516370161,0.546490834244274,-1.58430930972056,0.113123348271418,0.877665815053482,-0.39439778184599,0.992587378328484
ZDHHC17,ENSG00000186908.15,protein_coding,3.68612990647552,1.27674452366007,0.805871983165168,1.5843019118812,0.113125030945918,0.877665815053482,0.696904933868504,0.992587378328484
PPP1R12A,ENSG00000058272.19,protein_coding,25.1982593323872,-0.52377607025374,0.330872570979437,-1.58301447806107,0.113418164506004,0.877961772674225,0.0827369150864685,0.998086042062166
PRPF38B,ENSG00000134186.12,protein_coding,13.9528819274828,-0.85827791140462,0.542291323373617,-1.58268789193461,0.113492619394473,0.877961772674225,-0.122489766679902,0.998086042062166
MARCHF1,ENSG00000145416.13,protein_coding,5.54500254407473,0.898144690679307,0.568080808907704,1.5810157227565,0.113874442804301,0.879005891897206,0.681517885203891,0.953507896005218
RUBCN,ENSG00000145016.16,protein_coding,8.89384798818737,-0.971987754064852,0.614928019223898,-1.58065289542604,0.113957424259094,0.879005891897206,-0.550380492118893,0.983262496850266
UBE2L3,ENSG00000185651.15,protein_coding,17.0185884316859,0.611913054299829,0.387652408501103,1.57850961552349,0.114448580880576,0.87902395554663,0.435206992892636,0.953507896005218
AKAP10,ENSG00000108599.15,protein_coding,7.57036217877538,0.919674654993696,0.583012561274382,1.57745255605371,0.114691430599226,0.87902395554663,0.716858192737022,0.95182832588077
CCNI,ENSG00000118816.11,protein_coding,76.7383782277235,-0.333796968767087,0.211715187918313,-1.57663213512994,0.114880194105011,0.87902395554663,0.043324839222262,0.998086042062166
SNHG14,ENSG00000224078.15,lncRNA,4.88693801230656,0.975224551031443,0.618735792247815,1.57615667826252,0.114989699647744,0.87902395554663,0.721519292662033,0.953507896005218
SUCLG2,ENSG00000172340.15,protein_coding,7.70431058191457,0.820292183429873,0.520729557908035,1.57527486383775,0.115193013373052,0.87902395554663,0.279901466835496,0.995521320397187
TBC1D15,ENSG00000121749.16,protein_coding,6.59048799336553,-0.918715122380273,0.583680487214791,-1.57400348736036,0.115486643209197,0.87902395554663,-0.887410186769216,0.908438905389404
CYCS,ENSG00000172115.9,protein_coding,12.9176284411783,0.71525897467155,0.454558330050826,1.57352517242743,0.115597264320367,0.87902395554663,0.306697877736137,0.992587378328484
MAD2L2,ENSG00000116670.15,protein_coding,4.2945638255985,-1.23434906142082,0.784515083483882,-1.573391114342,0.115628283216248,0.87902395554663,-0.273941306848515,0.998086042062166
SLFN14,ENSG00000236320.4,protein_coding,6.51889544124574,-1.42316737170386,0.906184848404129,-1.57050448836149,0.116297791026776,0.87902395554663,-0.504297452288432,0.992587378328484
HIF1AN,ENSG00000166135.14,protein_coding,9.5332773566109,-0.84075272659187,0.535555422090318,-1.56987062760067,0.116445212182946,0.87902395554663,-1.0286540398975,0.784543500352545
HLA-B,ENSG00000234745.13,protein_coding,81.2352180724686,0.402297193170635,0.25638879890463,1.56909036155,0.116626885320546,0.87902395554663,0.134012555099535,0.995521320397187
UBN1,ENSG00000118900.15,protein_coding,15.5911214863726,0.628934680728736,0.400843323788898,1.56902870374351,0.116641250893636,0.87902395554663,0.0426529119695661,0.998086042062166
SMG5,ENSG00000198952.8,protein_coding,6.56637816555253,-0.930867671633626,0.593424173465879,-1.56863793767773,0.116732327296511,0.87902395554663,0.436590939377314,0.992587378328484
LRRC25,ENSG00000175489.10,protein_coding,4.34109123644513,-1.34208469384294,0.856311206428736,-1.56728614990353,0.117047821259025,0.87902395554663,-1.22431864715552,0.903550981531122
SARS1,ENSG00000031698.13,protein_coding,22.5594281518379,0.478497913617073,0.305345537204425,1.5670702706119,0.117098267301301,0.87902395554663,0.414438211685912,0.922405531070794
TBC1D14,ENSG00000132405.19,protein_coding,16.4890944133061,-0.602583417980106,0.384655792383,-1.56655230445644,0.117219373733197,0.87902395554663,-0.595708924443023,0.908438905389404
LBH,ENSG00000213626.13,protein_coding,44.7791754303132,-0.449141789127717,0.286868183403477,-1.56567306906951,0.117425174154721,0.87902395554663,-0.0704631577628125,0.998086042062166
GNA13,ENSG00000120063.10,protein_coding,26.4736592983951,-0.423685899785657,0.270759247006689,-1.56480675902895,0.117628226449867,0.87902395554663,-0.431281736605254,0.8732085726272
STK40,ENSG00000196182.11,protein_coding,34.4921341127812,0.522690090614978,0.334057825934485,1.56466949742254,0.117660424135793,0.87902395554663,0.224196699904154,0.992587378328484
ERH,ENSG00000100632.11,protein_coding,8.65698976102177,0.848242389078418,0.542411039723548,1.56383688191661,0.117855880397,0.87902395554663,0.453118328051442,0.992587378328484
EZH1,ENSG00000108799.13,protein_coding,8.32463040665635,0.796710738473828,0.509623698605092,1.56333141620873,0.117974662549632,0.87902395554663,0.474144839923289,0.983262496850266
ABTB1,ENSG00000114626.18,protein_coding,12.0306383757617,-0.749731811671905,0.479708729512805,-1.5628896568827,0.11807855088323,0.87902395554663,-0.766043513822936,0.870378725940802
MOB1B,ENSG00000173542.9,protein_coding,11.8482915257268,-0.81174944417936,0.519410374186863,-1.56282870832173,0.118092889759674,0.87902395554663,-0.431577352011377,0.992587378328484
ELMO2,ENSG00000062598.18,protein_coding,8.55848714727625,-0.943119017567668,0.603503522283196,-1.56273987266823,0.118113791853799,0.87902395554663,-0.666021663366331,0.95182832588077
ILF3,ENSG00000129351.17,protein_coding,22.0929545370847,-0.55305561143674,0.354012557697059,-1.56224856834036,0.118229443001835,0.87902395554663,-0.0254474497567434,0.998086042062166
OAT,ENSG00000065154.12,protein_coding,4.2722140918655,-1.13039417507782,0.723604589836328,-1.56217109586536,0.118247687828693,0.87902395554663,-0.181951304929164,0.998086042062166
CAPZA2,ENSG00000198898.14,protein_coding,21.0595781837884,-0.552066612726873,0.354021709326519,-1.55941457312635,0.118898289285452,0.882629361965822,-0.392016362985671,0.953507896005218
UBR2,ENSG00000024048.11,protein_coding,21.955698155483,-0.523867146913972,0.336395248238583,-1.55729651253108,0.119400103043452,0.884014933245429,-0.1735253177449,0.995521320397187
H2AC21,ENSG00000184270.6,protein_coding,11.7077529668893,-0.70375520845538,0.451928528132649,-1.55722678398566,0.119416651395255,0.884014933245429,-0.743337820610905,0.870378725940802
BTBD10,ENSG00000148925.11,protein_coding,5.66606185546409,-1.05688680598221,0.679091874984668,-1.55632373897284,0.119631129249326,0.884374367404865,-0.648781890653984,0.953507896005218
KDELR1,ENSG00000105438.9,protein_coding,4.08169097375533,1.07407602209034,0.690658317710029,1.5551481746453,0.119910783811645,0.885213958055494,0.698288194855274,0.983262496850266
USF2,ENSG00000105698.16,protein_coding,58.3474815407234,0.540724749459135,0.348145952417801,1.55315535252935,0.120386024834199,0.887493101474799,0.30301031691913,0.992587378328484
IQCE,ENSG00000106012.18,protein_coding,6.47511757495301,-1.178659980649,0.760241870192727,-1.55037498835759,0.121051538201613,0.887752745472155,-0.887731265126755,0.95182832588077
TBC1D9,ENSG00000109436.8,protein_coding,15.7152532599426,-0.865532923755377,0.55827432581756,-1.55037207288344,0.121052237562813,0.887752745472155,-0.813706552540926,0.91628069731862
CHD6,ENSG00000124177.16,protein_coding,20.8436307089918,-0.63579952423718,0.410206597301306,-1.54994953377157,0.121153629281159,0.887752745472155,-0.507976506106926,0.937780004132405
UQCRFS1,ENSG00000169021.6,protein_coding,8.19654179418496,-0.868134099177157,0.560174957242434,-1.54975528261868,0.121200263721453,0.887752745472155,-0.30392173161629,0.995521320397187
SEC31A,ENSG00000138674.17,protein_coding,14.975552588546,0.59356173331597,0.383062406858394,1.54951705698281,0.121257474412981,0.887752745472155,0.746711533001441,0.668581646012979
TAF15,ENSG00000270647.6,protein_coding,52.3745184388235,-0.460683756927571,0.297499965594614,-1.54851700909209,0.121497869794278,0.887752745472155,-0.219831570607687,0.992587378328484
MYL9,ENSG00000101335.10,protein_coding,39.7525362235326,0.806828611980511,0.521436940460767,1.54731770876754,0.121786653579138,0.887752745472155,0.654009150820835,0.95182832588077
PPIL4,ENSG00000131013.4,protein_coding,6.24364547049858,-0.9486462986116,0.613135544339143,-1.54720486745566,0.121813852639123,0.887752745472155,-0.0326514628544505,0.998086042062166
CD151,ENSG00000177697.19,protein_coding,2.6180737710018,-1.85932075486816,1.20258324171942,-1.54610565852369,0.122079052441597,0.887752745472155,-1.73445219900761,0.908438905389404
ZNF623,ENSG00000183309.12,protein_coding,4.83015448599491,1.01802832378077,0.658488764966098,1.54600712714238,0.122102846563052,0.887752745472155,0.867969118887745,0.922405531070794
H2AC12,ENSG00000274997.2,protein_coding,5.51750818309839,1.26006080275086,0.81561122311676,1.54492822932927,0.122363624387648,0.887752745472155,1.0288737753888,0.947543342162046
FOXK1,ENSG00000164916.11,protein_coding,15.8977742400511,-0.732742248867455,0.474961299690678,-1.54274095456758,0.122893640785986,0.887752745472155,-0.425582783024303,0.983262496850266
CASP1,ENSG00000137752.24,protein_coding,23.4149325531717,0.500360338416793,0.324358779656242,1.54261382703153,0.122924501151331,0.887752745472155,0.156208938990217,0.997878976321691
SREK1IP1,ENSG00000153006.16,protein_coding,6.60423320867248,1.08200983820358,0.701584976202812,1.54223632903279,0.123016174927317,0.887752745472155,0.348816518418943,0.998086042062166
PCGF3,ENSG00000185619.18,protein_coding,3.70992782032651,-1.51944906059679,0.985663363205677,-1.54154969872785,0.123183057041328,0.887752745472155,-0.690384754316051,0.992587378328484
PFN1,ENSG00000108518.8,protein_coding,135.282264011273,0.270826757777578,0.175696955353625,1.54144252091611,0.123209122024352,0.887752745472155,0.163993874713733,0.983262496850266
TRIM44,ENSG00000166326.7,protein_coding,39.7126602035717,-0.423446258436767,0.274808386681679,-1.5408782226405,0.123346426922786,0.887752745472155,-0.0300856187501625,0.998086042062166
CSTA,ENSG00000121552.4,protein_coding,5.78788444852802,0.892514886473781,0.579368559763807,1.54049589235156,0.123439523294995,0.887752745472155,0.458764320432485,0.992587378328484
LRRK1,ENSG00000154237.13,protein_coding,7.42601570907361,-0.867965689310856,0.563652352804097,-1.53989544263027,0.123585841864979,0.887752745472155,-0.514886130284224,0.992587378328484
NRBP1,ENSG00000115216.14,protein_coding,21.876000855841,-0.637366769399385,0.414564610791932,-1.53743651244577,0.124186450868695,0.890866464508939,-0.515112633555567,0.95182832588077
TINF2,ENSG00000092330.18,protein_coding,10.3143509853488,0.734887271630776,0.47831430787278,1.53641080673305,0.124437657967619,0.891468705601358,0.141804435772672,0.998086042062166
HGS,ENSG00000185359.14,protein_coding,9.19754754065787,0.773068656745804,0.503885550276511,1.53421477619586,0.124976823667507,0.89408015789066,0.397118008710439,0.992587378328484
TMOD2,ENSG00000128872.10,protein_coding,5.22032820882389,1.09419570964739,0.713501617958116,1.53355743295823,0.125138567159009,0.89408015789066,0.745950543281787,0.97236782393181
MDFIC,ENSG00000135272.12,protein_coding,12.7991564530265,0.688288481270717,0.449095900774194,1.53260913779035,0.125372188669742,0.89408015789066,0.649228029527919,0.922405531070794
SIPA1,ENSG00000213445.10,protein_coding,28.6718699934169,0.412087996228153,0.268990586773787,1.53197924570761,0.125527556348993,0.89408015789066,0.0921054674271465,0.998086042062166
RRAS,ENSG00000126458.4,protein_coding,5.52316426788564,0.972128743098371,0.634747631576478,1.53152007938015,0.125640907741108,0.89408015789066,0.510647881586742,0.992587378328484
C16orf54,ENSG00000185905.4,protein_coding,4.3064926202699,-1.23359726346111,0.806760672236324,-1.52907461396402,0.126245947840081,0.896346467350156,-0.117154204065788,0.998086042062166
KDM1B,ENSG00000165097.16,protein_coding,13.8096069354803,0.705474744177636,0.461779103977549,1.52773206518226,0.126579075415411,0.896346467350156,0.493243561206661,0.953507896005218
CTDNEP1,ENSG00000175826.12,protein_coding,11.4446113673155,0.731312884681057,0.478905191988502,1.52705148516873,0.126748209407154,0.896346467350156,0.405013495195889,0.992587378328484
H2AC14,ENSG00000276368.2,protein_coding,18.5198785493107,-0.683044379104656,0.447389829072537,-1.52673202365964,0.126827660864232,0.896346467350156,-0.588263744463802,0.942191637017041
PRKAR2A,ENSG00000114302.16,protein_coding,10.9587936931032,-0.792528755405156,0.519329558795088,-1.52606132653787,0.126994592259149,0.896346467350156,-0.242203401510045,0.995521320397187
GNG2,ENSG00000186469.8,protein_coding,28.044668385214,0.518328743098329,0.339764545688911,1.52555276786564,0.127121282578812,0.896346467350156,0.361450412146095,0.953507896005218
PML,ENSG00000140464.20,protein_coding,14.2119492562789,0.644729619800496,0.422741765005176,1.52511455732935,0.127230526887496,0.896346467350156,0.39010388050422,0.992587378328484
CIAO2B,ENSG00000166595.12,protein_coding,7.40433926707464,1.05485917657234,0.692097164907888,1.52414896355302,0.127471503749526,0.896346467350156,0.524844714704401,0.992587378328484
SRPRA,ENSG00000182934.12,protein_coding,5.70642546484543,1.06090201502971,0.696177357464305,1.52389617912,0.127534648096921,0.896346467350156,0.347855751130181,0.998086042062166
ARNT,ENSG00000143437.21,protein_coding,14.8835646742519,-0.617143068360559,0.40543945314397,-1.52215839769647,0.127969396416288,0.896346467350156,-0.297624384261674,0.992587378328484
ARHGDIA,ENSG00000141522.12,protein_coding,43.6097766048835,-0.501025534206194,0.329217088248884,-1.52186976949211,0.128041715249796,0.896346467350156,-0.347676144394796,0.953507896005218
ZFAND2B,ENSG00000158552.13,protein_coding,3.7991547310671,1.0955818805233,0.720071669981984,1.52149004910957,0.128136906585727,0.896346467350156,0.397147260982028,0.995521320397187
GLRX5,ENSG00000182512.5,protein_coding,20.7059669521081,-0.63343616277894,0.416515130122469,-1.52079988689172,0.128310062830329,0.896346467350156,-0.0461612259577576,0.998086042062166
TFIP11,ENSG00000100109.17,protein_coding,9.56412453371146,0.826978336099961,0.54402820587137,1.52010194908073,0.1284853548347,0.896346467350156,0.537905889734026,0.982003512507167
DAPK1,ENSG00000196730.13,protein_coding,8.25215975279637,-1.02925542736375,0.678082365018764,-1.51789145458054,0.129041764565448,0.896346467350156,-0.864857143562867,0.927650523398864
OST4,ENSG00000228474.6,protein_coding,64.5503793832419,0.390208541087367,0.25716713227641,1.51733441841223,0.129182272550975,0.896346467350156,0.362330361252181,0.95182832588077
IARS1,ENSG00000196305.19,protein_coding,6.9517789932054,-0.99768762881134,0.658001391384817,-1.51623939078856,0.129458831037855,0.896346467350156,-0.326645229557362,0.995521320397187
SERTAD2,ENSG00000179833.4,protein_coding,12.833854515502,-0.693365683692163,0.457510054058848,-1.51552010177896,0.129640743612067,0.896346467350156,-0.343099956824863,0.992587378328484
TRAPPC3,ENSG00000054116.12,protein_coding,4.15506170275969,1.13368753321345,0.748274943682433,1.51506814812522,0.12975514693835,0.896346467350156,0.349354368523299,0.998086042062166
CYFIP2,ENSG00000055163.20,protein_coding,66.3917242449605,-0.378062734209801,0.249548526693647,-1.51498684131252,0.129775736501474,0.896346467350156,-0.144491208643222,0.992587378328484
RBPMS2,ENSG00000166831.9,protein_coding,3.71668460716631,1.16350602380047,0.769154681074152,1.51270745979937,0.130353983868851,0.896346467350156,0.170974196060933,0.998086042062166
PPP6C,ENSG00000119414.12,protein_coding,9.43382074193789,-0.691523294481279,0.457259148300741,-1.51232249163545,0.130451841973645,0.896346467350156,-0.186004370039916,0.998086042062166
STAT6,ENSG00000166888.12,protein_coding,29.4560316520038,-0.421993852736722,0.279209058568036,-1.51139026398706,0.130689048429371,0.896346467350156,-0.242371852686121,0.983262496850266
TRAPPC8,ENSG00000153339.15,protein_coding,15.3242613293157,0.53556418603665,0.354412819873659,1.51113096368119,0.130755087147057,0.896346467350156,0.136562595605094,0.998086042062166
ATF2,ENSG00000115966.17,protein_coding,10.4845732096188,0.664301439285357,0.439606557123133,1.51112723075076,0.13075603804041,0.896346467350156,0.426259970937472,0.983262496850266
GGA3,ENSG00000125447.18,protein_coding,10.5643740619939,0.698859955146458,0.462957815682441,1.509554286531,0.131157193333617,0.896346467350156,0.463990216712128,0.979511700603372
UBE2L6,ENSG00000156587.16,protein_coding,20.4348622405737,-0.646272230893279,0.428332884005589,-1.50880834749275,0.131347766926034,0.896346467350156,-0.371650094732457,0.983262496850266
FRA10AC1,ENSG00000148690.12,protein_coding,5.61544494822499,-1.0236348025764,0.678516043706789,-1.50863758060045,0.131391424884114,0.896346467350156,-0.155146969004217,0.998086042062166
PSMF1,ENSG00000125818.18,protein_coding,26.3234023328499,-0.560015468489308,0.371262807980378,-1.50840713492342,0.131450358046357,0.896346467350156,-0.289504050682865,0.992587378328484
CKAP5,ENSG00000175216.15,protein_coding,13.1539767674887,-0.629857964320276,0.41763735615754,-1.50814565563595,0.131517252421331,0.896346467350156,-0.21231447058879,0.995521320397187
JAZF1,ENSG00000153814.13,protein_coding,25.7699351539711,-0.540229536707609,0.358258919922152,-1.50793045662338,0.131572326683748,0.896346467350156,-0.33822165086756,0.983262496850266
OMA1,ENSG00000162600.12,protein_coding,6.9676288653921,0.846569823712895,0.561734353871968,1.50706435858443,0.131794161399574,0.896346467350156,0.106380499095028,0.998086042062166
YY1AP1,ENSG00000163374.20,protein_coding,80.6394072617247,0.330675081756806,0.219465413852078,1.5067298120135,0.13187992677162,0.896346467350156,0.268930276354195,0.95182832588077
HMBS,ENSG00000256269.10,protein_coding,3.91891014876047,1.50161378473085,0.996740305614578,1.50652459449302,0.131932558354625,0.896346467350156,0.73010078307221,0.992587378328484
NCL,ENSG00000115053.17,protein_coding,130.240659061548,-0.284797662596795,0.189061161886023,-1.50637846375072,0.131970046031408,0.896346467350156,-0.172177745652117,0.983262496850266
VAMP3,ENSG00000049245.13,protein_coding,25.1519725626,0.551642663931435,0.366313737291322,1.5059295018814,0.132085272180206,0.896346467350156,0.281961997364526,0.992587378328484
DOP1A,ENSG00000083097.15,protein_coding,5.92754954480053,0.900718666359806,0.598263891806962,1.50555411866714,0.132181674172087,0.896346467350156,0.511127046554063,0.992587378328484
ATP2C1,ENSG00000017260.20,protein_coding,5.45320619194962,-1.04411289504797,0.694172153480235,-1.50411232979212,0.132552446104599,0.897252014553495,-0.70323747303631,0.953507896005218
UBL7,ENSG00000138629.16,protein_coding,7.11450375793083,-0.947494295898229,0.630097637488619,-1.50372615214788,0.132651892583143,0.897252014553495,-0.686680192646889,0.953507896005218
UBE4B,ENSG00000130939.20,protein_coding,10.7033205301967,-0.709056417799431,0.472077471678993,-1.50199164403588,0.133099266842963,0.897745376014375,-0.275610620174067,0.992587378328484
SNRPC,ENSG00000124562.10,protein_coding,18.1965217593517,0.592431903534015,0.394560493205318,1.50149828413188,0.133226730161773,0.897745376014375,0.188199678794534,0.99774483465285
WDR43,ENSG00000163811.12,protein_coding,9.8836398794445,-0.778028595952635,0.518172694740244,-1.50148513005428,0.133230129911327,0.897745376014375,-0.35458345411953,0.992587378328484
PARVB,ENSG00000188677.15,protein_coding,8.59870576014002,0.897528988504748,0.598642042717962,1.49927489962078,0.133802331218562,0.898286565734838,0.614336764143801,0.967795964188399
BAZ2B,ENSG00000123636.18,protein_coding,18.8072027896589,-0.56817352631602,0.378970674401829,-1.49925459855919,0.133807595709394,0.898286565734838,-0.240224107124194,0.992587378328484
CD300E,ENSG00000186407.7,protein_coding,9.72801230640308,-0.88943440273509,0.593696576877321,-1.49812957893958,0.13409958743905,0.898286565734838,-0.150412394439335,0.998086042062166
CEP350,ENSG00000135837.16,protein_coding,25.8761369029205,0.476552438743853,0.318264012650269,1.49734943255279,0.134302358678184,0.898286565734838,0.278542463489106,0.992587378328484
FAM32A,ENSG00000105058.12,protein_coding,17.4279195463312,-0.547638556975431,0.366245635070575,-1.49527667918801,0.134842248788209,0.898286565734838,-0.293787849157187,0.992587378328484
DSP,ENSG00000096696.15,protein_coding,5.92286738109823,-1.11887379544422,0.748347137821715,-1.49512671178383,0.134881375780096,0.898286565734838,-0.286283927376778,0.998086042062166
GOLPH3L,ENSG00000143457.11,protein_coding,5.91704808264978,1.01945128234167,0.681957515613768,1.49488972406757,0.134943224547763,0.898286565734838,0.367873429003489,0.995521320397187
FCN1,ENSG00000085265.11,protein_coding,37.4127390220271,0.520369375055675,0.348127591807925,1.494766250366,0.13497545724834,0.898286565734838,0.0496680191094515,0.998086042062166
RAD21,ENSG00000164754.15,protein_coding,38.9459672736896,-0.36692869198539,0.245571846711404,-1.49418061108856,0.135128418905002,0.898286565734838,-0.314543698592779,0.95182832588077
PIK3CD,ENSG00000171608.16,protein_coding,39.650801521775,-0.415589094319858,0.278221427487567,-1.49373503713487,0.135244886945177,0.898286565734838,-0.257065407976758,0.983262496850266
HERPUD1,ENSG00000051108.15,protein_coding,4.61526711425219,-1.14941690681224,0.769786048394791,-1.49316411905501,0.13539423187181,0.898286565734838,-0.175584429027878,0.998086042062166
PRMT1,ENSG00000126457.22,protein_coding,6.65462718881557,0.706609933597425,0.473357140970967,1.49276280515807,0.135499286723675,0.898286565734838,0.459833491935664,0.983262496850266
YOD1,ENSG00000180667.11,protein_coding,50.131734078685,-0.478354268936762,0.320450669677619,-1.49275478006646,0.135501388152122,0.898286565734838,-0.182407750610334,0.995521320397187
CGNL1,ENSG00000128849.11,protein_coding,16.294556298459,-0.738991096844795,0.495304644996004,-1.4919930679244,0.135700962618251,0.898492087894758,-0.412710660247524,0.985139727882526
INSIG1,ENSG00000186480.13,protein_coding,4.5717856361182,1.03320178128146,0.693415904373721,1.4900174264313,0.136219653941815,0.900807388970069,0.704423451141822,0.983262496850266
PHC3,ENSG00000173889.16,protein_coding,59.8151230995059,0.345952684291415,0.232282722404398,1.48936038251317,0.136392495100691,0.900832219881501,0.0872465886647033,0.998086042062166
NOLC1,ENSG00000166197.17,protein_coding,20.8493871834633,-0.517170067595909,0.347637100562204,-1.48767225005482,0.136837349271517,0.900832219881501,-0.159869225120216,0.995521320397187
EGR1,ENSG00000120738.8,protein_coding,4.80846461904228,-1.12293997723239,0.754869047149798,-1.48759573792612,0.136857538121499,0.900832219881501,-0.822469525271393,0.953507896005218
SUDS3,ENSG00000111707.12,protein_coding,13.0584063488604,-0.632714056039537,0.425511248346895,-1.48695024749081,0.13702795174881,0.900832219881501,-0.131104323748214,0.998086042062166
MBTPS1,ENSG00000140943.17,protein_coding,3.50331781790636,-1.49968972036168,1.00867155826702,-1.48679687463209,0.137068467227748,0.900832219881501,-1.02751879752104,0.953507896005218
CNDP2,ENSG00000133313.15,protein_coding,20.0973272374222,0.471271617205486,0.317350896748398,1.48501744294462,0.137539203535015,0.90149575546145,0.0037625428898348,0.998086042062166
CDKAL1,ENSG00000145996.11,protein_coding,7.85142447777087,-1.01751900213809,0.685267901473309,-1.48484848035411,0.137583966137773,0.90149575546145,-1.22791212576985,0.793227009754725
FBXL17,ENSG00000145743.17,protein_coding,5.90206715094289,0.921005937358396,0.620415723519137,1.4844980590341,0.137676837700867,0.90149575546145,0.191002604857521,0.998086042062166
RICTOR,ENSG00000164327.13,protein_coding,10.0388922765129,0.77800001424223,0.52481489061743,1.48242747709947,0.13822658732422,0.902845624527356,0.379000462015098,0.992587378328484
AGPS,ENSG00000018510.18,protein_coding,8.80469497846775,-0.995014105727456,0.672143470998844,-1.48035969798056,0.138777279396499,0.902845624527356,-0.585461288546669,0.983262496850266
RNPEPL1,ENSG00000142327.13,protein_coding,24.7757888838741,0.588273910795926,0.397807440123252,1.47879061943553,0.139196283727446,0.902845624527356,0.303901370654101,0.992587378328484
AAMP,ENSG00000127837.10,protein_coding,11.8946717914118,0.681055105892884,0.460662935503159,1.47842392648543,0.139294345123202,0.902845624527356,0.344496136162821,0.992587378328484
ATG2B,ENSG00000066739.12,protein_coding,5.02218493281644,-1.09045327264971,0.737980374933739,-1.47761825339544,0.139509985818067,0.902845624527356,0.487026471963474,0.992587378328484
CEP164,ENSG00000110274.16,protein_coding,6.61125940875888,0.897839672915731,0.608010119689598,1.47668541006208,0.139759984886824,0.902845624527356,0.779993373866476,0.9348146750332
PISD,ENSG00000241878.11,protein_coding,4.19480139831282,1.15131422319089,0.779927997475462,1.47618014344601,0.139895538608319,0.902845624527356,0.743671087354647,0.983262496850266
IL6ST,ENSG00000134352.20,protein_coding,8.08597768495871,0.800189156270546,0.542178954299803,1.47587646094443,0.139977059687771,0.902845624527356,0.440671102594982,0.992587378328484
INPP4B,ENSG00000109452.12,protein_coding,8.47506178816058,0.770425516540275,0.52244828986337,1.4746445370541,0.140308134482781,0.902845624527356,0.593670633418399,0.953507896005218
DELE1,ENSG00000081791.9,protein_coding,4.64881175010366,0.969342154006134,0.657719233401018,1.4737932308802,0.140537271434914,0.902845624527356,0.816353306627413,0.953507896005218
POLR2C,ENSG00000102978.13,protein_coding,7.86263439420372,-0.914713765448625,0.620964922903755,-1.47305223163209,0.140736952418754,0.902845624527356,-0.816854451197913,0.922405531070794
ZDHHC20,ENSG00000180776.16,protein_coding,8.57772350166023,0.666207146995182,0.452281579830338,1.47299199592673,0.140753194035166,0.902845624527356,0.48126401588819,0.983262496850266
DMTN,ENSG00000158856.18,protein_coding,35.6445527063665,-0.434815588489415,0.29522438750992,-1.47283085979746,0.140796648957932,0.902845624527356,-0.229394041200916,0.992587378328484
PICALM,ENSG00000073921.18,protein_coding,32.2090744698511,-0.417286235464913,0.283352126235057,-1.47267726912608,0.140838078635232,0.902845624527356,-0.151762719186532,0.995521320397187
TMOD1,ENSG00000136842.14,protein_coding,8.7380104557122,-0.769655808985094,0.522760712519629,-1.47229084082365,0.140942355586712,0.902845624527356,-0.173407373778151,0.998086042062166
MARCKSL1,ENSG00000175130.7,protein_coding,14.6474019367111,0.607299621395225,0.412893384712336,1.47083882639179,0.141334709532222,0.902845624527356,0.421672733719491,0.964670761257056
DPP9,ENSG00000142002.18,protein_coding,6.88436049223365,-1.01534189420126,0.690398998924558,-1.470659569007,0.141383205454832,0.902845624527356,-0.49979433447617,0.992587378328484
PPP1R8,ENSG00000117751.18,protein_coding,6.65345487449836,0.825919092295362,0.561839622749357,1.47002642543033,0.141554597161275,0.902845624527356,0.819399832306738,0.922405531070794
OTULIN,ENSG00000154124.5,protein_coding,4.50211135786202,0.899699262565583,0.612141774628712,1.46975635360172,0.141627754047239,0.902845624527356,1.31365710158936,0.668581646012979
MAP4K2,ENSG00000168067.12,protein_coding,8.32362392087349,0.771994968510325,0.525286029026518,1.46966590743146,0.141652260540517,0.902845624527356,0.184078949238872,0.998086042062166
TRIM8,ENSG00000171206.15,protein_coding,12.3270746757163,-0.763839570070706,0.520053833367944,-1.46877019466229,0.141895130860138,0.902845624527356,-0.731971473899451,0.922405531070794
NEK9,ENSG00000119638.14,protein_coding,14.6960756301852,0.572673645353589,0.389932343867052,1.46864873961018,0.141928087710844,0.902845624527356,0.369951695616144,0.983262496850266
SERPINB6,ENSG00000124570.21,protein_coding,11.053689935586,-0.613969595427042,0.418369315527042,-1.467530176427,0.142231886513144,0.902845624527356,-0.354914360578028,0.992587378328484
TP53INP2,ENSG00000078804.13,protein_coding,5.59183853179256,-0.938497354854497,0.63953823851934,-1.46746089338975,0.14225072001276,0.902845624527356,-0.601701248857338,0.983262496850266
ECH1,ENSG00000104823.9,protein_coding,6.38356905345828,0.930474401272292,0.634114986814508,1.46735910776459,0.142278392300792,0.902845624527356,0.753008894791893,0.953507896005218
NIPSNAP2,ENSG00000146729.10,protein_coding,6.82006733519724,-0.802392013933688,0.54683925259407,-1.46732702549669,0.142287115310127,0.902845624527356,-0.311195122902058,0.995521320397187
CDCA7L,ENSG00000164649.20,protein_coding,7.86544795048697,0.921597349239661,0.628901886535335,1.4654071946211,0.14280985569709,0.903473460717556,0.60096654442365,0.983262496850266
ARL 1.00,ENSG00000120805.14,protein_coding,5.27305148842587,-0.982676941157024,0.670596054634598,-1.46537835164043,0.142817720420089,0.903473460717556,-0.538375387032531,0.992587378328484
BTG1,ENSG00000133639.6,protein_coding,34.6987641788719,0.390261768100514,0.266372733703793,1.46509653099287,0.142894582999043,0.903473460717556,0.268350098698278,0.97236782393181
CEBPA,ENSG00000245848.3,protein_coding,6.8874194796654,0.927471399235409,0.633959231082448,1.46298271838681,0.143472107788622,0.906050159376015,0.593355867124904,0.983262496850266
UBXN11,ENSG00000158062.20,protein_coding,6.45922762772791,0.908228198888407,0.621843560351142,1.4605412949449,0.144141366951537,0.907564587254361,0.50930307992465,0.992587378328484
MBD2,ENSG00000134046.12,protein_coding,44.7680849714425,-0.353281367139038,0.241887191681792,-1.46052118213761,0.144146890329865,0.907564587254361,-0.196089301906484,0.992587378328484
STX12,ENSG00000117758.14,protein_coding,5.33099372072345,-1.06123076900859,0.72674841427866,-1.4602450423809,0.144222740225974,0.907564587254361,-0.151930041544476,0.998086042062166
MARF1,ENSG00000166783.22,protein_coding,37.4924496943474,-0.396301673195048,0.271842207645544,-1.45783716453549,0.144885431694865,0.908576779451488,-0.0496307837413763,0.998086042062166
SULT1A1,ENSG00000196502.12,protein_coding,3.03022766227801,1.18934588512097,0.816149989752971,1.45726386087557,0.145043558525736,0.908576779451488,0.625173815718642,0.992587378328484
MED28,ENSG00000118579.13,protein_coding,10.9834643659182,-0.757051960192067,0.519695357651898,-1.4567225761119,0.145192975300526,0.908576779451488,-0.801098576387952,0.91628069731862
PITPNM3,ENSG00000091622.16,protein_coding,11.6238426753797,-0.995203377725289,0.68318649138916,-1.4567082198913,0.145196939809911,0.908576779451488,-0.408447795831016,0.992587378328484
POLR3D,ENSG00000168495.13,protein_coding,4.42514711763529,1.17764072420506,0.8085042691387,1.4565671068869,0.145235912962977,0.908576779451488,1.00313379572345,0.947543342162046
CDV3,ENSG00000091527.16,protein_coding,60.5344118206364,-0.352630707375692,0.242428638866688,-1.454575288729,0.145786876275844,0.909891347065838,-0.154864951582914,0.992587378328484
H3C10,ENSG00000278828.1,protein_coding,18.7503957209326,0.630498734285324,0.433484227265846,1.45449060110474,0.145810337407556,0.909891347065838,0.0571628683577112,0.998086042062166
TBC1D23,ENSG00000036054.13,protein_coding,5.39429110381167,-0.941899402697968,0.648711550869778,-1.45195411032082,0.146514365431046,0.909891347065838,-0.0999312434953306,0.998086042062166
RAPGEF2,ENSG00000109756.9,protein_coding,16.7803322996163,-0.676824676992601,0.466566526208115,-1.45064988372248,0.146877377282225,0.909891347065838,-0.4726248741638,0.953507896005218
SNRNP48,ENSG00000168566.13,protein_coding,3.81827562235498,1.03398829825999,0.712781651283748,1.45063820932783,0.146880629777649,0.909891347065838,0.395967816663385,0.995521320397187
RAB10,ENSG00000084733.11,protein_coding,22.7863799496207,-0.597601682297261,0.412136072845535,-1.4500106194811,0.147055557881566,0.909891347065838,-0.182278969967555,0.995521320397187
PCMT1,ENSG00000120265.19,protein_coding,9.4017546631638,0.768484850242229,0.530196251612961,1.44943471008018,0.147216221221354,0.909891347065838,0.425005315688295,0.992587378328484
KLF13,ENSG00000169926.11,protein_coding,40.8934749154544,-0.339382598435915,0.234230479492399,-1.44892585786184,0.14735828904127,0.909891347065838,-0.209074752143991,0.983262496850266
AFAP1,ENSG00000196526.11,protein_coding,4.31284146830545,1.04764942503694,0.723754066444229,1.44752129709474,0.147750976051915,0.909891347065838,0.57500592104994,0.992587378328484
MCM3,ENSG00000112118.20,protein_coding,10.3461201051589,0.699041987345839,0.483865478260351,1.44470316390232,0.148541280835508,0.909891347065838,0.635537900877089,0.922405531070794
ZNF480,ENSG00000198464.14,protein_coding,6.32516141891828,-1.06465848215899,0.73776410317498,-1.4430879431206,0.148995699305614,0.909891347065838,-0.780658114028056,0.953507896005218
CSNK1G3,ENSG00000151292.17,protein_coding,9.32468721732892,0.720943780657852,0.499674560894982,1.4428266657533,0.149069305435754,0.909891347065838,0.547515428689094,0.953507896005218
NDUFB10,ENSG00000140990.15,protein_coding,16.8516754644095,0.490996351779285,0.340563518101779,1.44171740565749,0.149382111339367,0.909891347065838,0.459022734028596,0.922405531070794
GPRIN3,ENSG00000185477.5,protein_coding,10.6744031178983,-0.664575053362341,0.461034896063933,-1.44148536051419,0.149447610236959,0.909891347065838,-0.464244557248914,0.953507896005218
PRR5L,ENSG00000135362.14,protein_coding,6.73257467055371,0.785721974871584,0.545125304508676,1.44136030445286,0.149482918636553,0.909891347065838,0.119936067515932,0.998086042062166
ANKRD11,ENSG00000167522.16,protein_coding,53.0519860628657,-0.410954988665009,0.285175286778934,-1.4410610165655,0.149567445594424,0.909891347065838,-0.193304599884602,0.992587378328484
ZNF326,ENSG00000162664.17,protein_coding,6.10263797964505,-1.10869991526878,0.769580800007997,-1.44065433448607,0.149682362003078,0.909891347065838,-0.318353130976961,0.995521320397187
R3HDM1,ENSG00000048991.17,protein_coding,18.441915177458,0.466885048849471,0.324092649115142,1.44059129426165,0.149700181347033,0.909891347065838,0.267625486779305,0.992587378328484
TXK,ENSG00000074966.11,protein_coding,10.7372691236527,0.687534491975584,0.477577974778292,1.43962772214267,0.149972752128041,0.909891347065838,0.213760574612484,0.998086042062166
NQO2,ENSG00000124588.22,protein_coding,2.85133279613638,-1.29546820836969,0.899908088764153,-1.43955613305883,0.149993018010206,0.909891347065838,-1.66806341306455,0.807403405623778
TAL1,ENSG00000162367.11,protein_coding,9.32077730871386,-0.825840378767633,0.573692579037811,-1.43951727622609,0.150004018718066,0.909891347065838,-0.62270612040362,0.953507896005218
UBA3,ENSG00000144744.17,protein_coding,4.07174254015247,-1.20244126797293,0.836124647518321,-1.43811245313945,0.150402149792893,0.909891347065838,-0.564229855887448,0.992587378328484
TRMT112,ENSG00000173113.7,protein_coding,11.8296264109246,0.809060897456908,0.562588884360499,1.43810324012458,0.15040476344548,0.909891347065838,0.516740317486204,0.983262496850266
IRF3,ENSG00000126456.16,protein_coding,4.57830652057953,-1.33720750607112,0.929925641731913,-1.43797250668417,0.1504418551234,0.909891347065838,-1.00092530232137,0.953507896005218
FAM160B1,ENSG00000151553.15,protein_coding,4.00577358274977,-1.12138750847536,0.779985734011297,-1.43770258810799,0.150518458456437,0.909891347065838,-0.253486596387507,0.998086042062166
ANP32B,ENSG00000136938.9,protein_coding,124.275124614553,-0.264622984078064,0.184064728790102,-1.43766264084102,0.150529798081746,0.909891347065838,0.0107102966212173,0.998086042062166
RNF41,ENSG00000181852.18,protein_coding,4.53489888701991,-1.06996760026078,0.744509628442956,-1.43714407360785,0.150677060203711,0.909891347065838,-0.317723268545096,0.995521320397187
RSF1,ENSG00000048649.14,protein_coding,29.7762322725854,0.456841605468024,0.317892387862188,1.43709513945982,0.150690962134585,0.909891347065838,0.324097786867233,0.967795964188399
TIMMDC1,ENSG00000113845.10,protein_coding,12.1020765270368,0.643615174742684,0.448151149877296,1.43615647291969,0.150957821587626,0.909891347065838,0.284605842240865,0.992587378328484
ZFHX3,ENSG00000140836.17,protein_coding,10.6690460474796,0.78716715946677,0.548323868936064,1.43558798743185,0.15111961493974,0.909891347065838,0.310687427115682,0.995521320397187
ZZEF1,ENSG00000074755.15,protein_coding,16.2451535659354,-0.514349868447621,0.358650826129295,-1.43412430970449,0.151536791774896,0.909891347065838,-0.491093845066717,0.922405531070794
TFDP2,ENSG00000114126.18,protein_coding,12.6178570694814,0.583529441989872,0.40689383442105,1.43410735829937,0.151541628390705,0.909891347065838,0.301458667400444,0.992587378328484
ERMAP,ENSG00000164010.15,protein_coding,5.29507590763315,-1.07243389644327,0.74888713740015,-1.43203674210022,0.152133306414244,0.909891347065838,-0.733604214573794,0.953507896005218
PANK3,ENSG00000120137.7,protein_coding,16.714909388772,-0.590497402884863,0.41258722541288,-1.43120621898545,0.15237112173441,0.909891347065838,-0.360047359874617,0.983262496850266
GOLGA2,ENSG00000167110.18,protein_coding,10.8807824327069,-0.743576788515515,0.519766622612754,-1.43059741846777,0.152545627767215,0.909891347065838,-0.569480235052738,0.953507896005218
NAA50,ENSG00000121579.13,protein_coding,11.9581854153062,0.578486098819569,0.404612573393672,1.42972842877209,0.15279497762302,0.909891347065838,0.37793679047379,0.992587378328484
CELF2,ENSG00000048740.18,protein_coding,23.9306863347146,-0.502026133106777,0.351150782226779,-1.42965973170625,0.152814702932466,0.909891347065838,-0.183685961966687,0.995521320397187
MYO1C,ENSG00000197879.17,protein_coding,10.1007337770236,0.74219792470271,0.51983198307273,1.42776502576,0.153359502632654,0.909891347065838,0.406809772749404,0.992587378328484
DNAJC8,ENSG00000126698.11,protein_coding,11.4556551571298,0.606953675397992,0.425114082619137,1.42774304642777,0.153365831178095,0.909891347065838,0.311086070647184,0.992587378328484
MALT1,ENSG00000172175.15,protein_coding,12.0335070611027,-0.688080659120446,0.482193303082629,-1.42698095291161,0.153585384868581,0.909891347065838,-0.255085705416886,0.995521320397187
TCERG1,ENSG00000113649.13,protein_coding,7.41584882811683,-0.69190126341516,0.48543877205177,-1.42531108607322,0.154067296951947,0.909891347065838,-0.112159765729251,0.998086042062166
FAM110A,ENSG00000125898.13,protein_coding,8.39516961275225,0.821932872653828,0.576785389541428,1.42502373943158,0.154150338982452,0.909891347065838,0.605960252911178,0.953507896005218
TNIP2,ENSG00000168884.15,protein_coding,11.973647450376,0.722886856874056,0.507309648138696,1.42494206354306,0.154173949194896,0.909891347065838,0.570652630591546,0.953507896005218
IRF5,ENSG00000128604.20,protein_coding,8.9023454339883,0.785307142836002,0.551136255276862,1.42488746715003,0.1541897330158,0.909891347065838,0.289840679509834,0.995521320397187
DCTN2,ENSG00000175203.17,protein_coding,9.03164771457772,0.70552022721199,0.495489228301413,1.42388610471026,0.154479444812358,0.909891347065838,0.561287148410091,0.953507896005218
SRI,ENSG00000075142.14,protein_coding,7.39752198809185,1.0547930337942,0.740840140886916,1.42377953836495,0.15451030066508,0.909891347065838,0.381812957994898,0.995521320397187
UNK,ENSG00000132478.10,protein_coding,4.31857586776795,1.1300184553238,0.794044268362237,1.42311770306526,0.15470203723747,0.909891347065838,0.943516663281902,0.95182832588077
SIDT2,ENSG00000149577.16,protein_coding,4.07925912491395,1.44949475184192,1.01875126176896,1.42281517210101,0.154789741942178,0.909891347065838,0.858039775257045,0.992587378328484
NKG7,ENSG00000105374.10,protein_coding,38.9189209023298,0.4879213850671,0.343259327213642,1.42143664100181,0.155189860729631,0.909891347065838,0.212159159340521,0.995521320397187
H1-10,ENSG00000184897.6,protein_coding,13.9375079932662,-0.72693628254881,0.511419949621657,-1.42140775518552,0.1551982532326,0.909891347065838,-0.418152047533282,0.985425634239731
EEF1D,ENSG00000104529.18,protein_coding,156.319213163537,0.235431025778472,0.165654716292975,1.42121535110471,0.155254163225687,0.909891347065838,0.193213033682635,0.95182832588077
DHX9,ENSG00000135829.17,protein_coding,19.8428223908193,-0.518073280181692,0.364558544897279,-1.42109761911538,0.155288382071337,0.909891347065838,-0.164848574444589,0.995521320397187
PHKB,ENSG00000102893.16,protein_coding,13.5123974721272,-0.744704668892275,0.52412701567255,-1.42084770794858,0.155361037820116,0.909891347065838,-0.370995871396424,0.992587378328484
MIR4435-2HG,ENSG00000172965.17,lncRNA,3.71342259061878,1.06956836894748,0.752836632123903,1.42071775377085,0.155398829114669,0.909891347065838,0.629403268201666,0.992587378328484
AEBP2,ENSG00000139154.16,protein_coding,7.64055736326946,0.707950503386775,0.498408130224237,1.42042326450065,0.15548449382281,0.909891347065838,0.775252566938141,0.870378725940802
AKAP13,ENSG00000170776.22,protein_coding,76.446080471911,-0.270991611347967,0.190848296550344,-1.4199320415547,0.155627466631664,0.909891347065838,-0.0145475359641053,0.998086042062166
RNF40,ENSG00000103549.22,protein_coding,18.7021638641791,-0.628205283989195,0.442967243025982,-1.41817548335588,0.156139537787624,0.909891347065838,-0.470926376343605,0.953507896005218
CD93,ENSG00000125810.10,protein_coding,4.88696131339281,0.982367317655013,0.692934109515248,1.41769225120444,0.156280633379071,0.909891347065838,0.86106593701903,0.953507896005218
ZNF777,ENSG00000196453.8,protein_coding,6.51291093168991,-0.804677112777855,0.568200076008069,-1.41618621108109,0.156720991981523,0.909891347065838,-0.489636234568407,0.992587378328484
KRR1,ENSG00000111615.14,protein_coding,9.43607922138285,0.58164281734917,0.410737281858233,1.41609452815614,0.15674782996105,0.909891347065838,0.24701299531645,0.995521320397187
RAD17,ENSG00000152942.19,protein_coding,6.33005897681357,-0.864851200382754,0.610898070334919,-1.415704587033,0.156862014812204,0.909891347065838,-0.0793009237204961,0.998086042062166
EIF4B,ENSG00000063046.18,protein_coding,173.338979831814,-0.224911768954388,0.15891618540698,-1.4152854750345,0.156984811954839,0.909891347065838,-0.215772789605551,0.922405531070794
SET,ENSG00000119335.17,protein_coding,72.0039393587683,-0.27911972536293,0.197239638015132,-1.41512998184227,0.157030388997613,0.909891347065838,0.067217493231484,0.998086042062166
MAML1,ENSG00000161021.13,protein_coding,8.36556478994965,-0.720586218226738,0.509346983187936,-1.4147256035889,0.157148964396474,0.909891347065838,-0.484844467026296,0.97236782393181
ADCY7,ENSG00000121281.13,protein_coding,4.92525389941132,-1.27301384152494,0.900144920153503,-1.41423210087977,0.157293765600394,0.909891347065838,-0.760377368347531,0.983262496850266
TRAPPC12,ENSG00000171853.16,protein_coding,6.45057240978023,-1.03895245703531,0.734706818496371,-1.41410482505334,0.15733112666169,0.909891347065838,-0.486274890412785,0.992587378328484
H1-2,ENSG00000187837.4,protein_coding,48.8328749699487,-0.407758107941665,0.288408769485713,-1.41382007443384,0.157414737865167,0.909891347065838,-0.514513659278593,0.80685246794675
PPRC1,ENSG00000148840.11,protein_coding,5.94519582929702,0.901552491178678,0.638014653868308,1.41305922318951,0.157638311476231,0.909891347065838,0.634643045111472,0.979511700603372
STX18,ENSG00000168818.10,protein_coding,3.45787096899853,0.956913840141945,0.677218773884369,1.41300548219198,0.15765411218184,0.909891347065838,0.873280332230684,0.937780004132405
DENR,ENSG00000139726.11,protein_coding,10.0649500317034,0.829461364631685,0.587144294741483,1.41270446134011,0.157742639271512,0.909891347065838,0.619815532206243,0.953507896005218
TNRC6B,ENSG00000100354.21,protein_coding,36.1640192968122,0.364240429489493,0.258191300448118,1.41073858359021,0.158321709692505,0.909891347065838,0.0324936779579602,0.998086042062166
RNU6-2,ENSG00000207357.1,snRNA,4.94026243926791,0.920522618692059,0.652557620491271,1.41063806441959,0.158351361892923,0.909891347065838,0.39260361953974,0.995521320397187
UQCRC1,ENSG00000010256.11,protein_coding,9.30941811642574,0.681790862119994,0.483424645600754,1.41033534041842,0.158440687998911,0.909891347065838,0.0681119803545213,0.998086042062166
ZNHIT1,ENSG00000106400.12,protein_coding,4.38371139838588,1.10295726105843,0.782292959533673,1.40990309016191,0.158568300108914,0.909891347065838,0.691236779569774,0.992587378328484
ELK4,ENSG00000158711.14,protein_coding,34.8794841482886,-0.388429457703328,0.275770911195829,-1.40852222599903,0.158976490354933,0.909891347065838,-0.275661202135992,0.953507896005218
PPFIA1,ENSG00000131626.19,protein_coding,9.3412584456678,0.617515843403653,0.4385230895508,1.40817178871061,0.159080207742806,0.909891347065838,0.471613705349063,0.953507896005218
UBXN1,ENSG00000162191.14,protein_coding,33.7181501941954,0.409313400067801,0.290734197788302,1.40786121199902,0.15917217056123,0.909891347065838,0.300779795935567,0.953507896005218
ARFGEF1,ENSG00000066777.9,protein_coding,18.8166573815551,0.556633563286057,0.395417487506372,1.40771104180638,0.159216650889372,0.909891347065838,0.224920336705887,0.995521320397187
PACS2,ENSG00000179364.14,protein_coding,7.70380010633724,0.838174814527265,0.595713558521665,1.40700979948702,0.159424482979491,0.909891347065838,0.536426310170587,0.983262496850266
NT5C2,ENSG00000076685.19,protein_coding,11.9108732753953,0.559857681436347,0.398176344841018,1.40605460040547,0.159707912092871,0.909891347065838,0.430935816237373,0.967795964188399
CAB39,ENSG00000135932.11,protein_coding,23.4409171746504,-0.482938852399763,0.343478108346081,-1.40602513134015,0.159716662285152,0.909891347065838,-0.376951717162748,0.953507896005218
NANS,ENSG00000095380.11,protein_coding,3.83887270562476,1.10242082858966,0.784787120983414,1.40473868532427,0.16009899768341,0.909891347065838,0.956865739721689,0.95182832588077
ZFAND5,ENSG00000107372.13,protein_coding,25.6048033311381,-0.482856911307719,0.343766308576915,-1.40460801207249,0.160137872823958,0.909891347065838,-0.490856992185014,0.908438905389404
PBX2,ENSG00000204304.12,protein_coding,11.0290106903591,-0.68454356681298,0.487479296067465,-1.40425156993384,0.160243950228202,0.909891347065838,-0.315863168543648,0.992587378328484
FGD3,ENSG00000127084.19,protein_coding,23.9974885286188,-0.564633164134484,0.402367969555691,-1.40327562543801,0.160534663738792,0.909891347065838,-0.304107073983263,0.992587378328484
AUTS2,ENSG00000158321.18,protein_coding,12.1893855352218,-0.634082030481966,0.451885080676098,-1.40319310726805,0.160559262444186,0.909891347065838,-0.625665462142762,0.91628069731862
SEPHS1,ENSG00000086475.15,protein_coding,4.30588842951155,-1.26886226038195,0.905145439926843,-1.40183246184669,0.160965282317401,0.909891347065838,-0.893076438097705,0.97236782393181
SHMT2,ENSG00000182199.11,protein_coding,5.75298931464506,-1.03258555504059,0.737293493399033,-1.40050816165516,0.161361201077143,0.909891347065838,-0.114282729425722,0.998086042062166
MCPH1,ENSG00000147316.14,protein_coding,5.53847805947831,0.872919759643792,0.623718496490367,1.39954124265301,0.161650739737925,0.909891347065838,0.716164804330627,0.964670761257056
ZSWIM7,ENSG00000214941.8,protein_coding,3.72734754254215,0.939446133289063,0.671452785416639,1.3991246349602,0.161775611500565,0.909891347065838,0.375907687429403,0.995521320397187
ZFAND1,ENSG00000104231.11,protein_coding,6.06777534892183,-0.836231502913015,0.598409916092392,-1.39742253666783,0.162286545954008,0.909891347065838,-0.416007486251508,0.992587378328484
MTR,ENSG00000116984.15,protein_coding,9.92357586567594,-0.653244031062526,0.467505671564168,-1.3972964838628,0.162324432753545,0.909891347065838,0.0655851094674464,0.998086042062166
TFEB,ENSG00000112561.19,protein_coding,7.13506162907027,-0.902876362986305,0.646411809427933,-1.39675103365661,0.162488451788508,0.909891347065838,-0.485539989350241,0.992587378328484
ERCC6L2,ENSG00000182150.19,protein_coding,5.81926583242588,-0.927460669470621,0.664279385075785,-1.39619065457648,0.162657090181162,0.909891347065838,0.0204936173146242,0.998086042062166
HEXIM1,ENSG00000186834.4,protein_coding,7.50132224988405,-0.820418116059367,0.587661098647905,-1.39607354978404,0.162692347933175,0.909891347065838,-0.623751348461733,0.953507896005218
MDC 1.00,ENSG00000137337.15,protein_coding,12.4741189424652,-0.64238826427225,0.460150217211798,-1.39604033692452,0.162702348665158,0.909891347065838,-0.374832471183342,0.987407932503804
RNA5SP150,ENSG00000199839.1,rRNA,1.85392991154511,1.53473976113429,1.09947969918735,1.39587821609499,0.162751171562766,0.909891347065838,1.52686338831263,0.908438905389404
CD36,ENSG00000135218.19,protein_coding,9.87302923657667,-0.636996682867663,0.456365413683896,-1.39580402845532,0.16277351695159,0.909891347065838,-0.224717998483232,0.995521320397187
SNX5,ENSG00000089006.17,protein_coding,12.6234685529213,-0.564115288310468,0.404303636405753,-1.39527631590315,0.162932531261716,0.909891347065838,-0.262240090744096,0.992587378328484
PHIP,ENSG00000146247.14,protein_coding,14.118539364578,0.577492170427039,0.413903380533759,1.39523424448073,0.162945213579298,0.909891347065838,0.427037673364427,0.961582619681793
WDR11-AS1,ENSG00000227165.9,lncRNA,3.82242957959546,-1.62415189198844,1.16430213662524,-1.39495740916192,0.163028683411853,0.909891347065838,-1.10952067919973,0.972381049224319
MAPKAPK5,ENSG00000089022.14,protein_coding,10.5039401311216,0.684580411666935,0.490809408029357,1.39479887807283,0.16307649733376,0.909891347065838,0.369568249306504,0.992587378328484
NDUFC1,ENSG00000109390.13,protein_coding,5.69317317377185,-0.993295048682861,0.712305800184964,-1.39447839456724,0.16317318936566,0.909891347065838,-0.331757082440166,0.995521320397187
SPTB,ENSG00000070182.21,protein_coding,16.1034341662033,-0.693111815308129,0.497071891758981,-1.39438947725534,0.163200023976537,0.909891347065838,-0.298271113018642,0.992587378328484
GLT1D1,ENSG00000151948.12,protein_coding,3.2794025632381,1.1466626697827,0.82301504258029,1.3932463083393,0.163545320651691,0.910592776809461,0.742904339535484,0.992587378328484
CRYL1,ENSG00000165475.15,protein_coding,2.6027956013149,-1.50459328315506,1.0806444973545,-1.39231105774232,0.163828224466586,0.910592776809461,-1.13206057372759,0.953507896005218
MFN1,ENSG00000171109.19,protein_coding,4.04726301026995,0.984012477069907,0.706764586411068,1.39227756453771,0.163838362656712,0.910592776809461,0.761730529093426,0.953507896005218
AGAP2,ENSG00000135439.12,protein_coding,8.82308111378861,-0.721204886928033,0.518551004791495,-1.39080800203641,0.164283655922821,0.910616877019356,-0.253750271232975,0.995521320397187
TAB1,ENSG00000100324.14,protein_coding,6.05414298444809,-0.964234440079339,0.693541554543017,-1.39030521496968,0.164436214947822,0.910616877019356,-0.094928137592867,0.998086042062166
NPM1P27,ENSG00000249353.2,processed_pseudogene,5.76244699863674,-0.838667935004043,0.603227428855827,-1.39030139361333,0.164437374857843,0.910616877019356,-0.432921525032216,0.992587378328484
NUDT16,ENSG00000198585.12,protein_coding,14.2032499150055,-0.683297179211207,0.491577456657277,-1.39000918361396,0.164526088662221,0.910616877019356,-0.313114837544277,0.992587378328484
SIPA1L1,ENSG00000197555.10,protein_coding,29.4963094150176,-0.45029040849683,0.324237582812341,-1.38876685605396,0.164903656832531,0.91175984534999,-0.174759783296003,0.995521320397187
POM121C,ENSG00000272391.6,protein_coding,6.31704252111551,-0.822011604137291,0.592344943242306,-1.3877245235485,0.165220945478996,0.912567501972072,-0.293339614964054,0.995521320397187
ZNF385A,ENSG00000161642.18,protein_coding,17.0293734297652,0.536999268719684,0.387158289926156,1.38702769046249,0.165433319366605,0.912697577859885,0.260303616529541,0.992587378328484
RIPOR2,ENSG00000111913.20,protein_coding,54.1720581165185,0.336018590170304,0.242604403792821,1.38504736483373,0.166037984830574,0.912697577859885,0.267293290591294,0.953507896005218
PTMS,ENSG00000159335.18,protein_coding,18.1389781744412,-0.581937623946221,0.420195980418006,-1.38491954008536,0.166077071412649,0.912697577859885,-0.358035626837825,0.983262496850266
TMEM248,ENSG00000106609.16,protein_coding,3.9783035554094,1.17251266749381,0.846677973009647,1.3848389882235,0.166101706323644,0.912697577859885,0.360999986454804,0.998086042062166
ABI2,ENSG00000138443.17,protein_coding,4.26470684232456,-1.09598349234201,0.791542957067468,-1.38461656762438,0.166169742755196,0.912697577859885,-0.50987548419342,0.992587378328484
RN7SL128P,ENSG00000240869.3,misc_RNA,6.95569827805732,0.799188852204989,0.577471903355332,1.38394413227968,0.166375562052471,0.912697577859885,0.367191252115254,0.992587378328484
TPT1,ENSG00000133112.17,protein_coding,865.073784871188,0.179638725212456,0.129900898963856,1.38289054691176,0.16669842928196,0.912697577859885,0.0597198190847506,0.997878976321691
USP15,ENSG00000135655.16,protein_coding,24.5949603554057,-0.454811140254114,0.329035110962952,-1.38225716679009,0.166892752758989,0.912697577859885,-0.235969221025489,0.992587378328484
SLAIN1,ENSG00000139737.22,protein_coding,6.36848690247493,-0.95624162298496,0.691963048748135,-1.3819258480853,0.16699447042047,0.912697577859885,-0.3557184691082,0.995521320397187
TMCC2,ENSG00000133069.17,protein_coding,26.8464674360321,-0.595984918538105,0.431326590906977,-1.38174861254181,0.167048902364345,0.912697577859885,-0.763379312662528,0.821049128875632
APPL1,ENSG00000157500.12,protein_coding,20.1257573569496,0.381083092829339,0.276052978456849,1.38047086091813,0.167441715463872,0.912697577859885,0.335001973895663,0.95182832588077
EIF3D,ENSG00000100353.18,protein_coding,43.3984669346562,0.382159072897025,0.276846123639181,1.38040247005626,0.16746276008862,0.912697577859885,0.291267744269765,0.953507896005218
COPS2,ENSG00000166200.15,protein_coding,7.44627212311438,-0.78817122695649,0.571196155434944,-1.37986087521252,0.167629484987603,0.912697577859885,-0.43714141188496,0.992587378328484
IFT20,ENSG00000109083.14,protein_coding,4.97175865965229,0.919415681150108,0.666329771250376,1.37982080468176,0.167641825276703,0.912697577859885,0.329318940965798,0.998086042062166
PIM1,ENSG00000137193.14,protein_coding,33.7137299130944,-0.425228327563777,0.308409287896781,-1.37877925293253,0.167962825349558,0.912937760954982,-0.26579006780521,0.983262496850266
PUM2,ENSG00000055917.16,protein_coding,26.2019964338738,-0.4277164154883,0.310428618576293,-1.3778253353377,0.16825722180993,0.912937760954982,-0.222553740535537,0.992587378328484
RGS19,ENSG00000171700.14,protein_coding,22.8527732527865,0.567863264572175,0.412476045828119,1.3767181641593,0.168599400645116,0.912937760954982,0.0414531951407134,0.998086042062166
GFOD1,ENSG00000145990.11,protein_coding,6.94025847539079,-0.858464995450033,0.62359215526728,-1.37664495648135,0.168622044372884,0.912937760954982,-1.55239517538403,0.483493776442193
JOSD1,ENSG00000100221.11,protein_coding,7.08397418814934,-0.907027739142025,0.659160967967333,-1.37603375081362,0.168811184312816,0.912937760954982,-0.567010366701426,0.983262496850266
EPAS1,ENSG00000116016.14,protein_coding,31.9063049514804,-0.541023246077317,0.393273184978464,-1.37569319939,0.168916638291701,0.912937760954982,-0.461049490995333,0.95182832588077
NADK,ENSG00000008130.15,protein_coding,16.883380107535,0.525088590063254,0.381752769162178,1.37546766514792,0.168986503646257,0.912937760954982,0.105211856294215,0.998086042062166
ALB,ENSG00000163631.17,protein_coding,20.6108555605555,0.67729916417414,0.49270375479199,1.37465801221686,0.169237494234703,0.912937760954982,0.330719041385914,0.992587378328484
RNA5SP226,ENSG00000199523.1,rRNA_pseudogene,2.8740201041392,0.994740713890379,0.723804423337947,1.37432251284534,0.169341580184041,0.912937760954982,0.857268023380169,0.953507896005218
MTREX,ENSG00000039123.16,protein_coding,9.36169984530436,-0.764888433256776,0.556698449405655,-1.37397263109569,0.169450179283629,0.912937760954982,-0.320443130287741,0.992587378328484
LINS1,ENSG00000140471.17,protein_coding,54.2732645793143,0.428324612541838,0.311829342526088,1.37358661975822,0.169570053160494,0.912937760954982,0.137636496447109,0.998086042062166
SCAF8,ENSG00000213079.10,protein_coding,13.2558190333037,0.491184671081237,0.358043392596993,1.37185794023046,0.170107665985934,0.914908031992966,0.271753530089381,0.992587378328484
DHX16,ENSG00000204560.10,protein_coding,7.63440040958982,-0.891587043357926,0.650813476607495,-1.36995786873609,0.170700053693184,0.916595748757315,0.0309388377464207,0.998086042062166
PLXND1,ENSG00000004399.13,protein_coding,5.09503987582614,-1.02235107846656,0.747304044126311,-1.36805238309906,0.171295679985959,0.916595748757315,-0.476794503386545,0.992587378328484
MARCHF6,ENSG00000145495.16,protein_coding,19.1091023482743,-0.517408617448974,0.378508744140364,-1.36696608852212,0.171635935092056,0.916595748757315,-0.213070349105654,0.995521320397187
CTSZ,ENSG00000101160.15,protein_coding,14.903079269636,0.573400207794676,0.419577749685846,1.36661252467273,0.171746789337821,0.916595748757315,0.118812251911973,0.998086042062166
FNIP2,ENSG00000052795.13,protein_coding,5.01282401575137,0.864931252941668,0.63340276241749,1.36553122951424,0.172086144530649,0.916595748757315,0.623340771594385,0.983262496850266
CTNNA1,ENSG00000044115.21,protein_coding,13.3273907115931,0.544374820573368,0.39879384545497,1.36505321427995,0.172236325320328,0.916595748757315,0.461962264872633,0.953507896005218
RGCC,ENSG00000102760.13,protein_coding,6.45581120974245,-1.11879920745949,0.820017545653471,-1.36436008398811,0.172454264174578,0.916595748757315,-0.442704553570244,0.992587378328484
PTBP1,ENSG00000011304.22,protein_coding,25.2159761626307,0.468915800606523,0.343913661827041,1.36346953510194,0.172734579426794,0.916595748757315,0.317843849563066,0.983262496850266
DCTN1,ENSG00000204843.13,protein_coding,33.3896593711096,-0.443628707380872,0.325519904013646,-1.36283127978028,0.172935690536362,0.916595748757315,-0.391242902574184,0.953507896005218
PPIF,ENSG00000108179.14,protein_coding,4.44246560025658,1.04248500667088,0.765337451283362,1.362124648314,0.173158550772191,0.916595748757315,0.624555028581033,0.992587378328484
TPP1,ENSG00000166340.18,protein_coding,5.32396429666201,0.935850633814365,0.687419831738761,1.36139603573441,0.173388568228157,0.916595748757315,0.123885315014847,0.998086042062166
NCF1C,ENSG00000165178.9,unprocessed_pseudogene,27.5922926874438,-0.625856898289917,0.459788369327237,-1.36118471027371,0.173455324771628,0.916595748757315,-0.67300628300085,0.908438905389404
MTA1,ENSG00000182979.18,protein_coding,7.4686951212473,0.739413431278192,0.543530059229502,1.36039105606481,0.173706207270976,0.916595748757315,0.583741343783088,0.953507896005218
VCL,ENSG00000035403.18,protein_coding,27.6619459088052,0.518226235124525,0.380977646506366,1.3602536523514,0.173749669558129,0.916595748757315,0.244389172937391,0.992587378328484
HNRNPA1P48,ENSG00000224578.5,protein_coding,10.0954174632495,-0.574831571469673,0.423382993271006,-1.35771058499207,0.174555536729646,0.916595748757315,-0.151919837168931,0.998086042062166
SSNA1,ENSG00000176101.12,protein_coding,6.21619898634536,0.895932364038668,0.660222711559147,1.35701536519833,0.174776328399548,0.916595748757315,0.656974878279778,0.974542098596117
EWSR1,ENSG00000182944.18,protein_coding,47.0809545961587,0.325972463205863,0.240241242440973,1.3568547177571,0.174827377322816,0.916595748757315,0.174449108199983,0.992587378328484
SVIL,ENSG00000197321.15,protein_coding,15.0078529633653,-0.635745434903448,0.468664394900315,-1.35650465838923,0.174938654204639,0.916595748757315,-0.0669891133722508,0.998086042062166
PPIAP22,ENSG00000198618.5,processed_pseudogene,9.46239135241201,0.705846218444733,0.520752448041469,1.35543523818159,0.175278928946492,0.916595748757315,0.0676739038997902,0.998086042062166
SLC35E1,ENSG00000127526.15,protein_coding,2.85643706420463,1.16322084613662,0.858639443387682,1.35472561282211,0.175504994349935,0.916595748757315,0.769627332244228,0.983262496850266
ZNF148,ENSG00000163848.20,protein_coding,20.8033241870785,-0.456475002298335,0.337064613202173,-1.3542655752609,0.17565166471269,0.916595748757315,-0.311851742713159,0.982590661581633
HMCES,ENSG00000183624.14,protein_coding,4.51212793701727,-1.06712289978711,0.787983760738457,-1.35424478644973,0.175658294813555,0.916595748757315,-0.948823035476216,0.95182832588077
LIX1L,ENSG00000271601.4,protein_coding,6.42726935551079,-0.820659313243845,0.606035605007958,-1.35414372763308,0.175690527798172,0.916595748757315,-0.688282635428033,0.95182832588077
TMSB4XP4,ENSG00000223551.1,processed_pseudogene,6.9027388436858,0.777006360203363,0.574119239244082,1.35338847244766,0.175931558188481,0.916595748757315,0.395806782701769,0.992587378328484
FOSL2,ENSG00000075426.12,protein_coding,15.2417653230404,0.591096675881786,0.436753421899051,1.35338762387169,0.175931829139663,0.916595748757315,0.228159486684461,0.995521320397187
WDR46,ENSG00000227057.10,protein_coding,7.91818035531674,0.653945786185986,0.483328273863974,1.35300544484602,0.176053890927538,0.916595748757315,0.172309079302405,0.998086042062166
DNAJA4,ENSG00000140403.13,protein_coding,9.18471894961336,-0.737723953363634,0.545305607295349,-1.35286331828249,0.176099299952852,0.916595748757315,-0.186583593878376,0.998086042062166
DLG1,ENSG00000075711.21,protein_coding,13.4107539823671,-0.563162748204023,0.416285407770461,-1.35282846261705,0.176110437570279,0.916595748757315,-0.333814283318681,0.992587378328484
TAF3,ENSG00000165632.8,protein_coding,9.40288061153771,0.914622054207633,0.676402547146128,1.35218599939725,0.176315821350244,0.916595748757315,0.476535558822484,0.992587378328484
MYO1E,ENSG00000157483.9,protein_coding,7.66319350488495,0.856454288261855,0.63352647051043,1.35188398295625,0.176412432175546,0.916595748757315,0.313638841521005,0.995521320397187
PIEZO1,ENSG00000103335.22,protein_coding,4.27330544986663,1.2166848682629,0.900662202651491,1.35087812576242,0.176734476339503,0.916595748757315,0.904013423691883,0.953507896005218
TSC2,ENSG00000103197.18,protein_coding,9.87140980601843,0.629908345066784,0.466316274068894,1.35081784637377,0.176753789828019,0.916595748757315,0.421928729401519,0.983262496850266
CEBPB,ENSG00000172216.6,protein_coding,19.2013172738968,0.503469492265497,0.372752269304563,1.35068122644782,0.176797568611306,0.916595748757315,0.537632700605329,0.922405531070794
OGDH,ENSG00000105953.15,protein_coding,22.2790383861812,-0.541313212664783,0.400970133663752,-1.35000880918158,0.177013157199899,0.916595748757315,-0.256582743971814,0.992587378328484
NDUFA12,ENSG00000184752.14,protein_coding,5.92301684959874,0.745032327544258,0.551896752185995,1.34994874420492,0.177032424593557,0.916595748757315,0.537119204598316,0.983262496850266
RNU4-2,ENSG00000202538.1,snRNA,8.88401150134985,0.813235031620665,0.603046939062822,1.34854350290624,0.17748363802759,0.916595748757315,0.426905530224737,0.992587378328484
CCDC90B,ENSG00000137500.9,protein_coding,9.22590592935555,0.555319633170868,0.411909444050762,1.34815950736597,0.177607085248086,0.916595748757315,0.21850321323881,0.995521320397187
KMT2E,ENSG00000005483.21,protein_coding,42.1750116129007,0.349083338079315,0.259102193838531,1.34728051857739,0.177889903988673,0.916595748757315,0.287729176081783,0.953507896005218
AP2B1,ENSG00000006125.18,protein_coding,25.6613607442478,-0.428650958913004,0.318184247156412,-1.34717844375963,0.177922768752059,0.916595748757315,-0.100891437456781,0.998086042062166
NUP160,ENSG00000030066.13,protein_coding,4.60051165723465,0.807987292145246,0.59978010702116,1.34713919766055,0.177935405919339,0.916595748757315,0.835414720575558,0.922405531070794
KHDC4,ENSG00000132680.11,protein_coding,4.83481165708044,-0.937440145801474,0.696521664909332,-1.34588799319473,0.178338641600616,0.916595748757315,-0.0554124956488258,0.998086042062166
DDX60,ENSG00000137628.18,protein_coding,6.42343100938173,-0.821624751688203,0.610764250921401,-1.34524041059819,0.178547610095509,0.916595748757315,-0.50344342694206,0.983262496850266
EIF2S1,ENSG00000134001.15,protein_coding,9.4502707772865,-0.644178525629125,0.479156888034319,-1.34440001117752,0.178819070218235,0.916595748757315,-0.457142438678792,0.979511700603372
KCNE3,ENSG00000175538.11,protein_coding,6.82701620839415,-0.91921363634224,0.684905107431726,-1.34210363796107,0.179562394491238,0.916595748757315,-0.644844984758161,0.964670761257056
UCP2,ENSG00000175567.11,protein_coding,43.7062561521758,0.340693392081136,0.253972517628812,1.34145771070817,0.17977189116414,0.916595748757315,0.120419739893893,0.997852416960843
PMPCB,ENSG00000105819.14,protein_coding,5.76940807451926,-0.897500001304758,0.669070125236859,-1.34141395266607,0.179786089986339,0.916595748757315,-0.958297898056139,0.922405531070794
STUB1,ENSG00000103266.11,protein_coding,13.07562438941,0.787014722323817,0.587153262160256,1.34039061526837,0.180118385188905,0.916595748757315,0.643675938350576,0.953507896005218
NIBAN2,ENSG00000136830.12,protein_coding,8.63868230120194,0.687334967219673,0.512830887514813,1.34027607141705,0.18015560792064,0.916595748757315,0.617149515024451,0.95182832588077
UBE2O,ENSG00000175931.13,protein_coding,17.5670506766002,-0.561336381926819,0.418901708854303,-1.34001931732882,0.180239064751281,0.916595748757315,-0.0366770625518274,0.998086042062166
ZHX2,ENSG00000178764.8,protein_coding,8.92107661476242,-0.812908924699387,0.606922161765794,-1.33939568516379,0.180441893350025,0.916595748757315,-0.509899068645313,0.983262496850266
RNPS1,ENSG00000205937.12,protein_coding,31.3217953910222,-0.405779525150795,0.303001637376937,-1.33919911675593,0.180505859906191,0.916595748757315,-0.197560826857983,0.992587378328484
TBCD,ENSG00000141556.22,protein_coding,6.19056914499895,-0.954596754963581,0.71282017882536,-1.33918312545057,0.180511064477708,0.916595748757315,-0.468678864825485,0.992587378328484
VPS13B,ENSG00000132549.20,protein_coding,10.9133018395873,-0.599439316908124,0.447710021620604,-1.33890082410551,0.180602961354577,0.916595748757315,-0.325134414926299,0.992587378328484
MLKL,ENSG00000168404.13,protein_coding,7.60113639885318,0.897777274400466,0.670632275378716,1.33870275464073,0.180667459168752,0.916595748757315,0.565677611143624,0.992587378328484
MLLT10,ENSG00000078403.17,protein_coding,5.13919551908327,0.876448032327842,0.654791095489586,1.33851550267727,0.180728450183674,0.916595748757315,0.566322678865846,0.992587378328484
SBK1,ENSG00000188322.8,protein_coding,7.03346919489087,-1.63261747472845,1.22066729333408,-1.33747949473537,0.181066171186143,0.916595748757315,-0.55994679153713,0.995521320397187
TMEM131L,ENSG00000121210.16,protein_coding,5.49121711437639,-0.954298089840476,0.713719758403436,-1.33707674280337,0.181197587872666,0.916595748757315,-0.582722985878344,0.983262496850266
SNRNP35,ENSG00000184209.15,protein_coding,4.2980815664173,-1.1264215780001,0.84297927028482,-1.33623876375929,0.181471244678749,0.916595748757315,-0.208878050608029,0.998086042062166
PABPN1,ENSG00000100836.11,protein_coding,16.3416014492803,0.583273137178734,0.436973496394797,1.33480209209704,0.18194112859602,0.916595748757315,0.090128820848133,0.998086042062166
SAT2,ENSG00000141504.12,protein_coding,5.14548330532315,0.988756301345442,0.740918795000162,1.33450022865897,0.182039971969739,0.916595748757315,0.76025050800328,0.967795964188399
FAM13B,ENSG00000031003.10,protein_coding,46.6490812810951,0.352049872235787,0.263825913596838,1.33440217238769,0.182072088477391,0.916595748757315,0.0989184702094272,0.998086042062166
SECTM1,ENSG00000141574.8,protein_coding,9.10774435744834,-0.951378623733039,0.713045048758541,-1.3342475701773,0.182122734092297,0.916595748757315,-1.04729160063915,0.911972164960405
PHF3,ENSG00000118482.12,protein_coding,33.4397769766483,-0.370833997742304,0.277942635432413,-1.33421055451019,0.182134861479624,0.916595748757315,-0.126545268288669,0.995521320397187
TNKS,ENSG00000173273.16,protein_coding,6.22815417954108,0.70143518620502,0.525774774328908,1.33409821173015,0.182171671843119,0.916595748757315,0.621911423699529,0.95182832588077
MIIP,ENSG00000116691.11,protein_coding,4.38991081697207,0.980128509337182,0.735041957933241,1.33343205616869,0.182390058503796,0.916595748757315,0.340951112819062,0.997878976321691
BATF,ENSG00000156127.8,protein_coding,6.73165336947583,-1.10366033272389,0.827714532808458,-1.33338281373306,0.182406209419018,0.916595748757315,-0.546935676757576,0.992587378328484
NOP53,ENSG00000105373.19,protein_coding,127.993137314959,-0.248443774139589,0.1863842455189,-1.33296552746673,0.182543116772442,0.916595748757315,-0.224302420288021,0.95182832588077
ULK2,ENSG00000083290.20,protein_coding,4.10121553771732,1.05446530839169,0.791264828732204,1.33263260302015,0.182652400505298,0.916595748757315,0.822254419655784,0.953507896005218
PSMB1,ENSG00000008018.9,protein_coding,8.53900722240922,0.693571014465454,0.521197415222238,1.33072612067678,0.183279144979912,0.916595748757315,0.514377476027252,0.979511700603372
PPARA,ENSG00000186951.16,protein_coding,5.26246461445954,0.856568939181694,0.644135058394636,1.32979711012238,0.183585128361554,0.916595748757315,0.560540769321855,0.985425634239731
TMBIM6,ENSG00000139644.13,protein_coding,7.69737118404432,-0.795329138604293,0.598090513104421,-1.32978056193551,0.183590582180101,0.916595748757315,-0.857539128983142,0.922405531070794
PPP2R2A,ENSG00000221914.11,protein_coding,10.0595628860157,-0.628055292105663,0.472511110766512,-1.32918629381397,0.183786515846798,0.916595748757315,-0.399259665613871,0.983262496850266
RASGRP2,ENSG00000068831.19,protein_coding,13.7751793418157,-0.608336992687215,0.457926743410821,-1.32845919449054,0.184026455347389,0.916595748757315,-0.255078554836718,0.995521320397187
NEK1,ENSG00000137601.17,protein_coding,10.8130599175339,0.630990630906177,0.475073847207901,1.32819483668619,0.184113749704639,0.916595748757315,0.185374313456678,0.998086042062166
BTBD2,ENSG00000133243.10,protein_coding,7.71104128060684,-0.748843468154248,0.563950982118859,-1.32785205079476,0.184226987676109,0.916595748757315,0.011264103837248,0.998086042062166
TSC1,ENSG00000165699.15,protein_coding,5.90415138765447,-0.867672964397367,0.653498013349871,-1.3277361930293,0.184265272489934,0.916595748757315,-0.437563701219948,0.992587378328484
MAF,ENSG00000178573.7,protein_coding,6.6009520236614,0.831285294893187,0.626396007265856,1.32709226312225,0.184478164336523,0.916595748757315,0.375122649669401,0.992587378328484
PLEKHO2,ENSG00000241839.10,protein_coding,16.9073939319732,-0.573179129786662,0.432055292754894,-1.32663374201928,0.184629868488701,0.916595748757315,-0.607136572513805,0.91628069731862
EIF2D,ENSG00000143486.16,protein_coding,7.40781377329443,-0.724171129209211,0.546056747383593,-1.32618291538204,0.184779116883306,0.916595748757315,-0.0242445330185302,0.998086042062166
RRAGD,ENSG00000025039.15,protein_coding,4.13020527500378,-1.1242363483572,0.848092957486951,-1.32560509839453,0.184970536580924,0.916595748757315,-0.649091535441577,0.992587378328484
NPAT,ENSG00000149308.17,protein_coding,10.0931844701283,0.667808223714842,0.504023682589776,1.3249540582766,0.185186389435283,0.916595748757315,0.760486627201224,0.870378725940802
CCNT1,ENSG00000129315.11,protein_coding,4.57124075858393,0.797750475477005,0.602159728420961,1.32481539004433,0.185232389055658,0.916595748757315,0.411652686281106,0.992587378328484
DOCK1,ENSG00000150760.13,protein_coding,4.92902222970705,-1.16463066011192,0.879671309013762,-1.32393843948104,0.185523490608717,0.916595748757315,-0.0878280698650494,0.998086042062166
MAST3,ENSG00000099308.10,protein_coding,37.5646256121913,0.394197941845504,0.298193743617593,1.32195242282155,0.186183994289571,0.916595748757315,0.168362018967973,0.995521320397187
FRMD8,ENSG00000126391.14,protein_coding,3.07486924512069,-1.49854036589447,1.13450885396549,-1.32087145962464,0.186544227524373,0.916595748757315,-0.234366901527506,0.998086042062166
FAM114A2,ENSG00000055147.19,protein_coding,7.305897698959,0.699463424977448,0.530027100822018,1.31967483151834,0.186943606616492,0.916595748757315,0.260628819574238,0.998086042062166
VPS4A,ENSG00000132612.16,protein_coding,4.89208545076767,0.91237882891,0.691530458604487,1.3193617396856,0.187048206343335,0.916595748757315,0.684841012505996,0.979511700603372
RN7SL1,ENSG00000276168.1,misc_RNA,10955.3483710856,0.21248067654984,0.161070635869215,1.31917698966786,0.187109949088165,0.916595748757315,-0.0431094684657757,0.998086042062166
CASP10,ENSG00000003400.15,protein_coding,6.74277075972372,0.816731052952434,0.619307920801231,1.31878024730539,0.187242589721099,0.916595748757315,0.545468630950369,0.983262496850266
NACC1,ENSG00000160877.6,protein_coding,9.23938110027646,-0.762268651899802,0.578361294309004,-1.31798005744925,0.187510323887989,0.916595748757315,-0.557441257323232,0.953507896005218
ZNF428,ENSG00000131116.12,protein_coding,5.37141052258108,-1.06481551983435,0.808335266014965,-1.31729440073029,0.187739961351749,0.916595748757315,-0.275600303255959,0.998086042062166
ZFAND3,ENSG00000156639.12,protein_coding,12.6906329194629,0.499993552971358,0.379731940300081,1.31670133562176,0.187938755757526,0.916595748757315,0.319632509212111,0.992587378328484
PSME4,ENSG00000068878.15,protein_coding,14.3112497998872,-0.606596277342274,0.460790976923945,-1.31642394864515,0.188031788696513,0.916595748757315,-0.374672639668445,0.992587378328484
ADGRE5,ENSG00000123146.20,protein_coding,9.51352322382248,-0.723800298327281,0.549963313099863,-1.31608833005167,0.188144397389529,0.916595748757315,-0.613734389611935,0.953507896005218
CFAP36,ENSG00000163001.12,protein_coding,5.53438786967434,-0.939031015925131,0.713640305715791,-1.31583237158006,0.188230311496234,0.916595748757315,-0.388864811138924,0.992587378328484
AKAP12,ENSG00000131016.17,protein_coding,11.5844833083368,-0.736246102799594,0.559748873574927,-1.31531502349873,0.188404051073915,0.916595748757315,-0.374599092903348,0.992587378328484
ARHGAP9,ENSG00000123329.20,protein_coding,16.4545415463089,-0.532829244612793,0.405395336485261,-1.31434478065873,0.188730203954706,0.916595748757315,0.0157923265366088,0.998086042062166
SPAST,ENSG00000021574.13,protein_coding,5.88667284420114,-0.951692449087182,0.724401626635608,-1.31376354510301,0.188925789057344,0.916595748757315,-0.748740277264849,0.953507896005218
RP11-678G14.3,ENSG00000268555.2,lncRNA,4.04631431769582,-1.05237837431235,0.801106729152754,-1.31365564164633,0.188962114889127,0.916595748757315,-1.3217014842018,0.870378725940802
RASA1,ENSG00000145715.15,protein_coding,8.76935095049508,0.701029684878587,0.533813084481386,1.31324934749334,0.189098940518467,0.916595748757315,0.26076063216641,0.995521320397187
TNFRSF14,ENSG00000157873.18,protein_coding,17.1217906536531,-0.599537770724512,0.456952475618728,-1.31203528312812,0.189508230029728,0.916595748757315,-0.71200313501897,0.887570013070269
L3MBTL3,ENSG00000198945.8,protein_coding,7.39550797643051,-0.81459625349828,0.620950316454157,-1.31185415630337,0.189569348043654,0.916595748757315,-0.131939296087984,0.998086042062166
SRP72,ENSG00000174780.17,protein_coding,16.6840799446994,-0.542028408979982,0.413657073089621,-1.31033274719939,0.190083293900781,0.916595748757315,-0.481606989272897,0.952925194935994
APAF1,ENSG00000120868.14,protein_coding,15.0854854859113,-0.618475483636619,0.472050638375017,-1.3101888512759,0.190131956329673,0.916595748757315,-0.256551762957368,0.995521320397187
DNAJB2,ENSG00000135924.17,protein_coding,8.84843066092986,-0.750582300563801,0.572897278132225,-1.31015162615342,0.190144546539185,0.916595748757315,-0.549096129509426,0.983262496850266
RSL1D1,ENSG00000171490.13,protein_coding,35.4526097352817,0.366482020727617,0.27983053131687,1.3096570234955,0.190311888387069,0.916595748757315,0.223595951369144,0.992587378328484
SUZ12P1,ENSG00000264538.6,transcribed_unprocessed_pseudogene,9.25225378574611,0.697935538192464,0.533107088105236,1.30918450301057,0.190471860320971,0.916595748757315,0.189434768854031,0.998086042062166
PSEN1,ENSG00000080815.19,protein_coding,11.1348029210532,0.709444353844822,0.541988093391044,1.30896667748928,0.190545638541964,0.916595748757315,0.417637444831158,0.992587378328484
BNIP3L,ENSG00000104765.16,protein_coding,546.866673185192,-0.25414368902777,0.194157776475085,-1.30895446807088,0.190549774534822,0.916595748757315,0.0114876745454465,0.998086042062166
GAS5,ENSG00000234741.8,lncRNA,11.7139505028363,0.52581798489848,0.401821148690169,1.30858713288862,0.190674241816261,0.916595748757315,0.353700912196243,0.983262496850266
NDUFB2,ENSG00000090266.13,protein_coding,9.5862445500876,0.607924266129458,0.464641165853983,1.30837366726241,0.190746599669214,0.916595748757315,0.532116172555316,0.953507896005218
RACK1,ENSG00000204628.12,protein_coding,275.359920262359,0.207636764120549,0.158706744240042,1.30830460365629,0.190770014296121,0.916595748757315,0.0580445617137921,0.998086042062166
XPA,ENSG00000136936.11,protein_coding,5.88312816598558,0.779621024613587,0.596108866538187,1.30785007299274,0.190924166564537,0.916595748757315,0.497089872233333,0.992587378328484
RNA5SP298,ENSG00000201861.1,rRNA_pseudogene,5.5001432558354,0.929432086315422,0.710764112945199,1.30765196130138,0.190991384039414,0.916595748757315,1.14226455217014,0.870378725940802
VOPP1,ENSG00000154978.13,protein_coding,4.50224743145838,-1.03125938894527,0.788719113656697,-1.30751159834849,0.191039018439014,0.916595748757315,-1.50923670333761,0.793227009754725
RNA5SP149,ENSG00000201822.1,rRNA_pseudogene,141.693273225686,0.551412792185616,0.422050328136401,1.30650956870577,0.191379327160171,0.916595748757315,0.590372285978682,0.922405531070794
ZNF646,ENSG00000167395.10,protein_coding,8.59901051012184,-0.727079022140761,0.556762474644351,-1.30590522036386,0.191584791098516,0.916595748757315,-0.910052977833945,0.870378725940802
DBI,ENSG00000155368.17,protein_coding,18.5567462419516,0.456329323561786,0.349563631199172,1.30542563022462,0.19174795568351,0.916595748757315,0.140097803946836,0.998086042062166
UBR1,ENSG00000159459.12,protein_coding,8.86568839407555,0.71509145711551,0.548105754230767,1.30465964204134,0.192008769620129,0.916595748757315,0.29425994293344,0.995521320397187
RHBDF2,ENSG00000129667.13,protein_coding,4.62502318635694,-1.14545788129811,0.878000933450453,-1.30462034567159,0.192022156806819,0.916595748757315,-1.33120848843329,0.91628069731862
SFMBT2,ENSG00000198879.13,protein_coding,10.3512953104835,-0.654714174774203,0.501942835472707,-1.3043600356555,0.192110854564648,0.916595748757315,-0.278915157888366,0.995521320397187
TUBA1A,ENSG00000167552.15,protein_coding,21.2779811687427,-0.454516874555038,0.34872110495008,-1.3033821816437,0.192444316635385,0.916595748757315,-0.18840634211965,0.995521320397187
SOS 2,ENSG00000100485.12,protein_coding,19.1080421173623,0.408731673593921,0.313869157354988,1.302235864901,0.192835768383409,0.916595748757315,0.206154661137681,0.992587378328484
EIF3F,ENSG00000175390.15,protein_coding,36.2938361243584,0.387794642641828,0.29791726768593,1.30168568493535,0.193023855108734,0.916595748757315,0.375178131554801,0.9348146750332
HMGB2,ENSG00000164104.12,protein_coding,29.4842550461364,-0.416634302656532,0.320130586451874,-1.30145109617373,0.193104093535908,0.916595748757315,-0.196028209558724,0.992587378328484
ATAD2B,ENSG00000119778.15,protein_coding,10.8468964027039,0.520621559181915,0.400118660230158,1.30116790574686,0.193200988253059,0.916595748757315,0.170404008342983,0.998086042062166
RIT1,ENSG00000143622.11,protein_coding,8.07066005767317,0.707934367654849,0.5443737842444,1.30045639254556,0.193444592875164,0.916595748757315,0.292520927410194,0.995521320397187
CD22,ENSG00000012124.17,protein_coding,20.3492049422624,-0.521291057563154,0.400939845881762,-1.30017273892225,0.193541771766671,0.916595748757315,-0.303765797678179,0.992587378328484
CCDC28A,ENSG00000024862.18,protein_coding,7.69733490036767,0.752038155256425,0.578444679211759,1.3001038513851,0.193565377842581,0.916595748757315,-0.0429376782644125,0.998086042062166
ZMYND8,ENSG00000101040.19,protein_coding,14.2119801170441,0.570805154010756,0.439126688180178,1.29986441128476,0.193647444561413,0.916595748757315,0.380007188380786,0.992587378328484
DDX54,ENSG00000123064.13,protein_coding,17.2755710122584,-0.567342083838971,0.436810168718328,-1.29882984524752,0.19400232982223,0.916595748757315,-0.435825762934292,0.964670761257056
STT3B,ENSG00000163527.10,protein_coding,6.37163361470623,0.787735452390588,0.606538515991427,1.29873937371146,0.194033386790348,0.916595748757315,0.399136499951937,0.992587378328484
ZNF33B,ENSG00000196693.15,protein_coding,5.54619558967049,-0.879444935682699,0.677470442879844,-1.2981303390068,0.194242550526592,0.916595748757315,-0.255780389661559,0.998086042062166
UQCRC2,ENSG00000140740.11,protein_coding,11.4151772647756,-0.541247424557646,0.417043984124504,-1.29781856389532,0.194349688978724,0.916595748757315,-0.398720937071585,0.973554781348489
RHOF,ENSG00000139725.8,protein_coding,15.8993349189458,-0.639110017895709,0.492491140504149,-1.29770865977705,0.194387466784644,0.916595748757315,-0.316566898024934,0.992587378328484
ST13,ENSG00000100380.14,protein_coding,95.7540196314946,-0.245808925067373,0.189419193360121,-1.29769808807096,0.194391100925825,0.916595748757315,-0.117248359423417,0.992587378328484
NELFB,ENSG00000188986.9,protein_coding,5.23383063177334,-0.842852125519889,0.650845486676242,-1.29501109368399,0.195316402544951,0.916595748757315,-0.619151092360023,0.97079952078263
ZMYM2,ENSG00000121741.17,protein_coding,7.71607603374819,0.692769662511583,0.535040514503637,1.29479851288322,0.195389745142421,0.916595748757315,0.500893189576446,0.982590661581633
RP11-20O24.4,ENSG00000244716.3,processed_pseudogene,11.0568229325191,0.558948158474059,0.431724142634479,1.29468821239236,0.195427807919942,0.916595748757315,0.184873942756975,0.998086042062166
DMAC1,ENSG00000137038.8,protein_coding,4.71195154934718,0.928603832544909,0.717547483651236,1.29413572439794,0.195618543712921,0.916595748757315,0.478838043775876,0.995521320397187
ODF2,ENSG00000136811.16,protein_coding,11.740646875664,0.618022148563734,0.477702916284164,1.29373744119264,0.195756127904897,0.916595748757315,0.228010473904396,0.995521320397187
PNKD,ENSG00000127838.14,protein_coding,5.31517674118264,0.946679677385942,0.731747501487167,1.29372450942703,0.195760596282826,0.916595748757315,0.338554753533951,0.998086042062166
TMCC3,ENSG00000057704.13,protein_coding,2.70115392359783,1.06954163309852,0.826790354797533,1.2936068096252,0.195801269123284,0.916595748757315,0.790205774965579,0.992587378328484
VPS13A,ENSG00000197969.14,protein_coding,9.71085411275225,0.664190337944326,0.513493446795224,1.29347383513776,0.195847227799567,0.916595748757315,0.283248848063799,0.995521320397187
GAS7,ENSG00000007237.19,protein_coding,17.8859160994679,0.481617729770553,0.372464733496913,1.29305592303692,0.195991718153977,0.916595748757315,0.175849734434487,0.997852416960843
UBL5,ENSG00000198258.11,protein_coding,7.89244516789845,-0.764220483728738,0.591295873145401,-1.29245022405359,0.196201273217636,0.916595748757315,-0.497631599546473,0.983262496850266
PSMB9,ENSG00000240065.8,protein_coding,17.154155648814,0.484791796228621,0.375182324245807,1.29214988260215,0.196305243897485,0.916595748757315,0.112095124172531,0.998086042062166
TIMM22,ENSG00000177370.5,protein_coding,2.78884144262433,-1.41035799713115,1.0923822412561,-1.29108469898725,0.196674309176999,0.916595748757315,-0.738603412198607,0.992587378328484
CLCN3,ENSG00000109572.14,protein_coding,10.1326753913968,-0.764256638520308,0.591975633642068,-1.2910271894441,0.196694249557045,0.916595748757315,-0.146166546513768,0.998086042062166
ATG16L2,ENSG00000168010.11,protein_coding,7.58934944413793,0.790955103836114,0.612684004417508,1.29096744509936,0.196714966381556,0.916595748757315,0.0481105354082233,0.998086042062166
RAB1B,ENSG00000174903.16,protein_coding,21.4519283340469,0.429431251075915,0.332771991955818,1.29046693068126,0.196888586490505,0.916595748757315,0.186572064241133,0.995521320397187
COX5A,ENSG00000178741.12,protein_coding,9.13616496795323,0.744207962884412,0.576863276686806,1.29009419209131,0.197017956168949,0.916595748757315,0.461151081343861,0.992587378328484
MXI1,ENSG00000119950.21,protein_coding,42.9689961241466,-0.438800995738606,0.340214690513164,-1.28977674384589,0.197128184802205,0.916595748757315,-0.290214377236549,0.983262496850266
YKT6,ENSG00000106636.9,protein_coding,7.90131128764446,0.688366559938479,0.533796085166055,1.28956839337692,0.197200555579557,0.916595748757315,0.408378844378359,0.992587378328484
CSGALNACT2,ENSG00000169826.8,protein_coding,6.11004362319624,0.779596912226048,0.604618376635998,1.28940327047882,0.197257925023516,0.916595748757315,0.274076655802233,0.998086042062166
NLRC5,ENSG00000140853.16,protein_coding,18.3993716451751,0.580008650638797,0.450018515894196,1.2888550807433,0.19744847282693,0.916595748757315,0.26566840149556,0.995521320397187
WASHC3,ENSG00000120860.11,protein_coding,5.30650899432455,0.767587426633016,0.595745213456731,1.28844917138183,0.197589651516221,0.916595748757315,0.577242753073456,0.979511700603372
DOT1L,ENSG00000104885.18,protein_coding,6.0271904401673,-0.779623968139161,0.60509106584238,-1.28844071933834,0.1975925919929,0.916595748757315,-0.810139583576068,0.95182832588077
STRAP,ENSG00000023734.11,protein_coding,7.87385721097521,0.639400673476077,0.497099945578614,1.28626180542391,0.198351707514547,0.919317044393509,0.288997918502139,0.995521320397187
PPIG,ENSG00000138398.17,protein_coding,21.6746382925878,-0.49730883215716,0.386786107394581,-1.28574636640149,0.198531593710878,0.919351341858367,-0.166182704125976,0.995521320397187
H2BC12,ENSG00000197903.8,protein_coding,58.1844684542989,0.304569511404833,0.237213832675595,1.28394498739604,0.199161204789566,0.920152313858568,-0.0015508095306616,0.998592526220086
PTPN7,ENSG00000143851.15,protein_coding,8.04004257104483,-0.93088925259649,0.72544304929035,-1.28320100868995,0.199421662694609,0.920152313858568,-0.350817295080901,0.995521320397187
CAPN2,ENSG00000162909.18,protein_coding,30.3189189676406,-0.387642241756488,0.302163068524363,-1.28289086965383,0.199530312064744,0.920152313858568,-0.118163204084705,0.998086042062166
PLEC,ENSG00000178209.16,protein_coding,46.1942460597606,-0.402249300145777,0.313599670227606,-1.28268406613384,0.199602784476961,0.920152313858568,-0.222650470590193,0.992587378328484
ZBTB37,ENSG00000185278.15,protein_coding,4.71423460259629,0.88385372702179,0.689415189592435,1.28203402008636,0.19983071241178,0.920152313858568,0.398448764553171,0.995521320397187
EI24,ENSG00000149547.15,protein_coding,7.56175846668215,0.708417524738141,0.552726554643422,1.28167810789398,0.199955587658932,0.920152313858568,0.491110832291065,0.986826316970206
IGHG3,ENSG00000211897.9,IG_C_gene,3.38014814225384,-1.22783484477636,0.958291853819464,-1.2812744258261,0.200097292391965,0.920152313858568,-0.403711073630416,0.997878976321691
UQCRH,ENSG00000173660.12,protein_coding,15.3232018586518,0.488941376306204,0.381676702744194,1.28103542288747,0.200181224272693,0.920152313858568,0.299112367845094,0.992587378328484
PPP1R14B,ENSG00000173457.11,protein_coding,6.64458412961133,-0.967455493099234,0.755343050850784,-1.28081603717614,0.200258289695298,0.920152313858568,-0.411693662450873,0.995521320397187
DAPP1,ENSG00000070190.13,protein_coding,18.9819648836473,-0.616192480073812,0.481979039006755,-1.27846323222611,0.201086140945032,0.921084097753505,-0.124582325975121,0.998086042062166
SELPLG,ENSG00000110876.10,protein_coding,8.52458456092014,-0.721237952669911,0.564199945858542,-1.27833750776492,0.201130448162718,0.921084097753505,-1.17706713408091,0.668581646012979
SNRNP70,ENSG00000104852.15,protein_coding,12.3231980997254,0.552343940946373,0.432111596007954,1.27824373622273,0.201163499321008,0.921084097753505,0.256419644285554,0.995521320397187
TGFB1,ENSG00000105329.11,protein_coding,59.4134759581888,-0.308698065244245,0.241532842913312,-1.27807904515511,0.201221556697952,0.921084097753505,-0.346915267044655,0.91628069731862
SAP130,ENSG00000136715.19,protein_coding,5.78215633307348,-0.928483187840633,0.726756012337475,-1.2775720765685,0.201400351468434,0.921084097753505,-0.579863000156261,0.992587378328484
HIP1,ENSG00000127946.17,protein_coding,13.7872900660064,-0.505379457275616,0.395768595295022,-1.27695694727593,0.201617447287399,0.921084097753505,-0.375895599587051,0.979511700603372
PPHLN1,ENSG00000134283.18,protein_coding,12.5232457935505,-0.537787614573377,0.421197604361479,-1.27680596709149,0.201670758363666,0.921084097753505,-0.187847002591682,0.995521320397187
BAG5,ENSG00000166170.11,protein_coding,7.81885282927952,-0.74950110107332,0.58741325878848,-1.27593493994184,0.201978518606343,0.921161656720998,-0.271801423156946,0.995521320397187
RAD23B,ENSG00000119318.13,protein_coding,30.1874251933484,-0.365379014578671,0.286396627285517,-1.27577973959314,0.202033391502223,0.921161656720998,-0.302933579411334,0.953507896005218
SAFB2,ENSG00000130254.12,protein_coding,21.9152581892584,-0.45826094919443,0.359652046034848,-1.27417862416395,0.20260011898924,0.921407817881198,-0.365230977412321,0.953507896005218
PLEK,ENSG00000115956.10,protein_coding,59.2304935951391,-0.286158404980972,0.224681215986452,-1.27361962024554,0.202798255383113,0.921407817881198,-0.284657390490309,0.95182832588077
TRIP12,ENSG00000153827.14,protein_coding,59.117556115955,-0.306973508098336,0.241040000623926,-1.27353761742343,0.202827332777906,0.921407817881198,-0.0842739260039119,0.998086042062166
TSPYL1,ENSG00000189241.8,protein_coding,15.8170313768831,-0.525756774957303,0.41299972106379,-1.27301968534767,0.203011056569665,0.921407817881198,-0.306552324405679,0.992587378328484
POLR2I,ENSG00000105258.9,protein_coding,6.48418420003338,0.75883665381737,0.596118606390548,1.27296253745889,0.203031335813878,0.921407817881198,0.748599496810639,0.95182832588077
NMT1,ENSG00000136448.13,protein_coding,12.8564371942311,-0.614418539981049,0.482767870936173,-1.27269973204634,0.203124612759926,0.921407817881198,0.186045832317692,0.998086042062166
MAPRE1,ENSG00000101367.9,protein_coding,17.7145196629772,0.429274405502755,0.337466894061919,1.27204894185558,0.203355730605457,0.921671806230515,0.425746066156703,0.937780004132405
ATXN10,ENSG00000130638.17,protein_coding,6.00947144287928,-0.746410456921559,0.587677210730024,-1.2701027763087,0.204048022828565,0.922590728419974,-0.277370465227363,0.995521320397187
TUBB4B,ENSG00000188229.6,protein_coding,15.9139124619934,-0.548145107054449,0.431625707753144,-1.26995472514335,0.204100757864857,0.922590728419974,-0.216954021108342,0.995521320397187
ATP5PF,ENSG00000154723.13,protein_coding,20.5547875384305,0.411026052568489,0.323775444085665,1.26947877016807,0.204270357674933,0.922590728419974,0.112696749125301,0.998086042062166
SELP,ENSG00000174175.17,protein_coding,2.7651957364828,-1.25180491127151,0.98651746391877,-1.26891307762453,0.204472067515154,0.922590728419974,-0.599291149284345,0.992587378328484
MFAP1,ENSG00000140259.7,protein_coding,8.1558011477723,-0.690691239528671,0.544573760507211,-1.26831531303559,0.204685370726436,0.922590728419974,0.230576199067392,0.99774483465285
VAV2,ENSG00000160293.17,protein_coding,8.5467593921191,-0.885310828599616,0.698041819628302,-1.26827763567379,0.204698820739874,0.922590728419974,-0.393588633574979,0.992587378328484
IPO9,ENSG00000198700.10,protein_coding,8.59096048831122,0.65464106536119,0.516465277930965,1.26754129141804,0.20496180895069,0.922590728419974,-0.142660542602511,0.998086042062166
SDE2,ENSG00000143751.10,protein_coding,8.92223432951653,-0.792363618920502,0.625272792978651,-1.26722868453283,0.205073531966975,0.922590728419974,-0.259609231090138,0.997878976321691
GSK3B,ENSG00000082701.17,protein_coding,13.6654914956467,0.441264316649967,0.348328840402039,1.26680385161522,0.205225434562528,0.922590728419974,0.242490384060228,0.992587378328484
ERCC3,ENSG00000163161.14,protein_coding,4.50438980544983,0.796920702701953,0.629422252120679,1.2661145995664,0.205472056413731,0.922590728419974,0.197864389897468,0.998086042062166
SERF2,ENSG00000140264.21,protein_coding,100.976999927452,0.229486206872239,0.18137083956192,1.26528722823655,0.205768383203646,0.922590728419974,0.163872131707653,0.983262496850266
MLH3,ENSG00000119684.16,protein_coding,10.3584835351376,0.753636077086879,0.59570376029709,1.2651188851167,0.205828714050984,0.922590728419974,0.383750616782614,0.992587378328484
POLR3C,ENSG00000186141.9,protein_coding,4.49550025064164,-0.962412013775256,0.761077808599493,-1.26453826783657,0.206036894408106,0.922590728419974,-0.219360165022633,0.998086042062166
CMTM5,ENSG00000166091.21,protein_coding,2.32269532461978,1.28735392465342,1.0180967674344,1.26447108549175,0.206060992510435,0.922590728419974,0.795512708931286,0.992587378328484
IVNS1ABP,ENSG00000116679.16,protein_coding,17.4245005158404,-0.567448143761069,0.448856144841909,-1.26420936926447,0.206154888845814,0.922590728419974,-1.08351997338605,0.483493776442193
PPP3CC,ENSG00000120910.15,protein_coding,7.85336153258137,-0.883067775702629,0.69950573047154,-1.26241678550274,0.206798852355023,0.923848923521784,-0.456099751840303,0.995521320397187
CLOCK,ENSG00000134852.15,protein_coding,4.97914932500616,-1.02635427201959,0.813765840998798,-1.26124029826549,0.207222283708233,0.923848923521784,-0.7475317949377,0.982003512507167
EIF3J,ENSG00000104131.13,protein_coding,22.5798598507791,0.377749185495096,0.299662133870162,1.26058364671049,0.207458893580653,0.923848923521784,0.349483410417107,0.953507896005218
SLC25A24,ENSG00000085491.17,protein_coding,7.94098656197708,-0.730201338634948,0.579685860093255,-1.25965007757388,0.207795621902142,0.923848923521784,-0.893921439412831,0.908438905389404
PARN,ENSG00000140694.17,protein_coding,10.6936471283531,0.569313127300168,0.452150445702067,1.2591232248288,0.207985826889972,0.923848923521784,0.211925547356467,0.995521320397187
TPST2,ENSG00000128294.16,protein_coding,4.40612560311064,-1.09027470864301,0.866769337810586,-1.25786026464317,0.208442296236363,0.923848923521784,-0.800436831497792,0.983262496850266
ARHGEF12,ENSG00000196914.9,protein_coding,73.3507245813399,-0.307721109070061,0.244982725776855,-1.25609309021384,0.209082221069623,0.923848923521784,-0.132651904821268,0.995521320397187
ZNF430,ENSG00000118620.13,protein_coding,16.5275369375191,0.539090536565897,0.429251115006285,1.25588616481055,0.209157245367587,0.923848923521784,0.447224928824436,0.953507896005218
KIFAP3,ENSG00000075945.13,protein_coding,5.24780186894153,-0.877919173418266,0.699177447952952,-1.25564572482799,0.209244445434679,0.923848923521784,-0.412461019034184,0.992587378328484
WIPF1,ENSG00000115935.18,protein_coding,80.0438470634368,-0.244824403310093,0.195041420776195,-1.2552431290532,0.209390513295668,0.923848923521784,-0.172243220177659,0.987407932503804
LYPLA2,ENSG00000011009.11,protein_coding,3.41215770858499,-1.17677864505537,0.937568341638816,-1.25513905791489,0.209428283894621,0.923848923521784,-0.759873274254981,0.992587378328484
ZCRB1,ENSG00000139168.9,protein_coding,6.17013327047125,-0.72670967393071,0.579091942623931,-1.25491242485244,0.209510553036241,0.923848923521784,-0.187117302344955,0.998086042062166
CUL4A,ENSG00000139842.15,protein_coding,22.1409566897043,-0.449988650051763,0.35875270199912,-1.25431431608525,0.209727782433105,0.923848923521784,-0.233020447608144,0.992587378328484
MCRS1,ENSG00000187778.14,protein_coding,3.9938419962784,0.854620588892775,0.681350049741833,1.2543047281153,0.209731266051916,0.923848923521784,0.406487092622757,0.995521320397187
LINC02884,ENSG00000231246.2,lncRNA,2.63145028244413,-1.32982083143483,1.06073991674025,-1.25367284708347,0.209960941186655,0.923848923521784,-0.776230367034082,0.992587378328484
TCP11L2,ENSG00000166046.11,protein_coding,27.655442577999,-0.360978894220381,0.288085080687629,-1.2530287696911,0.210195236753893,0.923848923521784,-0.0604527820313854,0.998086042062166
SEC24D,ENSG00000150961.15,protein_coding,5.41155788325619,0.840100666097719,0.670734648705079,1.25250822768679,0.210384732160152,0.923848923521784,0.801610921931941,0.95182832588077
H4C5,ENSG00000276966.2,protein_coding,35.3549930883187,-0.320723387365184,0.256216457844632,-1.25176731449339,0.210654663500586,0.923848923521784,-0.231866817442389,0.983262496850266
HNRNPA1,ENSG00000135486.19,protein_coding,200.379294758088,-0.189171527580844,0.151188909080549,-1.25122622242124,0.210851953756907,0.923848923521784,-0.110236795599666,0.992587378328484
SMCR8,ENSG00000176994.11,protein_coding,16.3654608355063,-0.588387118456642,0.470347290857733,-1.25096312850798,0.210947930006288,0.923848923521784,-0.298540830996741,0.992587378328484
GMPR,ENSG00000137198.10,protein_coding,5.37787257758881,-1.02645960933995,0.821241603847572,-1.24988749295082,0.211340648842952,0.923848923521784,-0.248073193028931,0.998086042062166
TAX1BP1,ENSG00000106052.14,protein_coding,25.8804274846801,-0.38689349578915,0.309546940878585,-1.24987019639423,0.211346968200346,0.923848923521784,-0.314366112966724,0.953507896005218
STK39,ENSG00000198648.11,protein_coding,19.049135903814,0.40952699096662,0.327818932638468,1.24924752719594,0.211574553560563,0.923848923521784,0.0135508032553208,0.998086042062166
CACYBP,ENSG00000116161.18,protein_coding,11.832709203692,-0.627296406914237,0.502341265033075,-1.248745525361,0.211758163987259,0.923848923521784,-0.366147764413389,0.992587378328484
DOK1,ENSG00000115325.14,protein_coding,2.86100529134048,1.20817060938036,0.968204543689021,1.24784645688299,0.212087291887028,0.923848923521784,0.301152920753133,0.998086042062166
PCYT1A,ENSG00000161217.12,protein_coding,8.97846688954574,-0.71142478615994,0.571108528129683,-1.24569105716172,0.212877838055259,0.923848923521784,-0.361891589900461,0.992587378328484
PSMB2,ENSG00000126067.12,protein_coding,4.38365935848033,0.826671862676856,0.6639636875585,1.24505583387649,0.213111227317879,0.923848923521784,1.02994598259012,0.870378725940802
OGFOD1,ENSG00000087263.17,protein_coding,4.12282392881984,0.835407913376164,0.671535038345981,1.24402728922948,0.21348951952826,0.923848923521784,0.446756200125047,0.995521320397187
RGS2,ENSG00000116741.8,protein_coding,23.3664650604531,-0.44975587340989,0.361661640769037,-1.24358190836476,0.21365347805396,0.923848923521784,-0.497759738893014,0.922405531070794
VTA1,ENSG00000009844.16,protein_coding,4.72325440987067,0.680306361061745,0.547141879363752,1.24338199417826,0.21372710220961,0.923848923521784,0.628900245934889,0.953507896005218
GRK3,ENSG00000100077.15,protein_coding,20.0209952124188,-0.42679174907611,0.343364851387196,-1.2429686595814,0.21387938262075,0.923848923521784,0.0041644009072153,0.998086042062166
IFITM2,ENSG00000185201.17,protein_coding,53.1648747952076,0.270343935757467,0.217654999271623,1.24207547109952,0.214208717712552,0.923848923521784,0.0441407363968964,0.998086042062166
LRCH1,ENSG00000136141.15,protein_coding,8.85775104372871,0.529085779158406,0.426030554810791,1.24189632218606,0.214274817236388,0.923848923521784,0.464961139278814,0.953507896005218
SQSTM1,ENSG00000161011.20,protein_coding,22.8406752747298,0.540350982207226,0.435157281667601,1.24173719473682,0.214333541891982,0.923848923521784,0.196325223504771,0.998086042062166
RP11-156P1.3,ENSG00000262879.6,lncRNA,7.25518484437013,0.651812275984875,0.525298356824773,1.24084202342614,0.214664113673752,0.923848923521784,0.241760783128934,0.998086042062166
DDIT4,ENSG00000168209.6,protein_coding,6.21270424841799,0.765281628779061,0.616905241616769,1.24051730663437,0.214784116947853,0.923848923521784,0.617271072793261,0.983262496850266
CHFR,ENSG00000072609.18,protein_coding,9.47917453144685,-0.685287360024845,0.552480033081546,-1.24038393967388,0.214833418432929,0.923848923521784,-0.428248771990491,0.992587378328484
PKP4,ENSG00000144283.22,protein_coding,19.1796318914388,-0.487061764406131,0.39277605791829,-1.2400495258992,0.214957076341385,0.923848923521784,-0.152407031855857,0.998086042062166
ZNF25,ENSG00000175395.16,protein_coding,5.23267145161085,-1.00985924658564,0.814419159809033,-1.23997481447076,0.214984709781231,0.923848923521784,-1.43472351583001,0.870378725940802
CPNE1,ENSG00000214078.13,protein_coding,6.28174464058519,-0.762121612442042,0.614786312462826,-1.23965286310457,0.215103818891937,0.923848923521784,-0.310400983554256,0.995521320397187
SAP30L,ENSG00000164576.12,protein_coding,5.14768784035529,0.914541638397997,0.73783977419692,1.2394854145582,0.215165786942656,0.923848923521784,0.346227922486481,0.998086042062166
XYLT1,ENSG00000103489.12,protein_coding,4.90466364007186,-0.945472226562885,0.763005199289524,-1.23914257392121,0.215292702858324,0.923848923521784,-0.153879127614401,0.998086042062166
AIF1L,ENSG00000126878.13,protein_coding,16.3246524058183,-0.499785644655348,0.403393025914477,-1.23895459898533,0.215362312047187,0.923848923521784,-0.290896866413936,0.992587378328484
TRIM26,ENSG00000234127.9,protein_coding,12.4543270883189,-0.645732560319979,0.521286357427868,-1.23872906152034,0.215445852451205,0.923848923521784,-0.0879603676593097,0.998086042062166
EIF5B,ENSG00000158417.11,protein_coding,38.0139976813582,-0.402035093358233,0.324558364048162,-1.23871432041904,0.215451313454534,0.923848923521784,-0.214060018079782,0.992587378328484
GIMAP6,ENSG00000133561.15,protein_coding,28.7368524870092,-0.335569663806499,0.270929852182074,-1.23858504739812,0.215499208340652,0.923848923521784,-0.0757591580469292,0.998086042062166
GNAI2,ENSG00000114353.17,protein_coding,143.597455556767,-0.190513257685718,0.153868616076886,-1.23815539869756,0.215658445736782,0.923848923521784,-0.126160485685579,0.992587378328484
CHST11,ENSG00000171310.11,protein_coding,5.1899245923831,0.697251080328858,0.563270917595852,1.23786096272263,0.215767619208233,0.923848923521784,0.758703872900899,0.922405531070794
ECHDC1,ENSG00000093144.19,protein_coding,6.05264708751449,-0.849596250840349,0.686690485968176,-1.23723317593732,0.216000528221582,0.923848923521784,-0.347685854450422,0.995521320397187
CLASRP,ENSG00000104859.15,protein_coding,5.9402534395365,-0.91202050175727,0.737515727937999,-1.23661159648373,0.216231312613322,0.923848923521784,-0.352215943640802,0.995521320397187
PPP2R2D,ENSG00000175470.20,protein_coding,7.47330854049778,-0.730357536754357,0.590653431406075,-1.2365246655991,0.216263603067478,0.923848923521784,-0.489709341320959,0.992587378328484
ECPAS,ENSG00000136813.15,protein_coding,12.9676556710003,-0.591989276800796,0.478837132840719,-1.23630611788355,0.216344797891897,0.923848923521784,-0.381270959354653,0.992587378328484
H3C2,ENSG00000286522.2,protein_coding,17.0169691335448,-0.719140265975447,0.58169878216186,-1.2362760384383,0.216355974721933,0.923848923521784,-0.82368145071549,0.91628069731862
ZBTB16,ENSG00000109906.15,protein_coding,5.9798660864556,0.680726062665274,0.550810832011876,1.23586179338353,0.216509940935685,0.923848923521784,0.550972482672498,0.967795964188399
NSD1,ENSG00000165671.21,protein_coding,22.874522536515,-0.458690568525975,0.371506554081585,-1.23467692154159,0.216950768321235,0.923848923521784,-0.267516696098201,0.992587378328484
TMX4,ENSG00000125827.9,protein_coding,5.10435485419332,0.805887998913995,0.652993984204907,1.23414306778837,0.217149597601256,0.923848923521784,0.255928845197925,0.998086042062166
NGLY1,ENSG00000151092.18,protein_coding,4.22610986912481,0.903280126307401,0.732274852375733,1.23352607750611,0.217379553616626,0.923848923521784,0.515628063389947,0.992587378328484
MAP1LC3B,ENSG00000140941.14,protein_coding,23.8780036816672,-0.420456871693118,0.340874591090703,-1.23346498296565,0.217402333447731,0.923848923521784,-0.207115255729842,0.992587378328484
RRAS2,ENSG00000133818.14,protein_coding,4.48477060895187,0.762539180367444,0.618217066865183,1.23344893118865,0.2174083188298,0.923848923521784,0.686321896309898,0.953507896005218
ST13P6,ENSG00000225259.4,processed_pseudogene,5.81231760417122,-0.778533311448411,0.631360687451095,-1.23310387694786,0.217537011212953,0.923848923521784,-0.512840550148894,0.992587378328484
ZNF106,ENSG00000103994.18,protein_coding,32.536281217469,-0.406671360197948,0.329807187975867,-1.23305790481348,0.217554161241605,0.923848923521784,-0.202317818082585,0.992587378328484
FOXN2,ENSG00000170802.16,protein_coding,8.97196785226567,-0.587826826783094,0.476981638118855,-1.23238879614191,0.217803884094222,0.923848923521784,0.0128950956997786,0.998086042062166
TMEM123,ENSG00000152558.15,protein_coding,11.4984172723022,-0.571294265247087,0.463566981721888,-1.23238774065628,0.21780427818232,0.923848923521784,-0.774136175838102,0.870378725940802
BTG2,ENSG00000159388.6,protein_coding,34.0282829128872,-0.364388546618218,0.295884499868275,-1.23152293134801,0.218127345500942,0.923848923521784,-0.201061003257037,0.992587378328484
PRCC,ENSG00000143294.15,protein_coding,9.66477647251373,0.750907920077582,0.60982069997374,1.23135852900683,0.218188800318763,0.923848923521784,0.306119683754708,0.995521320397187
CSPP1,ENSG00000104218.16,protein_coding,9.30274666215394,0.550133107570095,0.446980006831551,1.23077788527892,0.218405948840864,0.923848923521784,0.156112240844144,0.998086042062166
LYPLAL1,ENSG00000143353.12,protein_coding,4.36614631684498,0.805742578772203,0.655017792428124,1.23010792696997,0.218656692031219,0.923848923521784,0.616419001348839,0.983262496850266
PIN1,ENSG00000127445.14,protein_coding,8.5969153183281,0.618106388896351,0.502637629939117,1.22972565538163,0.218799856244221,0.923848923521784,0.339778612914921,0.992587378328484
UBLCP1,ENSG00000164332.8,protein_coding,5.9556090609718,0.692959527878024,0.563869202090374,1.22893664933124,0.219095559107181,0.923848923521784,0.370458536883951,0.992587378328484
GLG1,ENSG00000090863.12,protein_coding,7.13831825444696,-0.852407101713793,0.693631700771954,-1.22890447591299,0.219107623113851,0.923848923521784,-0.702686695994653,0.953507896005218
ARHGAP15,ENSG00000075884.14,protein_coding,10.9578617556269,0.618628326405842,0.503448178054928,1.22878253089705,0.219153352939447,0.923848923521784,0.225791834138646,0.997007468931721
BPGM,ENSG00000172331.12,protein_coding,55.5171885966145,-0.318714839732287,0.259414393696468,-1.22859350705576,0.219224251113233,0.923848923521784,-0.189855068072305,0.992587378328484
CDC37,ENSG00000105401.9,protein_coding,30.1177888823144,0.384159220850816,0.312822164190242,1.22804348549034,0.219430644290449,0.923848923521784,0.286897583752894,0.983262496850266
SCAMP2,ENSG00000140497.16,protein_coding,3.18474695393884,1.16325295622941,0.947438896253368,1.22778678480425,0.219527017824396,0.923848923521784,0.672765451263725,0.992587378328484
PHF20,ENSG00000025293.17,protein_coding,11.6983236541355,0.47284142544367,0.385483839323124,1.22661802443895,0.219966191413581,0.923848923521784,0.449439814664005,0.953507896005218
SHE,ENSG00000169291.10,protein_coding,6.99514136542427,-0.939454041294779,0.766464100883172,-1.22569868596882,0.220312084893535,0.923848923521784,-0.414600714766235,0.995521320397187
PPM1K,ENSG00000163644.15,protein_coding,7.47616348030416,-0.853023114919836,0.69620216992174,-1.22525201984895,0.220480280076994,0.923848923521784,-0.816979614638372,0.953507896005218
MAML2,ENSG00000184384.14,protein_coding,11.2870961595904,0.656166686524268,0.535566056154601,1.22518348387422,0.220506095914587,0.923848923521784,0.525030277584983,0.967795964188399
GIGYF1,ENSG00000146830.11,protein_coding,10.1956511059666,0.664973508070052,0.542889161340906,1.22487895397949,0.220620831148984,0.923848923521784,0.554377388861274,0.983262496850266
HSPH1,ENSG00000120694.20,protein_coding,10.0633836939898,0.504694933198016,0.412091427836384,1.22471592250251,0.220682272775271,0.923848923521784,0.592118022013654,0.922405531070794
TMEM154,ENSG00000170006.12,protein_coding,11.1026139010348,0.578403940815941,0.472383395524253,1.22443749356182,0.220787232580416,0.923848923521784,0.148813697376835,0.998086042062166
PLXNC1,ENSG00000136040.9,protein_coding,8.52457606126389,0.643663459984071,0.525966820679752,1.22377198461342,0.221038255571858,0.923848923521784,0.0819216024752689,0.998086042062166
APPL2,ENSG00000136044.12,protein_coding,3.72799571793687,-1.07409387466084,0.877766328633347,-1.22366721030774,0.221077793973298,0.923848923521784,-0.45867491867621,0.995521320397187
HECTD4,ENSG00000173064.14,protein_coding,14.7501252541007,-0.564618406551099,0.461917895031787,-1.22233499204928,0.22158097174607,0.923848923521784,0.152217366532247,0.998086042062166
MAEA,ENSG00000090316.16,protein_coding,7.04696219896159,0.571372934280179,0.467498066383682,1.22219314980277,0.221634593745349,0.923848923521784,0.367905161497488,0.992587378328484
KHDRBS1,ENSG00000121774.18,protein_coding,34.3504675515869,-0.334196865298022,0.273479262849855,-1.22201903652747,0.221700428184411,0.923848923521784,-0.277979608989893,0.953507896005218
EEF1A1P5,ENSG00000196205.8,processed_pseudogene,239.004642763117,0.181748296406487,0.148730989736853,1.22199345763819,0.221710101067252,0.923848923521784,0.165255389220784,0.953507896005218
SLC1A5,ENSG00000105281.12,protein_coding,7.05786297130175,-0.675505385470702,0.552922555682048,-1.22169981768504,0.221821165267402,0.923848923521784,-0.539457427347073,0.982590661581633
DCAF5,ENSG00000139990.18,protein_coding,15.4309800336939,-0.523424918642729,0.428523350566893,-1.221461836211,0.221911206852529,0.923848923521784,-0.172445238126154,0.998086042062166
ZNF740,ENSG00000139651.11,protein_coding,4.34696912576635,-0.983601803795414,0.805483063751703,-1.22113281837868,0.222035735653172,0.923848923521784,0.442762310900202,0.992587378328484
METTL7A,ENSG00000185432.12,protein_coding,5.50108346904532,0.774418320083638,0.634637176543314,1.22025363263727,0.222368741108767,0.924181541135196,0.90839218718438,0.912726614722998
IFIH1,ENSG00000115267.9,protein_coding,8.16005837694756,0.662286256054294,0.542854753575055,1.22000636761989,0.222462461027478,0.924181541135196,0.180776706000127,0.998086042062166
SEPTIN2,ENSG00000168385.18,protein_coding,21.8256865565517,-0.410457329045286,0.336774061183869,-1.21879139860831,0.222923376979544,0.925080433418979,-0.0689131642526682,0.998086042062166
RPTOR,ENSG00000141564.15,protein_coding,5.31445878983762,-0.893994302785464,0.733704423065043,-1.21846655776016,0.223046725730961,0.925080433418979,-0.234826166302011,0.998086042062166
KIF20B,ENSG00000138182.15,protein_coding,6.95751952180416,-0.740221949564814,0.607871656976702,-1.21772736246063,0.223327595390787,0.925080433418979,-0.853613390317992,0.91628069731862
VPS11,ENSG00000160695.15,protein_coding,6.37975142084207,0.746515287848184,0.613240025395424,1.21732968647443,0.223478803692128,0.925080433418979,0.133039776715053,0.998086042062166
SHISA5,ENSG00000164054.16,protein_coding,11.110546777404,-0.564072446103455,0.463436574410503,-1.21715133688135,0.223546641321509,0.925080433418979,-0.509861925100161,0.953507896005218
RAF1,ENSG00000132155.13,protein_coding,14.8658019757806,-0.592934679231758,0.488009551728122,-1.21500629881542,0.224363689016294,0.926960070626491,-0.634366341350416,0.95182832588077
DHX8,ENSG00000067596.12,protein_coding,16.6716696856021,-0.4600474760052,0.378716335512523,-1.21475477254661,0.224459635322368,0.926960070626491,-0.510189058925932,0.922405531070794
SPPL3,ENSG00000157837.16,protein_coding,3.91721665973435,0.797069253112146,0.656688722648572,1.21377027748762,0.22483545926872,0.926960070626491,0.349316554898372,0.995521320397187
GRB2,ENSG00000177885.15,protein_coding,50.7137243703973,-0.315422829141897,0.260052477854789,-1.21291991425679,0.225160441039007,0.926960070626491,-0.47845402616,0.784543500352545
POLR1D,ENSG00000186184.19,protein_coding,17.9275920262259,0.468829470980726,0.386552021140473,1.21284961749134,0.22518732123231,0.926960070626491,0.560645182228976,0.894609228247739
NCF4,ENSG00000100365.16,protein_coding,11.9491750629421,-0.635327216453749,0.524145987093621,-1.2121188220416,0.225466899774936,0.926960070626491,-0.208822388277669,0.998086042062166
COX6C,ENSG00000164919.11,protein_coding,51.0241980473747,0.318319546746118,0.262683688863724,1.21179791605278,0.225589746238964,0.926960070626491,0.120433303347694,0.997007468931721
EIF3E,ENSG00000104408.11,protein_coding,45.5595921097981,-0.32505819889742,0.268349970230281,-1.21132191152649,0.225772054191235,0.926960070626491,-0.039020611330137,0.998086042062166
LDLRAD4,ENSG00000168675.19,protein_coding,5.49156901783013,-0.783808938343596,0.647315204208085,-1.21086131338827,0.225948561652671,0.926960070626491,-0.472788545303663,0.992587378328484
RABEP1,ENSG00000029725.17,protein_coding,28.8324898859784,-0.424576530227626,0.350662179422357,-1.21078506649057,0.225977789998254,0.926960070626491,0.0113273238633244,0.998086042062166
NRDC,ENSG00000078618.22,protein_coding,19.7390344486616,0.456200078650357,0.376880867135792,1.21046229307785,0.226101551256224,0.926960070626491,0.236838728253627,0.992587378328484
ST6GAL1,ENSG00000073849.16,protein_coding,11.3323566377827,-0.762423970154486,0.630550607651696,-1.20914001335105,0.226609058943245,0.926960070626491,-0.483413840621123,0.992587378328484
CSTB,ENSG00000160213.9,protein_coding,15.1430488500154,-0.470983835387462,0.389539454042503,-1.20907864530732,0.226632632490435,0.926960070626491,-0.429446295080723,0.953507896005218
DDX39A,ENSG00000123136.15,protein_coding,7.29438086200147,0.892110634706797,0.737895723746187,1.2089928237796,0.22666560238386,0.926960070626491,0.491348628395567,0.992587378328484
TRAPPC1,ENSG00000170043.12,protein_coding,17.3172381562338,0.51351469656031,0.424779842681864,1.20889610325719,0.22670276342373,0.926960070626491,0.0694598786739951,0.998086042062166
ZBTB38,ENSG00000177311.12,protein_coding,11.5162326285562,-0.555250193159963,0.459560753682636,-1.20821934577862,0.226962902331384,0.926960070626491,0.0358823894204312,0.998086042062166
NUCKS1,ENSG00000069275.13,protein_coding,40.172531883595,0.353102629802921,0.29239787306578,1.20761011733996,0.227197265744235,0.926960070626491,0.370799378525713,0.947543342162046
TAF12,ENSG00000120656.13,protein_coding,5.23385831082959,0.868962948898135,0.719603199915926,1.20755848361939,0.22721713659127,0.926960070626491,0.342434770617649,0.998086042062166
SRP9,ENSG00000143742.14,protein_coding,14.9679696443601,0.416347989948544,0.344850299542957,1.20732964564724,0.227305218069198,0.926960070626491,0.205225754215204,0.992587378328484
TUBA1C,ENSG00000167553.16,protein_coding,12.2841819542898,0.481812622108596,0.399296392542315,1.20665408229937,0.227565389537842,0.927141953284982,-0.130999944612999,0.998086042062166
MAPKAPK2,ENSG00000162889.11,protein_coding,23.4304726807339,0.392967378373987,0.325844770623913,1.20599565744618,0.22781916483186,0.927141953284982,0.153513094666905,0.998086042062166
BTAF1,ENSG00000095564.14,protein_coding,4.79568859096816,0.723515492289697,0.600651821855159,1.20455056650801,0.228376849995944,0.927141953284982,0.455961935268763,0.992587378328484
HLA-DMA,ENSG00000204257.15,protein_coding,5.70043128903136,-0.941586673127614,0.781861432489088,-1.20428842503464,0.228478118943056,0.927141953284982,-1.15327227572154,0.91628069731862
HCP5,ENSG00000206337.12,lncRNA,12.2633361973203,-0.473470621295353,0.393382686358308,-1.20358784896826,0.228748918278302,0.927141953284982,-0.684283430701063,0.870378725940802
NUAK2,ENSG00000163545.11,protein_coding,6.64696636517161,-0.794613304338115,0.660467379261553,-1.20310757092431,0.228934696014143,0.927141953284982,-0.244946249539265,0.998086042062166
SGTB,ENSG00000197860.10,protein_coding,6.57897856613113,0.722038500286549,0.600219200911001,1.20295801798852,0.22899256693982,0.927141953284982,0.262979938068878,0.998086042062166
GFM1,ENSG00000168827.15,protein_coding,4.00244833957117,0.870688215921039,0.723876230537377,1.20281365679693,0.22904843874721,0.927141953284982,0.314496253680194,0.998086042062166
SIAE,ENSG00000110013.13,protein_coding,3.36053225723711,1.09725437022774,0.912595907428094,1.20234417149651,0.229230209740875,0.927141953284982,0.901324590957775,0.983262496850266
TSPAN5,ENSG00000168785.8,protein_coding,10.5511869722435,-0.628342790311718,0.522649201171714,-1.20222663481175,0.229275732574952,0.927141953284982,-0.312104654765837,0.992587378328484
PMVK,ENSG00000163344.6,protein_coding,3.41441536776779,-0.984907643125607,0.819401391880148,-1.20198434233276,0.229369594557532,0.927141953284982,-0.264520531943955,0.998086042062166
SUGP1,ENSG00000105705.16,protein_coding,6.04697523921317,-0.835217891726293,0.695004056318807,-1.20174534829358,0.229462205537257,0.927141953284982,-0.979820166051459,0.91628069731862
TUT7,ENSG00000083223.18,protein_coding,24.2381641088127,0.357823452513663,0.297848364149361,1.20136114742677,0.229611140400784,0.927141953284982,0.143888358762293,0.995521320397187
MYCT1,ENSG00000120279.6,protein_coding,2.77310233135326,-1.22582116664491,1.02137319012492,-1.20016971122473,0.230073436048355,0.928305385418419,0.031677402678327,0.998086042062166
EXOSC10,ENSG00000171824.14,protein_coding,10.6747399470771,0.562471145905873,0.469310349877823,1.19850573517567,0.230720191621687,0.929497501500641,0.174141390330167,0.998086042062166
PITHD1,ENSG00000057757.10,protein_coding,20.0653478585713,-0.479211321271846,0.399853251496638,-1.19846798663803,0.230734878728281,0.929497501500641,-0.0235024000232074,0.998086042062166
GYPA,ENSG00000170180.22,protein_coding,3.7001944640029,0.869007934345772,0.725343437004814,1.19806410317049,0.230892062286463,0.929497501500641,0.924063670157709,0.937780004132405
AKR1A1,ENSG00000117448.14,protein_coding,7.42735049804415,-0.672573225477664,0.56183860428299,-1.19709329396472,0.231270193496258,0.929818554989419,-0.995254975184928,0.870378725940802
GIPC3,ENSG00000179855.9,protein_coding,2.91228226300563,-1.35033048973746,1.12812988271395,-1.19696367450968,0.231320713680294,0.929818554989419,-1.30157094762239,0.953507896005218
RBM25,ENSG00000119707.14,protein_coding,23.9282779862461,-0.434619264905927,0.363440858659863,-1.19584591151508,0.23175669574049,0.930493869301025,-0.171113979637253,0.995521320397187
PRPF3,ENSG00000117360.13,protein_coding,6.13886259429735,0.865043349833613,0.723909709341777,1.1949602811933,0.232102548799349,0.930493869301025,0.504538474398074,0.992587378328484
ABI1,ENSG00000136754.18,protein_coding,13.2992804826737,-0.460537854832627,0.385400597826689,-1.19495884912905,0.232103108340282,0.930493869301025,-0.42432584861192,0.953507896005218
STAT4,ENSG00000138378.19,protein_coding,6.99357941465285,0.658595158950925,0.551351545412454,1.19451040707294,0.232278372218446,0.930493869301025,0.520097751684973,0.983262496850266
MED21,ENSG00000152944.9,protein_coding,4.65299005031004,-0.976340725997132,0.817828320022473,-1.19382112613843,0.232547945871181,0.930493869301025,-0.995286045112324,0.947543342162046
IRAG2,ENSG00000118308.15,protein_coding,11.7549574496099,0.528948470383322,0.443238292495898,1.19337268313346,0.232723448401357,0.930493869301025,0.178856856247259,0.998086042062166
PRKCA,ENSG00000154229.12,protein_coding,5.72212615683807,-0.836559547198425,0.701454662271536,-1.19260672455918,0.23302343101806,0.930493869301025,0.0139146657435219,0.998086042062166
SNX9,ENSG00000130340.17,protein_coding,8.67886305410233,-0.708728199666028,0.59436988701782,-1.19240260172329,0.23310342064089,0.930493869301025,-0.523199767781972,0.983262496850266
H1-5,ENSG00000184357.5,protein_coding,20.6400773885029,-0.613311299219498,0.514702277135482,-1.19158458484546,0.23342417232862,0.930493869301025,-0.765019278512512,0.908438905389404
RAB7A,ENSG00000075785.14,protein_coding,52.0024258073325,0.260860750903602,0.218933406816166,1.19150729300367,0.233454495319377,0.930493869301025,0.117320751769038,0.995521320397187
BUB3,ENSG00000154473.18,protein_coding,5.60706417166005,-0.868777919513458,0.729201240447855,-1.19141036976278,0.233492524010648,0.930493869301025,0.0253110225045006,0.998086042062166
SH3GL1,ENSG00000141985.9,protein_coding,9.17650580943264,-0.667779167624498,0.560603923602414,-1.19117819107184,0.233583639235417,0.930493869301025,-1.02877670179418,0.857105051885908
RNF169,ENSG00000166439.6,protein_coding,10.916960530054,-0.762837424998156,0.641831632770392,-1.18853198572569,0.234623885909762,0.933845057451543,-0.500388282016836,0.992587378328484
MTMR12,ENSG00000150712.11,protein_coding,6.62283179181434,-0.664489588450597,0.559302922888074,-1.18806743404696,0.234806843313551,0.933845057451543,-0.339451808853162,0.992587378328484
SMARCB1,ENSG00000099956.20,protein_coding,15.6111347611068,-0.569903159095723,0.480026689145125,-1.18723223517146,0.235136029157068,0.933845057451543,-0.658954235142645,0.924967709107893
NUB1,ENSG00000013374.17,protein_coding,14.7940666996675,-0.525076873713575,0.442318032693577,-1.18710257078153,0.235187164449994,0.933845057451543,-0.336608865478913,0.992587378328484
ASB8,ENSG00000177981.11,protein_coding,6.33922498224338,0.76960785371381,0.649070649206518,1.18570737200126,0.235737882229628,0.933845057451543,0.287525890772117,0.998086042062166
RSRP1,ENSG00000117616.18,protein_coding,4.40572656599388,0.854951526069319,0.721178871894763,1.18549164345746,0.235823116742071,0.933845057451543,0.303310099716222,0.998086042062166
BTBD1,ENSG00000064726.10,protein_coding,6.08390876467884,0.691269683057841,0.583438524446574,1.18482008659533,0.236088588944009,0.933845057451543,0.452284704768634,0.992587378328484
NUMB,ENSG00000133961.21,protein_coding,15.1996449608405,-0.446934158116107,0.377345186389301,-1.18441727690415,0.236247924462735,0.933845057451543,-0.371714435336977,0.969245942057854
SSU72,ENSG00000160075.12,protein_coding,24.7560492615609,-0.395592420089109,0.334192146992043,-1.18372745634423,0.236520966693948,0.933845057451543,-0.501457323272308,0.887570013070269
SEC11C,ENSG00000166562.9,protein_coding,5.15679884242393,0.949377099653116,0.802566412648612,1.182926527563,0.236838267203316,0.933845057451543,0.165175281530639,0.998086042062166
CCL5,ENSG00000271503.6,protein_coding,138.533229747697,0.357458702480325,0.302364607172695,1.18221079451988,0.237122070559192,0.933845057451543,0.24073847247298,0.992587378328484
SERINC1,ENSG00000111897.7,protein_coding,9.71380571051659,-0.668039782754537,0.565140061553049,-1.18207826378245,0.23717464817125,0.933845057451543,-0.338001834343059,0.992587378328484
ACADM,ENSG00000117054.15,protein_coding,7.88482607126691,0.691371547304421,0.585212199364597,1.18140316974781,0.237442599427903,0.933845057451543,0.4665205416756,0.992587378328484
ZNF160,ENSG00000170949.18,protein_coding,9.23966909588684,0.61719522233213,0.522777800897539,1.18060717435302,0.237758812242226,0.933845057451543,0.332465556898132,0.992587378328484
NUFIP2,ENSG00000108256.9,protein_coding,20.8980840045153,-0.402486786725399,0.341052037366282,-1.18013306659458,0.237947294989204,0.933845057451543,-0.425602710388396,0.947543342162046
NNT,ENSG00000112992.18,protein_coding,3.53819760319916,1.00045487071077,0.847750585638368,1.18012878747517,0.23794899664434,0.933845057451543,0.648036313921506,0.992587378328484
ABCB10,ENSG00000135776.5,protein_coding,4.07572532804918,-0.975320463284888,0.826479886523957,-1.18008977494532,0.237964510950284,0.933845057451543,-0.573517810605294,0.992587378328484
INO80,ENSG00000128908.17,protein_coding,11.524324646752,0.511664548293431,0.433641864576765,1.17992424184601,0.238030347262829,0.933845057451543,0.395064053682104,0.983262496850266
ANXA6,ENSG00000197043.14,protein_coding,42.6389416522148,-0.314010205155994,0.266267257052011,-1.17930461534239,0.238276901114928,0.933845057451543,-0.0481648418608862,0.998086042062166
RAP1BL,ENSG00000254893.6,translated_processed_pseudogene,8.73205290486456,0.598204021026812,0.507314296049245,1.17915861170359,0.238335023251139,0.933845057451543,0.361542381268542,0.992587378328484
MYBBP1A,ENSG00000132382.15,protein_coding,7.99998541145217,-0.740523677592264,0.628148161041261,-1.17889969838441,0.238438117860583,0.933845057451543,-0.417425707651955,0.992587378328484
PABIR1,ENSG00000187866.10,protein_coding,3.94979562694425,0.98316579365189,0.834044127798258,1.17879349651114,0.238480414631486,0.933845057451543,0.43936633549281,0.995521320397187
STK38L,ENSG00000211455.8,protein_coding,7.43513778319002,0.636815562325521,0.540547652348596,1.17809329031151,0.238759416673855,0.933845057451543,0.431927944083326,0.992587378328484
SPRING1,ENSG00000111412.6,protein_coding,4.84520408236626,-1.01715690309125,0.863657426595086,-1.17773190129485,0.238903504727222,0.933845057451543,-0.823935361524629,0.964670761257056
EXOC5,ENSG00000070367.16,protein_coding,9.50959293721059,-0.565278747703234,0.47999366180215,-1.17767960847833,0.238924359278999,0.933845057451543,-0.41157143794056,0.983262496850266
C1orf198,ENSG00000119280.17,protein_coding,3.77478649145064,0.934177518003181,0.793519001949565,1.17725916544914,0.239092080056551,0.933845057451543,0.429240585133564,0.995521320397187
CAMSAP1,ENSG00000130559.19,protein_coding,6.69921805382339,-0.870812479161515,0.740341260270398,-1.17623118674146,0.239502505296575,0.933845057451543,-0.978050988848347,0.922405531070794
ZNF609,ENSG00000180357.9,protein_coding,36.3105138649294,-0.400659047756281,0.340669295273521,-1.17609380509211,0.239557393165301,0.933845057451543,-0.418596080372562,0.951021959589088
TOMM70,ENSG00000154174.8,protein_coding,7.60769169063388,0.641308087404135,0.545315758635435,1.17603072577419,0.239582598114457,0.933845057451543,0.087428620251189,0.998086042062166
XAF1,ENSG00000132530.17,protein_coding,11.6417337670549,-0.704987205975898,0.599620614533213,-1.17572209642043,0.239705945794676,0.933845057451543,-0.761330354026893,0.95182832588077
PSMD6,ENSG00000163636.11,protein_coding,9.61508032887321,-0.639841898620528,0.544385929022118,-1.17534613682958,0.239856263349186,0.933845057451543,-0.676867145327382,0.938392701618588
TFAM,ENSG00000108064.11,protein_coding,6.9819116490782,-0.690647557530637,0.588308757214344,-1.17395423586905,0.240413356708682,0.935330796538158,-0.764637918406981,0.923321913322133
CEP57,ENSG00000166037.11,protein_coding,6.25209982365615,-0.797770597014491,0.679813191079798,-1.17351444114718,0.240589569195546,0.935333627871817,-0.703566845725095,0.953507896005218
GTPBP2,ENSG00000172432.19,protein_coding,6.84930074894283,0.829642510400577,0.709186550720562,1.16985087993791,0.242060984029075,0.935719358391806,0.352838767442317,0.995521320397187
CCDC92,ENSG00000119242.9,protein_coding,11.4975740993747,-0.544838369909716,0.465989321500604,-1.16920784398063,0.242319901621017,0.935719358391806,-0.310927516769423,0.992587378328484
BCL2L13,ENSG00000099968.18,protein_coding,15.2044871627055,-0.613266578835147,0.525088730104342,-1.1679294254007,0.242835233672934,0.935719358391806,-0.668530560177285,0.953507896005218
FGR,ENSG00000000938.13,protein_coding,29.5158046678616,0.336635799995672,0.288435715738651,1.16710858477975,0.243166521414155,0.935719358391806,-0.0381701025098213,0.998086042062166
MROH1,ENSG00000179832.18,protein_coding,6.11588009927542,0.874129232963759,0.74911255074776,1.16688638054617,0.243256256695334,0.935719358391806,0.62347130034187,0.992587378328484
GTF3C2,ENSG00000115207.13,protein_coding,7.05806592758223,0.743977284757547,0.637779991373267,1.16651085769501,0.243407961284908,0.935719358391806,0.575059405220763,0.992587378328484
CHCHD10,ENSG00000250479.9,protein_coding,8.46051407784875,0.641398351409564,0.549988126582791,1.16620399679303,0.24353197701109,0.935719358391806,0.462244513591193,0.983698296397999
AKT3,ENSG00000117020.19,protein_coding,27.5221455628363,-0.349961442935083,0.300126315973249,-1.16604717517099,0.243595372531356,0.935719358391806,-0.147321537802906,0.995521320397187
CNOT3,ENSG00000088038.19,protein_coding,16.2739985699495,0.431878677513956,0.37053200203703,1.16556377084751,0.243790862851045,0.935719358391806,-0.0611870135424476,0.998086042062166
EIF3B,ENSG00000106263.18,protein_coding,21.4681883091736,-0.547467749058044,0.46972699636871,-1.16550199007151,0.243815855142805,0.935719358391806,-0.231191628774756,0.995521320397187
DDX17,ENSG00000100201.23,protein_coding,35.4879221164039,-0.315735088083833,0.270918040382291,-1.165426590412,0.243846359145191,0.935719358391806,-0.0388030436430204,0.998086042062166
RUVBL2,ENSG00000183207.14,protein_coding,7.35469361339546,-0.925110508771693,0.793865785580362,-1.16532356674798,0.243888043164286,0.935719358391806,-0.991729491279945,0.9348146750332
PTDSS1,ENSG00000156471.13,protein_coding,6.36868591714321,-0.770909512102424,0.661668417851554,-1.16509945359879,0.243978738032069,0.935719358391806,-0.100174554278712,0.998086042062166
CDYL2,ENSG00000166446.15,protein_coding,3.99530303397573,-0.958870440925795,0.823494048664454,-1.16439267834527,0.244264913367385,0.935719358391806,-0.297883572018889,0.998086042062166
SLFN5,ENSG00000166750.10,protein_coding,54.3609414068679,-0.335816048755177,0.288411550500738,-1.16436407686216,0.244276499150091,0.935719358391806,-0.0701652119575204,0.998086042062166
TJP1,ENSG00000104067.17,protein_coding,10.845030998321,-0.592527003986413,0.509032047496005,-1.16402691520334,0.244413104428489,0.935719358391806,-0.751272230993484,0.908438905389404
RBM28,ENSG00000106344.8,protein_coding,7.43675216259527,-0.736267620365249,0.632617534383136,-1.16384320754432,0.244487558460779,0.935719358391806,0.143916409860355,0.998086042062166
PSMD14,ENSG00000115233.12,protein_coding,4.16835526531711,-0.889709513475189,0.764508237532663,-1.1637670724734,0.244518419559733,0.935719358391806,-0.32744586473763,0.997878976321691
PYGO2,ENSG00000163348.4,protein_coding,7.7276490896752,0.708447443567936,0.609163902160334,1.16298329736136,0.244836279192293,0.935719358391806,0.383474147523265,0.995521320397187
IKZF3,ENSG00000161405.17,protein_coding,45.9543840347881,-0.302660721573368,0.260294796063541,-1.16276132350908,0.244926353253596,0.935719358391806,-0.0231305379276821,0.998086042062166
TBK1,ENSG00000183735.11,protein_coding,8.04705440059022,0.601106943982264,0.517156418727069,1.16233101285261,0.245101033870149,0.935719358391806,0.23584891923854,0.997852416960843
BID,ENSG00000015475.19,protein_coding,6.85374959168115,-0.667534261286373,0.574488909383925,-1.16196196372569,0.24525091555118,0.935719358391806,-0.547578859362714,0.983262496850266
CIAO2A,ENSG00000166797.11,protein_coding,5.92515639578256,-0.715358457571187,0.615768301342843,-1.16173316491148,0.245343869746053,0.935719358391806,-0.55952589914,0.983262496850266
UBE2S,ENSG00000108106.14,protein_coding,6.05965513299558,0.881308873885634,0.758791746555086,1.16146344222479,0.24545348183662,0.935719358391806,0.465346442697778,0.992587378328484
TMEM106B,ENSG00000106460.19,protein_coding,3.04451439333408,0.887683222105523,0.76457560852383,1.16101430938842,0.245636080286748,0.935719358391806,0.335061337377307,0.998086042062166
KMT2C,ENSG00000055609.21,protein_coding,59.8479620410392,0.30289327525571,0.260900676066428,1.16095243531906,0.245661243135025,0.935719358391806,0.112329070941514,0.998086042062166
FXYD5,ENSG00000089327.15,protein_coding,55.0979352023334,0.316264727990723,0.272474306372667,1.1607139484123,0.245758247522487,0.935719358391806,0.207703724342072,0.992587378328484
PAXBP1,ENSG00000159086.15,protein_coding,4.79256412683122,-1.23800537213866,1.066782291084,-1.16050424016758,0.245843568399019,0.935719358391806,0.114804285551585,0.998086042062166
PSMC1,ENSG00000100764.14,protein_coding,7.17829185030383,0.647174387246321,0.557677678479174,1.16048106678971,0.245852997881001,0.935719358391806,0.340858237117698,0.992587378328484
STMN1,ENSG00000117632.23,protein_coding,5.35513421785164,0.837629753278094,0.721951966781155,1.16022920058337,0.245955501145764,0.935719358391806,1.05322951666529,0.891902851620805
NEMF,ENSG00000165525.18,protein_coding,13.8156510811245,-0.443383035364478,0.382617724414253,-1.15881467865413,0.246531732943082,0.936686452291404,-0.0821034247923909,0.998086042062166
TOP1MT,ENSG00000184428.13,protein_coding,6.9379628940998,0.730766817562901,0.630871546275316,1.1583448673147,0.246723328430655,0.936686452291404,0.976632388610083,0.870378725940802
PIGC,ENSG00000135845.10,protein_coding,7.04405123873912,-0.762887567871215,0.658773438950687,-1.15804239024324,0.24684673790494,0.936686452291404,-0.111481442118431,0.998086042062166
MAVS,ENSG00000088888.18,protein_coding,13.3477350016264,0.48320670478274,0.417319881342786,1.15788086402199,0.246912657686571,0.936686452291404,0.227943601202657,0.995521320397187
SEPTIN11,ENSG00000138758.12,protein_coding,8.69577551843814,-0.756591617235047,0.654045887377336,-1.15678675126131,0.247359496057404,0.937417235440782,-0.212751495872317,0.998086042062166
CAST,ENSG00000153113.24,protein_coding,55.4486606841909,-0.288977685427618,0.249911599323335,-1.15631961945767,0.24755044622049,0.937417235440782,-0.11911679560882,0.995521320397187
WASHC5,ENSG00000164961.16,protein_coding,4.38919821065554,-0.864645340974011,0.74822026557684,-1.15560267578079,0.247843713042754,0.937417235440782,-0.0220087934197386,0.998086042062166
PPP1R3B,ENSG00000173281.5,protein_coding,3.09564951284909,0.973378516805447,0.84245753594051,1.15540365570922,0.247925165584981,0.937417235440782,0.72559257684849,0.985425634239731
JCAD,ENSG00000165757.9,protein_coding,48.1774148616279,-0.370774999535299,0.320945544037269,-1.15525828734436,0.247984672039681,0.937417235440782,-0.124091569626036,0.998086042062166
GSTP1,ENSG00000084207.18,protein_coding,22.8023472136647,0.406350911440313,0.351913381393702,1.15469013946278,0.248217338906596,0.937631762134767,0.138251109705081,0.998086042062166
CDKL1,ENSG00000100490.10,protein_coding,3.05785901922511,-1.03274551090996,0.896534227066775,-1.15193093551914,0.249349454813775,0.938180551043632,-0.690420430439439,0.992587378328484
HEMGN,ENSG00000136929.13,protein_coding,130.6534681912,-0.224323963354263,0.194754771057134,-1.15182781986098,0.249391833554994,0.938180551043632,0.0160377931834953,0.998086042062166
RASSF2,ENSG00000101265.16,protein_coding,37.5945110324648,0.338903473980263,0.294351041261683,1.1513581624431,0.249584918258816,0.938180551043632,0.245096445300006,0.992587378328484
BTN3A3,ENSG00000111801.16,protein_coding,5.16185447256815,-0.804343924134463,0.698802491816321,-1.15103184884733,0.249719133199185,0.938180551043632,-0.678314945619752,0.982003512507167
HECTD1,ENSG00000092148.13,protein_coding,24.3781775340772,-0.342979037642311,0.298019211268625,-1.15086217489906,0.249788941140785,0.938180551043632,-0.174013909458054,0.995521320397187
ITK,ENSG00000113263.13,protein_coding,12.382229856466,-0.664874757678314,0.578182669239424,-1.14993892596769,0.250169026874338,0.938180551043632,-0.384313056965448,0.992587378328484
ERC1,ENSG00000082805.20,protein_coding,17.8134314630496,-0.419596908647999,0.365485733706181,-1.1480527691002,0.250946780346729,0.938180551043632,-0.257094018333146,0.992587378328484
RNF38,ENSG00000137075.18,protein_coding,13.5567927179677,0.474790193164289,0.413628736032599,1.14786559009012,0.251024055227178,0.938180551043632,0.0684541772446841,0.998086042062166
CTSS,ENSG00000163131.12,protein_coding,36.7317826970708,0.361017685054752,0.314527307880635,1.14781030457222,0.251046882446698,0.938180551043632,0.0113133395863323,0.998086042062166
ALAD,ENSG00000148218.16,protein_coding,7.40801277773843,-0.657294545549067,0.572665730160804,-1.14778047808885,0.251059198311096,0.938180551043632,-0.595621139937398,0.953507896005218
BTN3A2,ENSG00000186470.14,protein_coding,15.1692232826992,-0.418121396828579,0.364334263751388,-1.14763127827553,0.251120811792022,0.938180551043632,-0.304982329217651,0.983262496850266
KHNYN,ENSG00000100441.10,protein_coding,14.6501739203666,-0.451262189755821,0.39330998313689,-1.14734486563684,0.251239118180801,0.938180551043632,-0.690093407090107,0.870378725940802
DDX19A,ENSG00000168872.17,protein_coding,4.55601489091281,-0.759654388351625,0.662327208737173,-1.14694727670938,0.251403411805434,0.938180551043632,-0.0424767449060944,0.998086042062166
STX11,ENSG00000135604.10,protein_coding,11.4958478156948,-0.541765805166655,0.472459912157728,-1.14669158424978,0.251509109875888,0.938180551043632,-0.541462042737898,0.953507896005218
CEP135,ENSG00000174799.11,protein_coding,7.30148145951258,0.672102243479698,0.586464123055548,1.14602448309705,0.251785021874752,0.938180551043632,-0.27115184643935,0.998086042062166
RPL10P9,ENSG00000233913.7,processed_pseudogene,5.15545062455768,0.698145661463177,0.60953875196659,1.14536714722519,0.252057101376895,0.938180551043632,0.392641815268476,0.992587378328484
WDR82,ENSG00000164091.12,protein_coding,32.9375159468893,-0.343889138661771,0.300468084934298,-1.14451136711231,0.25241162648533,0.938180551043632,-0.125059629276557,0.998086042062166
PPARD,ENSG00000112033.14,protein_coding,5.24531767239824,-0.9952518066939,0.869630589165879,-1.14445354049529,0.25243559492079,0.938180551043632,-0.725952997192478,0.985425634239731
ANKRD40,ENSG00000154945.7,protein_coding,10.8012453798863,0.504079273388038,0.440492631478423,1.14435347464542,0.252477074756449,0.938180551043632,0.231453563414736,0.995521320397187
KMT2D,ENSG00000167548.17,protein_coding,46.5836457886277,-0.304125174156658,0.265883577007014,-1.14382835367314,0.252694828607323,0.938180551043632,-0.1722038783689,0.992587378328484
EEA1,ENSG00000102189.17,protein_coding,6.42139067545329,-0.67654665727988,0.591600026996676,-1.14358794186411,0.252794564718358,0.938180551043632,-0.0912757300478282,0.998086042062166
FRG1,ENSG00000109536.12,protein_coding,4.19428631575578,-0.834264112042304,0.729984438458435,-1.14285191312309,0.253100080648348,0.938180551043632,-0.429676573587453,0.992587378328484
DTX3L,ENSG00000163840.10,protein_coding,27.2413737595035,0.331254834255667,0.289851296027702,1.14284406795962,0.25310333845807,0.938180551043632,-0.0125136223033466,0.998086042062166
GNL1,ENSG00000204590.13,protein_coding,5.58051964053957,-0.792096052018456,0.693121537329701,-1.14279532428045,0.253123580581463,0.938180551043632,0.0963096904149997,0.998086042062166
MACF1,ENSG00000127603.31,protein_coding,52.6921560402891,-0.291378753033787,0.254999681986484,-1.14266320163188,0.253178453734343,0.938180551043632,-0.0377328640906696,0.998086042062166
TTN,ENSG00000155657.28,protein_coding,8.40935448945864,0.825575724760799,0.722560188396673,1.1425701803371,0.25321709229039,0.938180551043632,0.53558574161052,0.992587378328484
TESPA1,ENSG00000135426.16,protein_coding,9.8969597993513,0.691812709496214,0.605511536079493,1.1425260598262,0.253235420205587,0.938180551043632,0.305224849120938,0.995521320397187
WAC-AS1,ENSG00000254635.6,lncRNA,8.26539158316754,-0.637843089126321,0.55842175201375,-1.1422246479944,0.253360653138369,0.938180551043632,-1.16549933568689,0.784543500352545
CMTR1,ENSG00000137200.13,protein_coding,5.24083994146877,-0.805568494143806,0.705421019064442,-1.14196837402461,0.253467165760381,0.938180551043632,-0.56584982134199,0.992587378328484
NUDC,ENSG00000090273.14,protein_coding,34.2093854058394,0.344720778253272,0.302115212733916,1.14102423090121,0.253859839670725,0.938515076048547,0.0165931500842271,0.998086042062166
SNRNP27,ENSG00000124380.11,protein_coding,11.2281942211907,0.593502380121073,0.520646135120271,1.13993428566213,0.254313679768085,0.938515076048547,0.445097831234154,0.992587378328484
TMEM91,ENSG00000142046.15,protein_coding,1.16226548501617,1.48564990874582,1.30342502205595,1.13980465589224,0.254367693586251,0.938515076048547,0.900490577835977,0.992587378328484
TMEM167A,ENSG00000174695.10,protein_coding,11.538874893956,-0.588785473192256,0.516668984375791,-1.13957967479622,0.254461457110501,0.938515076048547,-0.165912882303605,0.998086042062166
CITED2,ENSG00000164442.10,protein_coding,12.1235945832969,-0.530272442947603,0.465410978627921,-1.13936384678956,0.254551428572047,0.938515076048547,-1.04782401658075,0.668581646012979
CARMIL1,ENSG00000079691.18,protein_coding,1.82753308059621,-1.26769045617574,1.11301648798196,-1.13896826315146,0.254716391577289,0.938515076048547,-0.613263906203723,0.995521320397187
RNF216,ENSG00000011275.19,protein_coding,11.8448640955291,0.502069513324768,0.440879212828758,1.13879153000524,0.254790115392542,0.938515076048547,0.504888789678172,0.953507896005218
MDH1,ENSG00000014641.21,protein_coding,6.18866819724028,-0.739573611107424,0.650938029429422,-1.13616592927547,0.255887126735114,0.939515781927035,-0.685676168711731,0.97236782393181
EPB41L3,ENSG00000082397.18,protein_coding,8.94639795708561,-0.729372963939557,0.64208710296728,-1.13594084131094,0.255981324012636,0.939515781927035,0.398598749094325,0.992587378328484
CHURC1,ENSG00000258289.10,protein_coding,13.1272202152758,-0.509131302106413,0.448390171911687,-1.13546490088255,0.256180580094372,0.939515781927035,-0.25680961451988,0.992587378328484
JUP,ENSG00000173801.17,protein_coding,10.728613715806,-0.652862837878229,0.575092934311854,-1.13523014964431,0.256278900150808,0.939515781927035,-0.420192806394207,0.992587378328484
SPAG7,ENSG00000091640.8,protein_coding,14.2523673401129,0.466928121561877,0.412079938495871,1.1331008329748,0.257171911612113,0.939515781927035,0.154773151372166,0.998086042062166
STAT2,ENSG00000170581.14,protein_coding,8.41621643314325,-1.16852277981912,1.03127415178898,-1.13308646182206,0.257177946039428,0.939515781927035,-0.316188954371992,0.998086042062166
MAPRE2,ENSG00000166974.13,protein_coding,22.3965894962816,0.374027305798872,0.330195845863485,1.13274382607923,0.25732184741825,0.939515781927035,0.160181171309783,0.995521320397187
H2BC17,ENSG00000274641.2,protein_coding,6.05476202561205,-0.801626891818257,0.70781613330932,-1.132535490637,0.257409372187787,0.939515781927035,0.136482823748689,0.998086042062166
RNF13,ENSG00000082996.20,protein_coding,11.1847269740976,0.538630809310468,0.47561227696135,1.13249980162778,0.257424367735147,0.939515781927035,0.318374507077353,0.992587378328484
TCHP,ENSG00000139437.18,protein_coding,8.45615816213635,-0.706799197583676,0.624229829336061,-1.13227398686704,0.25751926298302,0.939515781927035,0.0429296981695383,0.998086042062166
TNRC6A,ENSG00000090905.19,protein_coding,17.4028971377544,0.414092521502706,0.365742961728207,1.13219546193326,0.257552267588575,0.939515781927035,0.280736578153575,0.992587378328484
BCL7C,ENSG00000099385.12,protein_coding,10.8395707830327,0.652858667907848,0.576984000162834,1.13150220408816,0.257843776263059,0.939515781927035,0.284195498700588,0.997878976321691
FYCO1,ENSG00000163820.15,protein_coding,7.6871764506977,-0.605713026891353,0.535486800653942,-1.13114464474502,0.257994216159716,0.939515781927035,-0.103867801649065,0.998086042062166
THUMPD1,ENSG00000066654.14,protein_coding,11.0702694800822,-0.493595621112023,0.436614575983141,-1.13050651137923,0.258262856297675,0.939515781927035,-0.223104965904023,0.995521320397187
CTTN,ENSG00000085733.16,protein_coding,15.2460869376613,-0.496118454165402,0.438911908298463,-1.13033719246469,0.258334168387157,0.939515781927035,-0.207731464414696,0.995521320397187
KCTD10,ENSG00000110906.13,protein_coding,12.6879114668555,-0.575642392189894,0.509292313267662,-1.13027897180801,0.258358692349262,0.939515781927035,0.106281636442783,0.998086042062166
ZNF438,ENSG00000183621.15,protein_coding,12.9717357112154,0.965437985439881,0.854197850821134,1.13022759833897,0.258380333449073,0.939515781927035,0.684862717236622,0.992587378328484
HMGN3,ENSG00000118418.14,protein_coding,6.34265603792839,0.707494554576671,0.626207300298762,1.12980885760854,0.258556775058738,0.939515781927035,0.470424146743355,0.992587378328484
MCM7,ENSG00000166508.18,protein_coding,8.01199252806818,0.577592407100753,0.511598744295256,1.12899496635084,0.258899957114991,0.939515781927035,-0.0101919323866633,0.998086042062166
RYBP,ENSG00000163602.11,protein_coding,8.10442076811543,-0.647222507604757,0.573354333142555,-1.12883512026033,0.258967394226221,0.939515781927035,-0.158279080322641,0.998086042062166
VPS54,ENSG00000143952.20,protein_coding,7.21471621129322,-0.677721395624413,0.600493495881106,-1.12860738754546,0.259063492893856,0.939515781927035,-0.170608287037093,0.998086042062166
RCOR3,ENSG00000117625.14,protein_coding,5.03968327040001,-0.819602229110295,0.727465235011383,-1.12665484158493,0.259888442372111,0.939515781927035,0.0656219664690506,0.998086042062166
ACRBP,ENSG00000111644.8,protein_coding,10.6529824594042,-0.592546261153333,0.526044903359612,-1.12641764489877,0.25998878156655,0.939515781927035,-0.589968241603317,0.953507896005218
ABCF3,ENSG00000161204.11,protein_coding,4.19225647079141,-1.08061927555925,0.959408142053613,-1.1263394880579,0.260021849429338,0.939515781927035,-0.154751542689326,0.998086042062166
MARK4,ENSG00000007047.15,protein_coding,11.0887448124814,0.568426828225557,0.505503409099393,1.12447674534632,0.260810830420333,0.939515781927035,0.407383964476921,0.992587378328484
DCTD,ENSG00000129187.15,protein_coding,4.63571008687675,0.787077956752005,0.700034383177967,1.12434185472274,0.260868028753923,0.939515781927035,0.538155060776356,0.992587378328484
ELOA,ENSG00000011007.12,protein_coding,12.0854378194999,0.468720549267847,0.416944976417667,1.12417843067694,0.260937337877032,0.939515781927035,0.255570548342994,0.995521320397187
NIBAN3,ENSG00000167483.19,protein_coding,4.12251730021897,0.727006994386009,0.646790276583345,1.12402276395744,0.261003368913406,0.939515781927035,0.270609798606457,0.998086042062166
VPS16,ENSG00000215305.10,protein_coding,4.07967263472194,-0.944147846570529,0.83998065923857,-1.1240114116751,0.26100818480044,0.939515781927035,-0.547639057356277,0.992587378328484
ARHGAP27,ENSG00000159314.11,protein_coding,12.8382460820663,0.460255611587544,0.40982766181357,1.12304672054302,0.261417652431875,0.939515781927035,0.410932479562793,0.979511700603372
IK,ENSG00000113141.18,protein_coding,49.864775811088,0.225466521788495,0.200803406387248,1.12282219632113,0.26151301645039,0.939515781927035,0.145043999016701,0.992587378328484
SVIP,ENSG00000198168.9,protein_coding,6.90148043470131,0.661266778037282,0.589196015312222,1.12232051957593,0.261726184624001,0.939515781927035,0.513013632245162,0.983262496850266
PDCD4,ENSG00000150593.18,protein_coding,44.9563958981898,0.266897785870603,0.237873824927172,1.12201410118292,0.261856444353647,0.939515781927035,0.425856650328274,0.793227009754725
ACTR1B,ENSG00000115073.8,protein_coding,4.76631588062686,-0.92412968655105,0.823652226245152,-1.12199015203777,0.261866627121762,0.939515781927035,-0.89645696936338,0.953507896005218
EEF1A1,ENSG00000156508.19,protein_coding,1264.09780356301,-0.111073112110262,0.0990546700580128,-1.12133140260031,0.262146823427165,0.939515781927035,-0.133474939271782,0.922405531070794
SUMO1,ENSG00000116030.17,protein_coding,10.447349809187,-0.648566508357149,0.5784189482687,-1.1212746579247,0.26217096922192,0.939515781927035,-0.340593450357278,0.992587378328484
KPNA3,ENSG00000102753.10,protein_coding,7.71267457618114,0.52541596327031,0.468781280783515,1.12081259386496,0.262367642287189,0.939515781927035,0.270806624306801,0.995521320397187
ZNF217,ENSG00000171940.14,protein_coding,19.3307550525783,-0.355950220796775,0.317608990142367,-1.12071834187446,0.262407772238698,0.939515781927035,-0.453795050772244,0.9348146750332
FARSA,ENSG00000179115.11,protein_coding,11.7085824448085,0.667771985326493,0.596442309513109,1.11959191136459,0.262887704023204,0.939515781927035,0.685989343009849,0.953507896005218
GZMA,ENSG00000145649.8,protein_coding,3.89158592189313,0.807193149490772,0.721046315680877,1.11947475763543,0.262937653808203,0.939515781927035,0.349825578941864,0.997852416960843
FABP5,ENSG00000164687.11,protein_coding,7.54023570289152,-0.686662894000829,0.613385076745314,-1.11946462350264,0.262941974915397,0.939515781927035,-0.494389872023284,0.992587378328484
GOLIM4,ENSG00000173905.9,protein_coding,3.73226716966942,0.886571988651516,0.792314501135962,1.11896473859864,0.263155182395963,0.939515781927035,0.722073839388835,0.979511700603372
CASP8AP2,ENSG00000118412.13,protein_coding,7.87941191744133,-0.643070688179158,0.574724817918084,-1.11891929516573,0.263174570532272,0.939515781927035,-0.274710841533021,0.995521320397187
SPTY2D1,ENSG00000179119.15,protein_coding,7.93254211656283,-0.622133726888445,0.556025987565233,-1.1188932546349,0.263185680994683,0.939515781927035,-0.461458583513084,0.983698296397999
ATN1,ENSG00000111676.15,protein_coding,11.0073263608835,-0.503671770099851,0.450225969517402,-1.11870883556481,0.263264374567182,0.939515781927035,-0.136082662528295,0.998086042062166
KDM7A,ENSG00000006459.11,protein_coding,23.1639058913427,-0.388849167903194,0.347623701413502,-1.11859222004156,0.263314144027206,0.939515781927035,-0.235601874900783,0.992587378328484
CDC26,ENSG00000176386.9,protein_coding,8.78519835143408,0.674366104601621,0.603043662306594,1.11827077665027,0.263451364042881,0.939515781927035,0.238228613939124,0.998086042062166
DENND4B,ENSG00000198837.10,protein_coding,8.57630727780791,-0.630933670455785,0.564289061516593,-1.11810366970445,0.263522719320998,0.939515781927035,-0.129528869008471,0.998086042062166
LSM 12.00,ENSG00000161654.10,protein_coding,5.98987583538106,0.747332988435686,0.668978560460636,1.11712546949352,0.263940681880497,0.939569339746054,0.340041433332688,0.995521320397187
EIF2B5,ENSG00000145191.15,protein_coding,5.02059076075897,-0.793360472580102,0.710303190476392,-1.1169321540679,0.264023335213405,0.939569339746054,-0.0634058007357641,0.998086042062166
TFRC,ENSG00000072274.13,protein_coding,14.2286702733433,-0.467122415713233,0.418257018689244,-1.11683102695354,0.264066579913619,0.939569339746054,-0.219374730335197,0.995521320397187
MED29,ENSG00000063322.15,protein_coding,9.97322286634976,0.54979917379259,0.492474322934317,1.116401705,0.264250224024887,0.939595526386024,0.487312965445793,0.983262496850266
HIPK3,ENSG00000110422.12,protein_coding,46.4768044964274,-0.244820275059318,0.2195857899967,-1.11491857038198,0.264885318019217,0.941161334691497,-0.228054867727242,0.953507896005218
IFI27,ENSG00000165949.12,protein_coding,4.98137484000122,-0.852289579218506,0.764694595677894,-1.1145489768539,0.265043745473159,0.941161334691497,-0.50637092345194,0.992587378328484
GPATCH11,ENSG00000152133.16,protein_coding,5.66377557616874,-0.788139081637098,0.707930534883947,-1.11330002422667,0.265579596049866,0.941649628231237,-0.242839310467659,0.998086042062166
SAR1A,ENSG00000079332.15,protein_coding,9.54943902670937,0.523756811572993,0.470529751894185,1.11312156025104,0.265656225102138,0.941649628231237,0.565402423297045,0.95182832588077
RP11-408P14.1,ENSG00000243199.1,processed_pseudogene,6.7821242521671,0.58119743872833,0.522622827219977,1.11207817274254,0.266104540655785,0.941649628231237,0.374807788357629,0.992587378328484
NSUN3,ENSG00000178694.10,protein_coding,7.64613670488444,-0.649317711256221,0.584446578286786,-1.11099582986626,0.266570144292232,0.941649628231237,-0.118895602481363,0.998086042062166
SLK,ENSG00000065613.15,protein_coding,25.7728760181323,-0.340373987473216,0.306479436649247,-1.11059322998809,0.266743478161645,0.941649628231237,-0.228846644540066,0.992587378328484
TXNDC9,ENSG00000115514.12,protein_coding,5.90137874157389,-0.785345484582216,0.707201204044523,-1.11049794611602,0.266784512673244,0.941649628231237,-0.13317793381147,0.998086042062166
CCDC88A,ENSG00000115355.17,protein_coding,15.9352321060106,0.500107341675969,0.450893141838701,1.10914825547485,0.267366230617208,0.941649628231237,0.148793648288614,0.998086042062166
KCNK6,ENSG00000099337.5,protein_coding,3.59006539234266,0.881081071591599,0.794476580266992,1.10900823696465,0.267426628617643,0.941649628231237,0.694531235744776,0.989419985641063
CA2,ENSG00000104267.10,protein_coding,26.0690459765897,-0.513406620256177,0.463013672944583,-1.10883684490593,0.267500572593242,0.941649628231237,-0.129724577929521,0.998086042062166
MED13L,ENSG00000123066.9,protein_coding,43.4051836662216,-0.2803520983723,0.25294257065403,-1.10836265183594,0.267705227771962,0.941649628231237,-0.269860229836566,0.953507896005218
PLCB1,ENSG00000182621.18,protein_coding,4.76328200829341,-0.957845976471272,0.864845618923294,-1.1075340563831,0.268063096385603,0.941649628231237,0.221334528502106,0.998086042062166
PHB,ENSG00000167085.13,protein_coding,7.86172181007409,0.541044060854313,0.488745326703104,1.10700610582611,0.268291288474859,0.941649628231237,0.0932426610916028,0.998086042062166
AQP9,ENSG00000103569.10,protein_coding,3.97447039654842,0.969474895274771,0.8763128449169,1.10631140567922,0.268591756745598,0.941649628231237,0.658081821404738,0.992587378328484
DEAF1,ENSG00000177030.18,protein_coding,5.00778439764728,0.76104719352656,0.687933284531902,1.10628052260098,0.268605119504767,0.941649628231237,0.482138373064971,0.992587378328484
DAZAP1,ENSG00000071626.17,protein_coding,11.6781633538382,0.525815014982354,0.475401663226567,1.10604370084368,0.26870760477861,0.941649628231237,0.625668068136185,0.922405531070794
HDAC9,ENSG00000048052.23,protein_coding,10.217894076557,0.517649379189082,0.468170573449172,1.10568542438578,0.268862700944602,0.941649628231237,0.368241064614652,0.992587378328484
USP8,ENSG00000138592.14,protein_coding,15.7673125196064,-0.464611579599888,0.420274008670475,-1.10549681877705,0.268944372100631,0.941649628231237,-0.117197810084806,0.998086042062166
PFKL,ENSG00000141959.17,protein_coding,15.960605691746,0.470498305665483,0.425672128278422,1.10530681810988,0.269026664573279,0.941649628231237,0.0829449115032003,0.998086042062166
FEM1B,ENSG00000169018.6,protein_coding,7.90528168135365,0.587975423093607,0.532141272710845,1.10492354802387,0.269192717868244,0.941649628231237,0.43484999011522,0.992587378328484
TMEM230,ENSG00000089063.15,protein_coding,12.0547664756655,0.636728099466805,0.576447292031921,1.10457297357127,0.269344667240911,0.941649628231237,0.333017817478623,0.995521320397187
FTH1P11,ENSG00000237264.4,processed_pseudogene,3.76977349122376,-0.859991925674931,0.778738191827396,-1.1043402451559,0.269445571145206,0.941649628231237,-0.358549188571994,0.995521320397187
CSNK1D,ENSG00000141551.14,protein_coding,17.1281334925036,-0.422119299465524,0.382301017454735,-1.10415426638383,0.269526224482631,0.941649628231237,-0.306907039717081,0.992587378328484
OBSCN,ENSG00000154358.23,protein_coding,9.34524966473856,0.760977522234455,0.689670069048092,1.10339357380665,0.269856286155126,0.941649628231237,0.345005419670102,0.995521320397187
H2AX,ENSG00000188486.3,protein_coding,5.03002640372859,0.73450469122656,0.66578678733194,1.1032130784241,0.269934643109794,0.941649628231237,0.337812051832893,0.995521320397187
MTCH2,ENSG00000109919.10,protein_coding,4.55393217952657,-0.743732929013112,0.67419681508204,-1.10313919077563,0.269966723839554,0.941649628231237,-0.0903580707747199,0.998086042062166
JAM3,ENSG00000166086.13,protein_coding,4.1979346099197,0.785278231920539,0.711942460525368,1.10300800340108,0.270023689555291,0.941649628231237,0.892139812136414,0.95182832588077
BRAP,ENSG00000089234.16,protein_coding,8.08821059920646,0.505116407211549,0.458022284871461,1.10282059169524,0.270105083957859,0.941649628231237,0.41795996858336,0.983262496850266
VIRMA,ENSG00000164944.12,protein_coding,11.5674182987115,-0.489180310763465,0.443593205715573,-1.10276781623459,0.270128007798417,0.941649628231237,-0.431131903004794,0.983262496850266
FBXO11,ENSG00000138081.22,protein_coding,16.3688456872644,0.367359928244916,0.333427960907357,1.10176701211626,0.270562975163003,0.94247998387614,0.159205939253095,0.995521320397187
PHF23,ENSG00000040633.13,protein_coding,7.69747219225508,0.607257611308686,0.551508708634928,1.10108435605985,0.270859944989015,0.94247998387614,0.365730073560006,0.992587378328484
HABP4,ENSG00000130956.14,protein_coding,8.7184674937072,0.56120225906622,0.509720520076276,1.10099993420363,0.270896685797044,0.94247998387614,0.778869556538888,0.870378725940802
CLNS1A,ENSG00000074201.9,protein_coding,30.2656615109628,0.39380348973648,0.357974537089895,1.10008799211768,0.271293785199376,0.942639942480912,0.333112665097623,0.983262496850266
PDS5B,ENSG00000083642.19,protein_coding,10.9251863177051,0.462934576346892,0.421083525136723,1.09938895423795,0.271598446670371,0.942639942480912,0.479262221722586,0.953507896005218
ERG,ENSG00000157554.19,protein_coding,35.9581902070752,-0.390960964004092,0.355717522582738,-1.09907704620639,0.271734461024811,0.942639942480912,-0.343716244035263,0.979511700603372
SMARCD1,ENSG00000066117.15,protein_coding,7.04825183898691,-0.739768509581111,0.673394240151619,-1.09856673174773,0.271957095432578,0.942639942480912,-0.18563214537119,0.998086042062166
DROSHA,ENSG00000113360.17,protein_coding,9.52005541535516,0.555777544704236,0.505916797734344,1.09855523120241,0.27196211420309,0.942639942480912,0.153077050361153,0.998086042062166
TRAPPC6B,ENSG00000182400.15,protein_coding,6.24004614670402,0.698745104306193,0.63618714964445,1.09833262853031,0.272059269194907,0.942639942480912,0.405492864069912,0.992587378328484
NUP133,ENSG00000069248.12,protein_coding,3.62321554603986,-0.790188986453515,0.719880855175689,-1.09766634405171,0.272350211196363,0.942639942480912,-0.341750533446541,0.995521320397187
PSAP,ENSG00000197746.14,protein_coding,27.3121047701672,-0.39319543436727,0.358215790448575,-1.09764964262154,0.272357506833134,0.942639942480912,-0.0811739219866513,0.998086042062166
TRIB2,ENSG00000071575.12,protein_coding,7.1417418452164,-0.647549103849365,0.590623533231254,-1.09638215786404,0.272911568741265,0.943877530242235,-0.424238613267042,0.992587378328484
CXCL5,ENSG00000163735.7,protein_coding,4.99355692222194,0.955296032552817,0.871728775275291,1.09586382788745,0.273138370857295,0.943877530242235,0.621465706542422,0.992587378328484
KIF16B,ENSG00000089177.19,protein_coding,6.67250578956476,-0.768101460006821,0.70106738458124,-1.09561716448358,0.273246346935041,0.943877530242235,-1.13729034929163,0.870378725940802
TOP3A,ENSG00000177302.15,protein_coding,5.1201754140386,0.765221818093664,0.699086825703074,1.09460197211423,0.273691051237568,0.944425726245383,0.280498405787044,0.998086042062166
SMC5,ENSG00000198887.9,protein_coding,11.2837866508122,0.489041018292809,0.446852561087213,1.09441247713328,0.273774114137699,0.944425726245383,0.515991664646826,0.95182832588077
GIGYF2,ENSG00000204120.16,protein_coding,26.7609104327789,0.403345614780974,0.36867475367744,1.09404186415723,0.273936617781494,0.944425726245383,0.1940064150379,0.995521320397187
EPB41,ENSG00000159023.22,protein_coding,190.500336747262,-0.199016105004968,0.182189816105363,-1.0923558147173,0.274676736261224,0.945083571637971,0.0250725409543885,0.998086042062166
ZDHHC2,ENSG00000104219.13,protein_coding,7.84324674024236,-0.669544677861561,0.613104167684601,-1.09205696707316,0.274808062570962,0.945083571637971,-0.389858789480424,0.992587378328484
LONP2,ENSG00000102910.14,protein_coding,9.77117184426963,0.491739382708531,0.450389251022587,1.09180976586821,0.274916725642636,0.945083571637971,0.142172779507048,0.998086042062166
CEP250,ENSG00000126001.16,protein_coding,24.3241820391971,-0.365848361445135,0.335255750595596,-1.09125156181569,0.275162205190544,0.945083571637971,-0.201026370945664,0.992587378328484
RHOBTB2,ENSG00000008853.17,protein_coding,13.5523876235592,-0.529808252910599,0.485782562394181,-1.09062838793438,0.275436433010088,0.945083571637971,0.0146974432293304,0.998086042062166
CCNK,ENSG00000090061.17,protein_coding,18.9316606815019,-0.387811434691103,0.355628755875772,-1.09049515339691,0.275495087092234,0.945083571637971,0.291780721283588,0.992587378328484
USP22,ENSG00000124422.12,protein_coding,17.9131876561724,-0.427596297369467,0.392136654314067,-1.09042674961724,0.275525203923251,0.945083571637971,0.054222153355336,0.998086042062166
PCED1B,ENSG00000179715.13,protein_coding,9.12836813217396,-0.539994430200189,0.495283133645008,-1.09027421593409,0.275592369576512,0.945083571637971,-0.752614116068846,0.922405531070794
TMEM131,ENSG00000075568.17,protein_coding,5.06782172236468,0.759582970963862,0.696978205679032,1.08982313187804,0.275791062253126,0.945083571637971,0.582027792706887,0.992587378328484
GLYR1,ENSG00000140632.17,protein_coding,18.1756916237098,-0.413238586576134,0.379269574825203,-1.08956429412137,0.275905118748274,0.945083571637971,-0.313905165559125,0.992587378328484
DCTN5,ENSG00000166847.10,protein_coding,7.42205816160507,0.516798504984358,0.474487347022622,1.08917236302977,0.27607788387248,0.945083571637971,0.4887764219534,0.953507896005218
RN7SL3,ENSG00000278771.1,misc_RNA,84.8657905529812,0.248182331843356,0.22835350079965,1.08683392623397,0.277110211348047,0.945995781686497,0.0161245355203387,0.998086042062166
PIP5K1C,ENSG00000186111.11,protein_coding,9.13943314736901,-0.593335268755419,0.546152073089277,-1.08639204718066,0.277305578568027,0.945995781686497,-0.399097873419345,0.992587378328484
SCLT1,ENSG00000151466.12,protein_coding,36.4030790348419,0.277306859315088,0.255258038271964,1.08637855713532,0.277311544374017,0.945995781686497,0.0866218357604112,0.998086042062166
RNF187,ENSG00000168159.14,protein_coding,9.29120502288362,-0.60687243159645,0.558661849385621,-1.08629653566616,0.277347819237923,0.945995781686497,0.347754212182584,0.992587378328484
MAFB,ENSG00000204103.4,protein_coding,13.9177027645966,-0.462710223937112,0.42596217075232,-1.08627069657357,0.27735924751994,0.945995781686497,-0.121862987272296,0.998086042062166
SNAPC3,ENSG00000164975.15,protein_coding,2.9665156328201,-1.00572362324204,0.925946305895875,-1.08615760637328,0.277409269563976,0.945995781686497,0.0492095568604155,0.998086042062166
ZNF146,ENSG00000167635.12,protein_coding,11.8144331198734,-0.563617634049726,0.51922322545081,-1.08550158471893,0.277699562196934,0.946380221553489,0.0708483333442766,0.998086042062166
H4C8,ENSG00000158406.6,protein_coding,8.65716786485585,0.625558731702536,0.576825975408046,1.08448433040835,0.278150110918134,0.947001166655464,0.259742875461232,0.998086042062166
CCM2,ENSG00000136280.17,protein_coding,10.2976596030364,-0.69328740004256,0.639394134988324,-1.08428801908735,0.278237115756558,0.947001166655464,-0.302139892912621,0.995521320397187
MSI2,ENSG00000153944.12,protein_coding,6.29533748806103,-0.712060009410841,0.657256253846356,-1.08338263081373,0.278638621978832,0.947052442776587,-0.374695309272705,0.995521320397187
RNF34,ENSG00000170633.16,protein_coding,8.24513347272181,0.606414722192072,0.559768835068825,1.08333062543132,0.278661696408799,0.947052442776587,0.229294351745481,0.998086042062166
RC3H1,ENSG00000135870.12,protein_coding,12.9658790348779,-0.476401183709129,0.440130428165997,-1.08240910698738,0.279070783418851,0.947052442776587,-0.509062982837046,0.953507896005218
MARCKS,ENSG00000277443.3,protein_coding,20.4426872177087,0.435676305608763,0.402575507409272,1.08222258331737,0.279153636008564,0.947052442776587,0.166401980727622,0.998086042062166
GORASP2,ENSG00000115806.13,protein_coding,7.41917922776822,-0.658983699463619,0.608981723915949,-1.08210751420608,0.279204757294586,0.947052442776587,-0.192460596972713,0.998086042062166
TP53BP1,ENSG00000067369.14,protein_coding,8.04029781081982,0.662523557666414,0.613151448221146,1.08052188344088,0.279909847321495,0.947052442776587,0.243117573516608,0.998086042062166
R3HCC1L,ENSG00000166024.14,protein_coding,3.62129391980575,-0.787217204425215,0.728709355146407,-1.0802896914464,0.280013198729201,0.947052442776587,-0.0730359883692034,0.998086042062166
CILK1,ENSG00000112144.16,protein_coding,3.59133967206414,-0.902896651994238,0.83609982028795,-1.07989097723198,0.280190731637208,0.947052442776587,-0.271805852315335,0.998086042062166
ITPR3,ENSG00000096433.11,protein_coding,6.60068629968526,-0.699007264358704,0.647893764968423,-1.07889179083668,0.28063596881206,0.947052442776587,-0.536612342415003,0.992587378328484
MEFV,ENSG00000103313.13,protein_coding,13.1468714173649,-0.478307024624217,0.443544140774666,-1.07837525209743,0.28086632662339,0.947052442776587,-0.465882416235697,0.953507896005218
UBA2,ENSG00000126261.13,protein_coding,20.3673329099519,0.439114919714327,0.407216741420871,1.07833218787164,0.280885537524786,0.947052442776587,0.389348589172456,0.97236782393181
SEC14L1,ENSG00000129657.16,protein_coding,39.6820683785811,-0.353616170669885,0.327999814065038,-1.07809869245769,0.2809897150916,0.947052442776587,-0.253693867888559,0.992587378328484
SNRPG,ENSG00000143977.14,protein_coding,6.64543704611777,-0.659199557660196,0.611641814109736,-1.07775423859744,0.281143446359519,0.947052442776587,0.0340995720172319,0.998086042062166
NDFIP1,ENSG00000131507.11,protein_coding,4.41838736275495,-0.75488555521921,0.700719535763758,-1.07730056990121,0.281346007786354,0.947052442776587,-0.560553337318851,0.992587378328484
SYMPK,ENSG00000125755.19,protein_coding,10.2574742537643,0.476816946947285,0.442798794646455,1.07682530465782,0.281558318199935,0.947052442776587,0.195205046295844,0.998086042062166
CHD3,ENSG00000170004.18,protein_coding,64.7202530127644,-0.213424878523147,0.198240594254448,-1.07659523179803,0.28166113535193,0.947052442776587,0.0778752987668863,0.998086042062166
CASP3,ENSG00000164305.19,protein_coding,5.26316459191365,-0.654744452375914,0.608165331120715,-1.07658957009168,0.281663665830318,0.947052442776587,-0.554115935140805,0.983262496850266
TSR3,ENSG00000007520.4,protein_coding,6.80953012339967,-0.772111945901427,0.717400644639432,-1.07626324519055,0.281809541583941,0.947052442776587,-0.121319425127909,0.998086042062166
RPAP2,ENSG00000122484.9,protein_coding,5.26968496443492,-0.746373000951576,0.695410698609566,-1.07328374792609,0.283143824830047,0.947052442776587,-0.870086857002629,0.942191637017041
CPSF6,ENSG00000111605.18,protein_coding,9.8155243115926,-0.633478722323737,0.590768056523944,-1.07229684362269,0.28358672403765,0.947052442776587,-0.221491767748673,0.998086042062166
PRUNE1,ENSG00000143363.17,protein_coding,6.94853242452028,-0.785896135391397,0.733933128512837,-1.07080073764193,0.284259035187925,0.947052442776587,0.16634799210497,0.998086042062166
ROCK2,ENSG00000134318.14,protein_coding,20.7802131005997,0.418768130075629,0.391354993864059,1.07004672647947,0.284598276720771,0.947052442776587,0.358914496051967,0.983262496850266
GNG5,ENSG00000174021.11,protein_coding,6.04799680572694,0.624598703942577,0.58377137293058,1.06993719271817,0.284647580467401,0.947052442776587,0.343993015057468,0.995521320397187
C2CD5,ENSG00000111731.13,protein_coding,5.79982533258148,-0.642763018422634,0.600767875899613,-1.06990244353551,0.28466322310695,0.947052442776587,0.0047219304894835,0.998587857984255
HLA-DQB1,ENSG00000179344.16,protein_coding,9.94080506162818,-0.514292510836947,0.480791532363008,-1.0696788030132,0.284763910702555,0.947052442776587,-0.157958785160191,0.998086042062166
WRN,ENSG00000165392.11,protein_coding,3.61894519202342,-0.823224485019658,0.769660992398439,-1.06959361738511,0.284802269372314,0.947052442776587,0.247591445012435,0.998086042062166
ZMAT2,ENSG00000146007.11,protein_coding,21.9344222810624,-0.390245688226512,0.364929486460243,-1.0693728588825,0.284901692106831,0.947052442776587,-0.279835498971541,0.992587378328484
PRPF4,ENSG00000136875.13,protein_coding,3.87588103893393,0.857714084213273,0.802856394288794,1.06832814724366,0.285372516006245,0.947052442776587,0.757322118637997,0.983262496850266
SPN,ENSG00000197471.12,protein_coding,15.162408610311,-0.492646938743566,0.461197465227372,-1.06819090712194,0.285434405568554,0.947052442776587,-0.589325219615482,0.937780004132405
IGF2,ENSG00000167244.21,protein_coding,30.1302332877397,0.388846934886926,0.364059891948918,1.06808506920473,0.285482140245202,0.947052442776587,-0.0696893951243417,0.998086042062166
CEP120,ENSG00000168944.17,protein_coding,10.3767832846585,0.436949219800786,0.409192395909119,1.067833185976,0.285595765512016,0.947052442776587,-0.0095721768367955,0.998086042062166
ACTR10,ENSG00000131966.14,protein_coding,8.26125098162577,0.542294395258503,0.507917897916958,1.06768120887751,0.28566433761382,0.947052442776587,0.335313445962696,0.992587378328484
TBC1D31,ENSG00000156787.17,protein_coding,6.15072257831108,-0.657816531320815,0.616165614547666,-1.06759695086803,0.285702359641886,0.947052442776587,-0.301501957534146,0.995521320397187
EXOC3,ENSG00000180104.16,protein_coding,12.2459585590082,0.49964201636127,0.468117335359262,1.06734354534812,0.285816731303313,0.947052442776587,0.310153059682729,0.992587378328484
H4C13,ENSG00000275126.2,protein_coding,11.1998837152958,-0.613494426824661,0.574936418789857,-1.06706482103876,0.285942566038223,0.947052442776587,-0.580435776794145,0.965997654700597
TRA2A,ENSG00000164548.11,protein_coding,5.27081444237482,-0.664851161890782,0.623090663440578,-1.06702154421575,0.285962107438317,0.947052442776587,-0.234758412938753,0.998086042062166
ZFPM1,ENSG00000179588.9,protein_coding,6.55063355438722,0.881448060540498,0.826167578644042,1.06691194780021,0.286011599104623,0.947052442776587,0.724443449121742,0.992587378328484
INTS1,ENSG00000164880.16,protein_coding,8.69921775837479,-0.656154389282003,0.615067358046392,-1.06680086448761,0.286061768131183,0.947052442776587,-0.273874644748311,0.995521320397187
SPI1,ENSG00000066336.12,protein_coding,45.6799477264596,-0.319959359283893,0.300022730320906,-1.06645039508061,0.286220091083641,0.947052442776587,0.179017895042729,0.995521320397187
CCND2,ENSG00000118971.9,protein_coding,24.0253093713301,-0.341166371683935,0.320069897718708,-1.06591208394039,0.286463385950558,0.947052442776587,-0.194562649871811,0.992587378328484
GAPT,ENSG00000175857.9,protein_coding,10.4845301115553,0.444373672494126,0.417057965464951,1.06549618827858,0.28665144958964,0.947052442776587,0.328533064211909,0.992587378328484
RIN3,ENSG00000100599.16,protein_coding,36.256376607099,-0.284927588688515,0.26746741005015,-1.06527964896766,0.286749399383974,0.947052442776587,-0.116449985168243,0.998086042062166
TAGLN2,ENSG00000158710.15,protein_coding,100.420233647321,0.23520096547021,0.220849520400208,1.06498291254604,0.286883662389041,0.947052442776587,0.242331140260041,0.953507896005218
NCOA3,ENSG00000124151.19,protein_coding,28.8706104467733,-0.335910982597333,0.315426769207955,-1.06494126494341,0.286902509889986,0.947052442776587,-0.111401352131837,0.998086042062166
MTMR4,ENSG00000108389.10,protein_coding,5.62166006273738,0.648873395826567,0.609448568121887,1.06468934339476,0.287016534072805,0.947052442776587,0.938301028107016,0.870378725940802
MITD1,ENSG00000158411.11,protein_coding,14.8428012686162,0.398261462284794,0.374117385136608,1.06453610045246,0.28708590952179,0.947052442776587,0.353958669238924,0.983262496850266
GAPVD1,ENSG00000165219.22,protein_coding,17.0710637937803,0.412067349444101,0.387190699495466,1.06424908961153,0.287215874216958,0.947052442776587,0.22660001899589,0.995521320397187
EIF2S2,ENSG00000125977.7,protein_coding,14.1271436256422,-0.466289749733843,0.438204513105614,-1.06409161884068,0.287287197244003,0.947052442776587,-0.140461612935466,0.998086042062166
RNF181,ENSG00000168894.10,protein_coding,3.76803072778269,0.746188972304781,0.701283395315921,1.06403342398921,0.287313558385442,0.947052442776587,0.361886545472837,0.995521320397187
TDRD3,ENSG00000083544.16,protein_coding,4.37446290848099,-0.878463448364518,0.825787796215316,-1.06378836353676,0.287424583937947,0.947052442776587,-0.61693821673418,0.992587378328484
CELF1,ENSG00000149187.18,protein_coding,12.0697887084011,0.441499615459294,0.415199725001997,1.06334274536711,0.287626547090489,0.947052442776587,0.555900893728416,0.922405531070794
PGM2,ENSG00000169299.14,protein_coding,3.88932775879331,-0.858268951615591,0.807455405205838,-1.06293046784026,0.287813484837465,0.947052442776587,-0.39877994876754,0.995521320397187
TTC1,ENSG00000113312.12,protein_coding,12.4160667744984,-0.462614587741038,0.435273411106733,-1.0628137991815,0.287866400427448,0.947052442776587,-0.271650065709436,0.992587378328484
EEF2,ENSG00000167658.16,protein_coding,484.503143600028,-0.155744110240127,0.14661063525259,-1.06229749275557,0.288100652281594,0.947052442776587,-0.0960488230564758,0.992587378328484
LIMK1,ENSG00000106683.15,protein_coding,6.99718672640593,0.706924892015726,0.665493222815117,1.06225708659413,0.288118990263288,0.947052442776587,0.688666598529559,0.953507896005218
UBR5,ENSG00000104517.13,protein_coding,26.0727046894145,0.335405223484171,0.315868963879203,1.06184925345321,0.288304125821286,0.947052442776587,0.255855159303786,0.992587378328484
MSRB3,ENSG00000174099.12,protein_coding,5.19842072563814,-0.650165479411747,0.612391997769021,-1.06168186681135,0.288380134076248,0.947052442776587,-0.986490422094989,0.887570013070269
CRKL,ENSG00000099942.13,protein_coding,13.1357190116481,-0.552007866700629,0.520148795132163,-1.06124991899745,0.288576338777277,0.947113230100298,-0.0182899549266035,0.998086042062166
CNOT10,ENSG00000182973.19,protein_coding,5.1433978570439,0.663791243639559,0.625936279129193,1.06047734533462,0.288927491131912,0.947682170912673,0.0802792936529813,0.998086042062166
MCTP2,ENSG00000140563.15,protein_coding,11.2025773316089,0.517422258124928,0.488372414585543,1.0594829737958,0.289379879305062,0.948582261190639,0.0570717597580602,0.998086042062166
CD84,ENSG00000066294.15,protein_coding,4.99896565162054,0.799072219582789,0.754532772060239,1.05902917563267,0.28958649271392,0.948676094754266,0.465982093587492,0.992587378328484
SP100,ENSG00000067066.17,protein_coding,61.5341365398375,0.282179742145984,0.267024448965914,1.05675620056051,0.290622868474265,0.951151666141681,0.12050655633917,0.998086042062166
FKBP3,ENSG00000100442.11,protein_coding,8.14172351064913,0.5545167207186,0.524817665601335,1.05658928245724,0.290699073948367,0.951151666141681,0.184934715272881,0.998086042062166
USP16,ENSG00000156256.15,protein_coding,7.20224433454449,-0.655934986934324,0.621169647489092,-1.05596754378737,0.290983043342654,0.95126903297017,-0.640748105659834,0.953507896005218
SUPT16H,ENSG00000092201.10,protein_coding,19.089776744489,-0.434291104583694,0.411510018779384,-1.05535973552207,0.291260830519106,0.95126903297017,0.0023138339900664,0.998592526220086
RIN2,ENSG00000132669.14,protein_coding,8.17132995185874,0.629630582465278,0.596614602200362,1.05533887394501,0.291270368068915,0.95126903297017,0.499743784490058,0.987407932503804
CNTRL,ENSG00000119397.18,protein_coding,28.1755518419817,0.364262400219191,0.345577644060214,1.05406818548633,0.291851700644967,0.952583934132072,0.254997544416011,0.992587378328484
IRF2BP2,ENSG00000168264.11,protein_coding,15.6937879623685,-0.496696122284332,0.471775940871404,-1.05282206923672,0.292422548276739,0.953838228285163,-0.338628227872996,0.992587378328484
TOP 1.00,ENSG00000198900.7,protein_coding,52.3810392656522,0.251143940044272,0.238752541523545,1.05190059314826,0.292845159766779,0.953838228285163,0.219045681885446,0.983262496850266
MSL1,ENSG00000188895.12,protein_coding,15.265813319971,0.407738208692478,0.387981849457361,1.05092083370072,0.293294950972258,0.953838228285163,0.343598043727023,0.983262496850266
N4BP1,ENSG00000102921.8,protein_coding,10.4057957416185,0.541503332129458,0.515269190176348,1.05091346902409,0.293298333726902,0.953838228285163,0.354801529761863,0.992587378328484
DNAJB6,ENSG00000105993.15,protein_coding,17.6749873676435,0.376516007489775,0.358860639411472,1.04919839664572,0.294086816446581,0.953838228285163,0.572640105523887,0.870378725940802
FBL,ENSG00000105202.9,protein_coding,35.2442641826859,-0.285509932072015,0.272162719590647,-1.04904129596237,0.294159112483739,0.953838228285163,0.0808722912050862,0.998086042062166
ATP5PD,ENSG00000167863.12,protein_coding,15.6034857465942,0.343888864066053,0.327856635482382,1.04890011928562,0.294224090630343,0.953838228285163,0.027877340746369,0.998086042062166
VPS41,ENSG00000006715.16,protein_coding,12.79088508839,-0.467690640705487,0.445952446659427,-1.0487455427342,0.294295247255396,0.953838228285163,-0.486662771294633,0.953507896005218
FBXO38,ENSG00000145868.17,protein_coding,5.68201152179313,-0.673242522369979,0.642069623193059,-1.04855065253188,0.294384978009567,0.953838228285163,-0.0594547472165825,0.998086042062166
MGAT1,ENSG00000131446.17,protein_coding,6.48789291317177,0.650348926128033,0.620344694377348,1.04836703210753,0.294469536745374,0.953838228285163,0.403009631395248,0.992587378328484
TAF7,ENSG00000178913.8,protein_coding,9.73505102942248,-0.456475216415997,0.435467872196522,-1.04824085899498,0.294527649951586,0.953838228285163,-0.218802645138415,0.995521320397187
UBE2N,ENSG00000177889.10,protein_coding,9.0288038220052,0.52801836699443,0.504148302394192,1.04734730730398,0.294939424758789,0.953838228285163,0.346946888262038,0.992587378328484
SAE1,ENSG00000142230.13,protein_coding,8.3240544927555,-0.549942721949478,0.525463294422275,-1.04658637013669,0.295290390865755,0.953838228285163,-0.129711366863059,0.998086042062166
CCDC85B,ENSG00000175602.4,protein_coding,18.5354656785835,-0.497951880189865,0.475931899196604,-1.046267083653,0.295437738251636,0.953838228285163,-0.382427419777727,0.992587378328484
PDE3B,ENSG00000152270.9,protein_coding,4.2131687003174,-0.821210733503164,0.785121629229441,-1.04596625915037,0.295576610668811,0.953838228285163,-0.116700505884681,0.998086042062166
VPS37B,ENSG00000139722.7,protein_coding,7.55083586574244,-0.622349100994686,0.595029188475638,-1.04591356701179,0.29560093992946,0.953838228285163,-0.215272813027858,0.998086042062166
HEIH,ENSG00000278970.2,lncRNA,4.06710076887972,-0.760266098532719,0.727350890497513,-1.04525354744901,0.295905800838494,0.953838228285163,-0.443918265602439,0.992587378328484
TMC6,ENSG00000141524.17,protein_coding,5.94624114707652,-0.620799717940223,0.594538944822593,-1.04416997968984,0.296406753532599,0.953838228285163,-0.282867857673329,0.995521320397187
PRKCQ,ENSG00000065675.15,protein_coding,6.4789501395227,-0.706553175437854,0.677567397401917,-1.04277918056134,0.297050575878948,0.953838228285163,-0.176398334583921,0.998086042062166
WIPI2,ENSG00000157954.15,protein_coding,9.41911715682732,-0.524889147193214,0.503479170372116,-1.0425240567654,0.297168778035566,0.953838228285163,-0.228797930532487,0.996352731101744
SNIP1,ENSG00000163877.11,protein_coding,4.32172816313069,0.918234562040444,0.881852684771929,1.04125618473104,0.297756665975771,0.953838228285163,0.689326153829132,0.992587378328484
CUL5,ENSG00000166266.14,protein_coding,7.01937217836432,-0.63423063826822,0.61002804580447,-1.03967455698177,0.298491125126319,0.953838228285163,-0.604251522611833,0.956045253899506
GPI,ENSG00000105220.17,protein_coding,19.0333288326285,-0.412872824252577,0.397360020965018,-1.03903966798141,0.298786287972832,0.953838228285163,-0.475887397695495,0.95182832588077
FERMT3,ENSG00000149781.13,protein_coding,30.4977939270918,0.355441501930443,0.342154473785203,1.03883341929815,0.298882215858442,0.953838228285163,0.343883953678017,0.967795964188399
CD74,ENSG00000019582.16,protein_coding,184.480123707951,0.214328231950331,0.206322763449283,1.03880070413566,0.298897433826803,0.953838228285163,-0.0110644001447124,0.998086042062166
BMS1,ENSG00000165733.8,protein_coding,10.1352560809466,0.504548532467361,0.485969091001869,1.03823173491793,0.299162181451633,0.953838228285163,0.608339041795191,0.922405531070794
PYM1,ENSG00000170473.17,protein_coding,5.24399503372202,0.810464229314205,0.78063279157476,1.03821443073031,0.299170235731363,0.953838228285163,0.215570308562338,0.998086042062166
CLK3,ENSG00000179335.20,protein_coding,7.10258949659446,0.555807065293449,0.535796443547571,1.03734743294186,0.299573967389403,0.953838228285163,0.677565037931031,0.95182832588077
DCAF12,ENSG00000198876.13,protein_coding,63.1862767160668,-0.287952893071277,0.277654453992124,-1.03709084774648,0.299693520131469,0.953838228285163,0.152208811226288,0.995521320397187
SLU7,ENSG00000164609.10,protein_coding,16.4513616899652,-0.463799753013203,0.447251029591501,-1.03700097333888,0.299735403539623,0.953838228285163,-0.0919280586917332,0.998086042062166
RNU1-28P,ENSG00000206588.1,snRNA,9.48066350799939,0.506796779125447,0.488791094215782,1.03683717875129,0.299811745382727,0.953838228285163,0.139955181262446,0.998086042062166
IDH3B,ENSG00000101365.21,protein_coding,5.21927319729586,-0.77413489520206,0.747000541371855,-1.03632440985969,0.300050821986047,0.953838228285163,-0.577005854664121,0.992587378328484
IFNGR1,ENSG00000027697.15,protein_coding,4.97202269974324,-0.806405966828896,0.778259745461568,-1.03616558807193,0.300124897833987,0.953838228285163,-0.503151733078317,0.992587378328484
RNH1,ENSG00000023191.17,protein_coding,11.5428111856753,-0.434677245202911,0.419539903126362,-1.03608081606481,0.300164441217504,0.953838228285163,-0.23232161364089,0.995521320397187
CHIC2,ENSG00000109220.11,protein_coding,2.81703689869397,1.0438585132497,1.00771372511517,1.03586811138292,0.300263676322865,0.953838228285163,1.28879081718019,0.95182832588077
TUFM,ENSG00000178952.11,protein_coding,16.0025677164161,-0.453077976795707,0.437429736028926,-1.03577315275555,0.300307985319995,0.953838228285163,-0.647161286410603,0.908438905389404
OAZ1,ENSG00000104904.12,protein_coding,86.3977660697709,0.247689599946852,0.239214994637861,1.03542673117887,0.300469667327715,0.953838228285163,0.020155604466444,0.998086042062166
VIM,ENSG00000026025.16,protein_coding,184.939352667167,-0.163497368524564,0.158005516869182,-1.03475734116252,0.300782249617356,0.953838228285163,-0.174830672130506,0.953507896005218
RAB18,ENSG00000099246.18,protein_coding,7.21647294481544,0.600357717843728,0.580233560161315,1.03468285715293,0.300817044498121,0.953838228285163,0.1438853727912,0.998086042062166
FNIP1,ENSG00000217128.12,protein_coding,7.15934119016032,-0.555096284060314,0.536542776401253,-1.03457973618339,0.300865221436419,0.953838228285163,-0.0624279505131228,0.998086042062166
PSTPIP1,ENSG00000140368.13,protein_coding,8.0239725890749,-0.627778100183335,0.607780270058438,-1.03290305906602,0.301649267069597,0.953838228285163,-0.331639304011051,0.995521320397187
HSDL2,ENSG00000119471.15,protein_coding,4.21937113103375,0.673217124263982,0.652610469868723,1.03157573368292,0.302270913053357,0.953838228285163,0.752921266917786,0.953507896005218
ITSN1,ENSG00000205726.15,protein_coding,8.06167493083421,-0.694624280794535,0.673543062173543,-1.03129899156405,0.302400631100226,0.953838228285163,-0.442800186590103,0.992587378328484
MAT2A,ENSG00000168906.13,protein_coding,7.53594347298765,0.529775771602858,0.513712146042449,1.03126970168831,0.302414362386018,0.953838228285163,0.183824406873083,0.998086042062166
BCL7B,ENSG00000106635.8,protein_coding,14.2860622075503,-0.463235239100994,0.449309148515269,-1.03099445144116,0.302543421770263,0.953838228285163,-0.324758265841264,0.992587378328484
S100A6,ENSG00000197956.10,protein_coding,68.5808973616545,0.271797456115827,0.263840234110514,1.0301592440294,0.302935258176218,0.953838228285163,0.0086186162179627,0.998086042062166
MEF2D,ENSG00000116604.18,protein_coding,15.5495394075129,0.524130518327545,0.508970133751992,1.02978639328755,0.303110289478443,0.953838228285163,0.464745227969465,0.983262496850266
SP3,ENSG00000172845.18,protein_coding,14.8334030791843,0.453159165736905,0.440052553068901,1.02978419867491,0.303111319917858,0.953838228285163,0.380872888808053,0.983262496850266
ACTG1,ENSG00000184009.13,protein_coding,487.091615239414,-0.162905665450784,0.158195168300053,-1.02977649192039,0.303114938499082,0.953838228285163,-0.165760843053145,0.953507896005218
VARS1,ENSG00000204394.13,protein_coding,7.17098125364268,0.54932345133536,0.533469850118501,1.02971789542247,0.303142452470806,0.953838228285163,0.667501768546031,0.9348146750332
COPS5,ENSG00000121022.14,protein_coding,7.18841587965808,0.656516268923785,0.637583495324066,1.02969457920189,0.303153401058389,0.953838228285163,0.305092049905661,0.99774483465285
SMARCA5,ENSG00000153147.6,protein_coding,91.9395958181595,0.224614354486855,0.218242061260776,1.02919828189519,0.30338650951566,0.953838228285163,0.0488202015871753,0.998086042062166
UBAC2,ENSG00000134882.16,protein_coding,6.24321937943661,-0.587137615848135,0.570519560538012,-1.02912793260664,0.303419561875543,0.953838228285163,-0.59027202988071,0.953507896005218
HAX1,ENSG00000143575.15,protein_coding,10.2044117118263,0.507525443788514,0.493378984173902,1.02867260274229,0.303633548369425,0.953838228285163,0.230377227070485,0.997878976321691
RMND5A,ENSG00000153561.13,protein_coding,23.5890078362201,-0.33187149505694,0.322905556667212,-1.02776644193512,0.304059705333172,0.953838228285163,0.216553329126908,0.992587378328484
STAP1,ENSG00000035720.8,protein_coding,5.47064338811124,0.604064847173042,0.588155467574764,1.02704961608855,0.304397101543746,0.953838228285163,0.869772491813661,0.922405531070794
CLPX,ENSG00000166855.9,protein_coding,12.1008897051049,-0.412541372802053,0.401910853772436,-1.02644994264235,0.304679547250654,0.953838228285163,-0.213156548116119,0.995521320397187
MYL12A,ENSG00000101608.13,protein_coding,192.17146583226,0.215549001615006,0.210041508948355,1.02622097267452,0.30478743779789,0.953838228285163,0.0922545645265482,0.998086042062166
PLAAT4,ENSG00000133321.11,protein_coding,12.6086326825215,-0.410758687507427,0.400300425409785,-1.02612603293373,0.304832180797597,0.953838228285163,-0.799084838561139,0.784543500352545
CENPC,ENSG00000145241.11,protein_coding,6.47221636682957,0.592112377485582,0.577104429630246,1.02600560155976,0.304888943711987,0.953838228285163,0.80257017673582,0.911972164960405
RBL2,ENSG00000103479.17,protein_coding,30.2604784774668,-0.31931941551796,0.311382036095252,-1.02549080711991,0.305131660828016,0.953838228285163,-0.0796232128253951,0.998086042062166
C19orf38,ENSG00000214212.9,protein_coding,6.16495485868751,-0.66420583742973,0.647725353313409,-1.02544362982245,0.305153910559271,0.953838228285163,-0.574055006881079,0.983262496850266
H3C7,ENSG00000277775.2,protein_coding,5.80502937625984,-0.698200042873175,0.681062049113461,-1.02516363051211,0.305285985833661,0.953838228285163,-0.902099295765581,0.937780004132405
MIA2,ENSG00000150527.17,protein_coding,6.48052659249872,0.630281518049854,0.615074337705041,1.02472413399908,0.3054933721777,0.953838228285163,0.364541440098717,0.995521320397187
MGAT5,ENSG00000152127.9,protein_coding,7.41903463651238,-0.635510845433819,0.620242495423737,-1.02461674284289,0.30554406131979,0.953838228285163,0.1310037070199,0.998086042062166
PNRC1,ENSG00000146278.11,protein_coding,110.072279372691,-0.233389024494741,0.227856106965184,-1.02428250707541,0.305701857904525,0.953838228285163,-0.0705171397202908,0.998086042062166
CYTIP,ENSG00000115165.10,protein_coding,31.7428218166308,0.327249695658831,0.319709531522618,1.02358442083445,0.306031606795562,0.953838228285163,0.270924692593549,0.985139727882526
FIBP,ENSG00000172500.13,protein_coding,4.91462335073745,-0.859630624273288,0.839846342261346,-1.02355702587055,0.306044551921366,0.953838228285163,-0.566225863947568,0.992587378328484
UBE2J2,ENSG00000160087.21,protein_coding,7.16015318038361,-0.72256472011819,0.706005619125485,-1.02345463059234,0.306092940662115,0.953838228285163,-0.813898458002594,0.953507896005218
H3P6,ENSG00000235655.3,processed_pseudogene,24.2339020123617,0.348769086935722,0.340785633340123,1.02342661431279,0.306106181145341,0.953838228285163,0.40678639215609,0.95182832588077
ITSN2,ENSG00000198399.15,protein_coding,23.6123507628972,0.33638374808851,0.328939120362385,1.02263223577032,0.3064817621406,0.953838228285163,0.28183572339035,0.985371938663332
MFN2,ENSG00000116688.18,protein_coding,15.7175178395048,-0.428905777852948,0.419504251016827,-1.02241104068274,0.306586397177724,0.953838228285163,-0.129819500778649,0.998086042062166
PRAM1,ENSG00000133246.12,protein_coding,15.9897559923971,-0.366250096382119,0.358341504512755,-1.02206998566945,0.30674777762561,0.953838228285163,0.0495064944474889,0.998086042062166
INPP4A,ENSG00000040933.16,protein_coding,11.6641585320513,-0.495963219058922,0.485430209283304,-1.02169829889897,0.306923716482778,0.953838228285163,-0.15587967913171,0.998086042062166
ANXA3,ENSG00000138772.13,protein_coding,4.42875475150466,-0.85016714705946,0.832615822147539,-1.02107973983325,0.307216661099346,0.953838228285163,-0.153368730840661,0.998086042062166
ESYT2,ENSG00000117868.17,protein_coding,15.5256005362265,-0.407857837863833,0.399643550765052,-1.02055403392112,0.307465776698796,0.953838228285163,-0.314285631804171,0.992587378328484
ZNF598,ENSG00000167962.14,protein_coding,5.59069064279273,-0.90687030074599,0.889022106145141,-1.02007621011612,0.307692318443072,0.953838228285163,-0.0306856817442108,0.998086042062166
ZC3H14,ENSG00000100722.20,protein_coding,4.41823295879718,-0.704306261011329,0.690945666887789,-1.01933667835811,0.308043156681666,0.953838228285163,0.249632775572495,0.998086042062166
LPXN,ENSG00000110031.13,protein_coding,7.07576989173011,0.59867404677601,0.587423443095219,1.0191524594618,0.308130592376429,0.953838228285163,0.169274031857395,0.998086042062166
GIMAP8,ENSG00000171115.4,protein_coding,15.1891910812865,0.342560655969722,0.336197389205145,1.01892717483506,0.308237541386923,0.953838228285163,0.222844267982961,0.992587378328484
RUNX1,ENSG00000159216.19,protein_coding,19.1417821530814,0.34645043285126,0.340080185869285,1.01873160285917,0.308330404867181,0.953838228285163,0.210453699986321,0.995521320397187
TTC38,ENSG00000075234.17,protein_coding,5.40115692025874,-0.641405677371917,0.629694216925283,-1.0185986469811,0.308393546898756,0.953838228285163,-0.445135273658658,0.992587378328484
SH3BP5,ENSG00000131370.16,protein_coding,14.4575586228166,-0.431876652137094,0.424016052059039,-1.0185384492872,0.30842213817795,0.953838228285163,-0.0347735172707131,0.998086042062166
MED15,ENSG00000099917.17,protein_coding,22.0093694020984,0.357353613067102,0.350986029329009,1.01814198630716,0.308610484596267,0.953838228285163,0.163873439256385,0.998086042062166
RALGAPA1,ENSG00000174373.17,protein_coding,5.95798424200585,0.765074484274184,0.7518297823863,1.01761662306838,0.308860184400944,0.953838228285163,0.803877417090072,0.953507896005218
PRDX6,ENSG00000117592.9,protein_coding,15.891379991155,0.441043891041711,0.434238497427471,1.0156720181526,0.309785597214255,0.953838228285163,0.36101353823142,0.989260268085153
ATP6V1G1,ENSG00000136888.8,protein_coding,25.5627591807174,0.300990372021765,0.29646261604868,1.01527260345143,0.309975900086797,0.953838228285163,0.0433960445667939,0.998086042062166
SORL1,ENSG00000137642.13,protein_coding,19.8744477836277,0.344148596248371,0.339039562405433,1.01506913767435,0.310072871916253,0.953838228285163,0.0793275127737088,0.998086042062166
VEGFB,ENSG00000173511.10,protein_coding,11.532495165605,0.439600691107388,0.433166438314383,1.01485399657933,0.310175429991387,0.953838228285163,0.20051997284438,0.995521320397187
UBASH3B,ENSG00000154127.10,protein_coding,7.67858720204202,0.651946485092725,0.642909811869323,1.01405589564285,0.310556081509346,0.953838228285163,0.57889004461169,0.983262496850266
CMTM3,ENSG00000140931.20,protein_coding,3.69788472108557,-0.837825322460096,0.82632456358866,-1.01391796804574,0.310621896839173,0.953838228285163,-0.55468553296391,0.992587378328484
AKR1B1,ENSG00000085662.14,protein_coding,4.56932901802769,0.882855121678697,0.870744998003061,1.01390777288805,0.310626762058823,0.953838228285163,0.700844869677062,0.992587378328484
NORAD,ENSG00000260032.2,lncRNA,51.8994926229471,-0.288348070098877,0.28457888668553,-1.01324477531431,0.31094325835745,0.953838228285163,-0.0652676865048935,0.998086042062166
BLOC1S6,ENSG00000104164.12,protein_coding,8.89382701413544,0.456337796560222,0.450432499028332,1.01311028299385,0.311007487137333,0.953838228285163,0.538149657122576,0.953507896005218
OAS1,ENSG00000089127.15,protein_coding,10.3860783279596,-0.577727523560364,0.570801734088126,-1.01213344154131,0.311474254737383,0.953838228285163,-0.354240865878344,0.992587378328484
PIK3C3,ENSG00000078142.13,protein_coding,11.489153405126,-0.41431681847276,0.410018819652695,-1.01048244279057,0.31226420695551,0.953838228285163,-0.466788160024484,0.953507896005218
GP9,ENSG00000169704.5,protein_coding,4.63087283703288,0.714836159366474,0.707487048198232,1.01038762644059,0.312309613717217,0.953838228285163,-0.076342912734433,0.998086042062166
LRP1,ENSG00000123384.14,protein_coding,8.38413932418048,0.52949961710086,0.524081338300308,1.01033862189813,0.312333083290381,0.953838228285163,0.459952601688777,0.992587378328484
FCGR3B,ENSG00000162747.12,protein_coding,12.6232607825471,0.460887674827257,0.456280340340141,1.0100975958852,0.312448533944172,0.953838228285163,0.006034322899836,0.998086042062166
ATF4,ENSG00000128272.17,protein_coding,45.6614922493769,0.231405130042101,0.2291001290846,1.01006110719672,0.312466014353855,0.953838228285163,0.106012282810713,0.998086042062166
ARHGAP21,ENSG00000107863.19,protein_coding,12.0557671337092,0.387487496677531,0.383641039091822,1.01002618905114,0.312482742976556,0.953838228285163,0.279016235242005,0.992587378328484
IQGAP2,ENSG00000145703.16,protein_coding,30.2521090077814,-0.312733708696186,0.309634319001974,-1.01000983903917,0.312490576160665,0.953838228285163,-0.166442386092938,0.995521320397187
NDUFS5,ENSG00000168653.11,protein_coding,25.3122854546949,0.359879375880396,0.356583698373726,1.00924236728067,0.312858412421502,0.953838228285163,0.0368542210261512,0.998086042062166
ZBTB7A,ENSG00000178951.9,protein_coding,29.8798581243305,-0.339455814076267,0.336483933944087,-1.00883216056512,0.313055134460807,0.953838228285163,-0.253610001852539,0.992587378328484
MKNK1,ENSG00000079277.22,protein_coding,6.16149730408775,-0.84062047346755,0.833985581047395,-1.00795564404342,0.313475756672164,0.953838228285163,-1.33950499792112,0.887570013070269
RBBP8,ENSG00000101773.19,protein_coding,8.27482260797646,0.54083051700355,0.536685954525124,1.00772250967904,0.3135876956412,0.953838228285163,-0.0339926428604267,0.998086042062166
CES2,ENSG00000172831.14,protein_coding,4.0797600124033,-0.883416677716389,0.876811010176882,-1.00753374155073,0.313678351526205,0.953838228285163,-0.83239283007817,0.992587378328484
PARK7,ENSG00000116288.13,protein_coding,14.3187942263584,0.419585913372255,0.416546073921194,1.00729772680953,0.313791721852303,0.953838228285163,0.229814584990477,0.995521320397187
PSMB3,ENSG00000277791.5,protein_coding,7.20479165286839,0.686593493402303,0.681800779163861,1.00702949363643,0.313920601116503,0.953838228285163,0.124166299076808,0.998086042062166
TEX2,ENSG00000136478.8,protein_coding,3.19672908321831,0.993881167998305,0.987574160900827,1.00638636301675,0.314229750952569,0.953838228285163,0.566456945755354,0.995521320397187
TGM2,ENSG00000198959.12,protein_coding,7.50891483221005,-0.604217972501663,0.600484044130015,-1.00621819748276,0.314310620337661,0.953838228285163,0.309317462877611,0.995521320397187
TMA7,ENSG00000232112.3,protein_coding,32.0934409006024,0.298401524365608,0.296572548883284,1.00616704239557,0.314335223101726,0.953838228285163,0.19182411107703,0.992587378328484
H2BC15,ENSG00000233822.5,protein_coding,11.8542108698443,-0.506154031113222,0.503169471755355,-1.0059315191509,0.314448513076674,0.953838228285163,-0.673025302619169,0.943319012471727
AGTPBP1,ENSG00000135049.16,protein_coding,26.2590084168126,0.345743518806165,0.343807463003742,1.00563122099069,0.314592999625235,0.953838228285163,0.148501793608681,0.998086042062166
STK38,ENSG00000112079.9,protein_coding,25.3178179012616,-0.265080356030708,0.263604236890421,-1.00559975498762,0.314608141818268,0.953838228285163,-0.150468928180927,0.995521320397187
PLEKHG3,ENSG00000126822.18,protein_coding,10.8287984989045,-0.596300684757731,0.59302240341495,-1.00552809021026,0.314642630410967,0.953838228285163,-0.339627789701878,0.994480669180938
HOOK3,ENSG00000168172.9,protein_coding,27.194752244016,0.321256678462655,0.319817476989269,1.00450007137488,0.315137636847064,0.953838228285163,0.251137410347252,0.992587378328484
NCOA6,ENSG00000198646.14,protein_coding,18.1926985406664,-0.402270552464171,0.400550403199909,-1.00429446394391,0.315236701271216,0.953838228285163,0.186090249456568,0.995521320397187
TENT4A,ENSG00000112941.14,protein_coding,4.24307550022185,0.823959794028491,0.820499427849925,1.00421739011767,0.315273841748574,0.953838228285163,0.738861957420339,0.983262496850266
DCAF11,ENSG00000100897.18,protein_coding,14.7883439258818,-0.478181696573311,0.476218638646165,-1.00412217785664,0.315319726777453,0.953838228285163,-0.191836098989266,0.998086042062166
GTF3C5,ENSG00000148308.18,protein_coding,5.35893398992967,-0.97759554118772,0.973651065424904,-1.00405122112314,0.315353925349879,0.953838228285163,-1.0379229075584,0.953507896005218
MAK16,ENSG00000198042.11,protein_coding,6.77557896578892,0.521018751031883,0.518940107743836,1.00400555527898,0.315375935919408,0.953838228285163,0.440669767657405,0.992587378328484
OTUD4,ENSG00000164164.17,protein_coding,8.68634301074071,0.570399597666734,0.568166314862947,1.00393068498671,0.315412024981639,0.953838228285163,-0.0153785784067651,0.998086042062166
PDCL3,ENSG00000115539.14,protein_coding,8.10296560788539,0.489454413647513,0.488662707166738,1.00162014917276,0.316527085669236,0.953838228285163,0.328886613251748,0.992587378328484
PNPLA2,ENSG00000177666.17,protein_coding,10.6387826366976,-0.599077917697399,0.598652269095273,-1.00071101142366,0.316966542289469,0.953838228285163,-0.62483995859024,0.953507896005218
PYCARD,ENSG00000103490.14,protein_coding,17.6010802163446,-0.43208510980032,0.431779141328076,-1.00070862263356,0.316967697503438,0.953838228285163,-0.507497216482496,0.953507896005218
SRGN,ENSG00000122862.5,protein_coding,17.5793511098227,-0.480217632116046,0.480187823785829,-1.00006207639749,0.317280467453593,0.953838228285163,-0.697622218023146,0.91628069731862
CALM2,ENSG00000143933.19,protein_coding,36.5255111045183,0.272558605942278,0.272805229311818,0.999095972719576,0.317748201889228,0.953838228285163,0.0920535975122702,0.998086042062166
DUSP6,ENSG00000139318.8,protein_coding,21.6970026184745,0.341552149851773,0.342297812802838,0.997821595922686,0.318365876146373,0.953838228285163,-0.0034722386140157,0.998587857984255
SNHG6,ENSG00000245910.8,lncRNA,14.6306086711934,0.457631204022301,0.458821226986626,0.997406347190732,0.318567311705415,0.953838228285163,0.295331837327439,0.992587378328484
REV1,ENSG00000135945.10,protein_coding,5.09069912140298,0.673296300029481,0.675536713122638,0.996683506536898,0.318918157977478,0.953838228285163,0.425654109024691,0.992587378328484
CHAMP1,ENSG00000198824.7,protein_coding,4.08043279745311,0.737170385838873,0.73987605032774,0.996343084104873,0.319083476915688,0.953838228285163,0.522387957600355,0.992587378328484
CCDC117,ENSG00000159873.10,protein_coding,8.16622972415252,-0.615056090610558,0.617461092278813,-0.996105015039281,0.31919912343506,0.953838228285163,-0.267357411459523,0.995521320397187
MAF 1.00,ENSG00000179632.10,protein_coding,23.4242486677178,0.410557337102709,0.412188856275108,0.996041816396632,0.319229827969535,0.953838228285163,0.0864072862015818,0.998086042062166
RNF11,ENSG00000123091.5,protein_coding,55.2345994543707,-0.237933289760195,0.238927094187984,-0.995840553658568,0.319327622674523,0.953838228285163,0.124944258773236,0.995521320397187
AKT1,ENSG00000142208.18,protein_coding,31.9170710434862,0.297801592530943,0.299153674207085,0.995480310647278,0.319502715739829,0.953838228285163,0.0392458514197838,0.998086042062166
EVL,ENSG00000196405.13,protein_coding,32.7214910490802,-0.302197808888904,0.303688266475621,-0.995092146285351,0.319691450033465,0.953838228285163,-0.327855838138894,0.953507896005218
WHAMM,ENSG00000156232.7,protein_coding,4.8511962632927,0.660566511129033,0.66395549755968,0.994895762678217,0.319786963962281,0.953838228285163,0.015431840777564,0.998086042062166
UBE3C,ENSG00000009335.18,protein_coding,8.28768040584191,-0.543024061805247,0.545982490215161,-0.994581459180589,0.319939868725861,0.953838228285163,0.209106179420293,0.998086042062166
CEP170,ENSG00000143702.16,protein_coding,9.43894856598193,-0.465054735370499,0.467653681974612,-0.994442582825094,0.320007445583096,0.953838228285163,-0.652950799991153,0.932045888291052
RBX1,ENSG00000100387.9,protein_coding,12.4000601137321,-0.527176652942877,0.530153839547479,-0.994384296816292,0.320035810177203,0.953838228285163,-0.528027953830811,0.97236782393181
PDGFA,ENSG00000197461.13,protein_coding,3.24016035540233,0.733392604069481,0.737630200716982,0.994255120460928,0.32009867906253,0.953838228285163,0.354160352237806,0.998086042062166
DAB2,ENSG00000153071.15,protein_coding,15.1292343689882,-0.435588265619029,0.438148752050898,-0.994156125243119,0.320146864544951,0.953838228285163,-0.284341966964904,0.992587378328484
OAZ2,ENSG00000180304.14,protein_coding,18.5107971812304,0.348612674415101,0.350888960492281,0.993512802243802,0.320460114705513,0.953838228285163,-0.0113619755870585,0.998086042062166
OSBPL8,ENSG00000091039.17,protein_coding,25.7154611056079,0.295091968623883,0.297115184149908,0.993190467421538,0.320617142957495,0.953838228285163,0.170926884573673,0.995521320397187
CCDC9,ENSG00000105321.14,protein_coding,35.6949236460222,0.392635384430577,0.395350397948031,0.993132639978244,0.32064531942579,0.953838228285163,-0.0871657547148745,0.998086042062166
VPS26A,ENSG00000122958.15,protein_coding,6.70541344220681,-0.55501344546667,0.559502982563697,-0.991975847784662,0.321209307319435,0.953838228285163,-0.384190425065894,0.992587378328484
BIRC6,ENSG00000115760.14,protein_coding,29.2054708372249,0.317139246091559,0.31982354124649,0.99160694943071,0.321389297932634,0.953838228285163,0.302234554179062,0.983262496850266
SNX4,ENSG00000114520.11,protein_coding,3.80707562554559,-0.933984083385556,0.942152592211044,-0.991329951333767,0.321524492426802,0.953838228285163,-0.620307340567512,0.992587378328484
MAN1A2,ENSG00000198162.12,protein_coding,79.4461469047688,0.238052205603811,0.240142106228171,0.991297233720543,0.321540463367931,0.953838228285163,-0.0358801585870486,0.998086042062166
PCBP2,ENSG00000197111.16,protein_coding,26.2328222437139,-0.288865714664476,0.291483002455712,-0.991020787595898,0.321675429855784,0.953838228285163,-0.128564310022943,0.998086042062166
PDAP1,ENSG00000106244.13,protein_coding,30.4987320254608,0.297164846637919,0.299901781380014,0.990873896348659,0.32174716012536,0.953838228285163,0.305425655002908,0.953507896005218
CHCHD7,ENSG00000170791.18,protein_coding,5.06655839432232,0.551203393396374,0.556715524411151,0.990098837246172,0.322125811646641,0.953838228285163,0.138526224280621,0.998086042062166
SLC2A3,ENSG00000059804.16,protein_coding,6.65692460671663,-0.605369036835875,0.611542967978454,-0.989904337935586,0.322220879006749,0.953838228285163,-0.581782549238419,0.979511700603372
ELP3,ENSG00000134014.17,protein_coding,8.23077215951247,-0.530379093879945,0.535847136868398,-0.989795517019258,0.322274076473061,0.953838228285163,-0.410375046097329,0.992587378328484
SFSWAP,ENSG00000061936.10,protein_coding,8.30907590376853,-0.542834081659933,0.548460971833076,-0.989740582352949,0.322300933643617,0.953838228285163,-0.416790192176952,0.992587378328484
ZMYM4,ENSG00000146463.12,protein_coding,13.9736864058809,0.3834022570085,0.387578584783183,0.989224565188452,0.322553282074483,0.953838228285163,0.525234449712953,0.922405531070794
NCOR1,ENSG00000141027.21,protein_coding,48.0554839928586,-0.238066584832309,0.240684507311686,-0.989123012076608,0.322602959876127,0.953838228285163,-0.014330243540996,0.998086042062166
NFYC,ENSG00000066136.20,protein_coding,11.1042564636395,-0.447942123081264,0.45298606715127,-0.988865123155496,0.32272913653358,0.953838228285163,-0.227400057144504,0.995521320397187
ACTN1,ENSG00000072110.16,protein_coding,43.6925935299667,-0.290766055006823,0.294198230766346,-0.988333798777161,0.322989197715054,0.953838228285163,-0.182959834673231,0.992587378328484
AQR,ENSG00000021776.11,protein_coding,8.52507221183033,-0.496946303552377,0.502823391624649,-0.988311824449371,0.32299995617601,0.953838228285163,0.0390322066876116,0.998086042062166
NOMO1,ENSG00000103512.15,protein_coding,2.21622419931271,-1.22278258162538,1.23734735386091,-0.988229035128998,0.323040491285446,0.953838228285163,-0.29030817522115,0.998086042062166
RFX5,ENSG00000143390.18,protein_coding,9.29406975571433,-0.527758254748761,0.53424025574951,-0.987866880245377,0.323217847680499,0.953838228285163,0.287887550323901,0.995521320397187
COX6B1,ENSG00000126267.11,protein_coding,17.3298056738678,0.384639299971933,0.389443854974903,0.987663035527216,0.323317703501919,0.953838228285163,0.432497723284326,0.953507896005218
SF3B3,ENSG00000189091.13,protein_coding,15.1142969219367,-0.451742686420052,0.457494007810517,-0.98742864104824,0.323432549347912,0.953838228285163,-0.139876405257241,0.998086042062166
H2BC10,ENSG00000278588.2,protein_coding,5.21923819763829,0.611656409045515,0.619753080382128,0.986935649708072,0.323674186193578,0.953838228285163,0.470288027766374,0.992587378328484
ATG12,ENSG00000145782.13,protein_coding,7.53526927957444,-0.69552764989352,0.705027620624773,-0.986525392121753,0.323875361220218,0.953838228285163,-0.605010082893156,0.983262496850266
TMEM140,ENSG00000146859.6,protein_coding,5.23543817693019,0.646217610098468,0.655054842012722,0.986509172442568,0.32388331641974,0.953838228285163,0.831781727440162,0.95182832588077
AP001189.4,ENSG00000236304.1,lncRNA,10.5170769190982,-0.896813487324812,0.909152582423901,-0.986427916130215,0.323923171786158,0.953838228285163,-0.592591704535698,0.992587378328484
DUSP7,ENSG00000164086.10,protein_coding,11.6680987278209,-0.417938908419685,0.423783353725777,-0.986208884198236,0.324030620556751,0.953838228285163,-0.39805033415461,0.983262496850266
ABHD17A,ENSG00000129968.17,protein_coding,17.2120048155756,0.420035936466619,0.426011613047242,0.985972972572557,0.3241463758307,0.953838228285163,0.467642790262766,0.953507896005218
DOCK8,ENSG00000107099.17,protein_coding,48.3593514727417,0.240642225500557,0.244068349421742,0.98596244072899,0.324151544141358,0.953838228285163,0.0794897952218243,0.998086042062166
CLTB,ENSG00000175416.16,protein_coding,11.9183644736688,0.456479548369186,0.462989684723314,0.985938917066763,0.324163088144511,0.953838228285163,0.240514968753789,0.995521320397187
TRAFD1,ENSG00000135148.12,protein_coding,9.38044956715613,-0.579450823533878,0.587879879540123,-0.985661941665976,0.324299031201632,0.953838228285163,-0.52810445868671,0.983262496850266
AP1B1,ENSG00000100280.17,protein_coding,25.4701266663517,-0.336854483956777,0.341831631236387,-0.985439769685424,0.324408102869753,0.953838228285163,-0.57795275582981,0.870378725940802
CTSH,ENSG00000103811.18,protein_coding,5.75404463680676,0.508328715896526,0.515859481143296,0.985401518200112,0.324426884215238,0.953838228285163,-0.0110364895976758,0.998086042062166
RP11-761N21.2,ENSG00000234287.1,processed_pseudogene,7.16019912063485,0.460288514143763,0.467175353598557,0.985258555697029,0.324497084571511,0.953838228285163,0.437956107338731,0.983262496850266
CARNMT1,ENSG00000156017.13,protein_coding,7.01110618890709,0.587596515965016,0.596469825890761,0.985123623122941,0.324563350979932,0.953838228285163,0.193710782101178,0.998086042062166
CNOT4,ENSG00000080802.19,protein_coding,6.85663675386226,-0.579321116712899,0.588191629756814,-0.984919008372183,0.324663855640233,0.953838228285163,-0.426015762721099,0.992587378328484
GRN,ENSG00000030582.18,protein_coding,5.04327943493885,0.76429317580849,0.776114155005991,0.984769019967933,0.324737541267785,0.953838228285163,0.393236390848504,0.995521320397187
GATAD2B,ENSG00000143614.10,protein_coding,17.301432454104,-0.358044819430774,0.363601990338171,-0.984716335292258,0.324763426541016,0.953838228285163,-0.195966610226027,0.995521320397187
PRDM1,ENSG00000057657.17,protein_coding,6.31836973833127,-0.599118825925844,0.608471312037502,-0.984629536468464,0.324806075860707,0.953838228285163,-0.159761501748087,0.998086042062166
RAN,ENSG00000132341.12,protein_coding,18.3390012331909,0.328688534396076,0.334171895842303,0.98359119508717,0.325316556102538,0.954811257723858,0.095377348738328,0.998086042062166
TES,ENSG00000135269.18,protein_coding,15.2030041734798,-0.437307689601733,0.444800933499159,-0.983153713643363,0.325531791488102,0.95491714289025,-0.0434613884308653,0.998086042062166
BCL2L1,ENSG00000171552.14,protein_coding,62.9701569741429,-0.259679890511229,0.264392187441674,-0.98217686772048,0.326012721639669,0.955366569350158,0.0325526741476405,0.998086042062166
ADAR,ENSG00000160710.18,protein_coding,66.7697698225816,-0.198974809402108,0.202683099925863,-0.98170399739736,0.326245695517058,0.955366569350158,-0.222184380054948,0.953507896005218
ATG3,ENSG00000144848.11,protein_coding,22.9216838119125,0.355473297853729,0.362187782724534,0.981461315949711,0.326365301882115,0.955366569350158,0.0154885237447084,0.998086042062166
TUBA1B,ENSG00000123416.15,protein_coding,61.1603479358413,-0.246616378201661,0.251366576075846,-0.981102507945402,0.326542193813735,0.955366569350158,-0.275886361082143,0.953507896005218
KLF6,ENSG00000067082.15,protein_coding,18.3384858586578,-0.348556221328597,0.355298591529599,-0.98102336918372,0.326581217515195,0.955366569350158,-0.272127527739579,0.992587378328484
IRF1,ENSG00000125347.15,protein_coding,34.1610605630714,-0.283283571815025,0.288981673156712,-0.980282135958854,0.326946870244191,0.955880650422983,-0.102891629659268,0.998086042062166
RAP2A,ENSG00000125249.7,protein_coding,9.59535035561395,0.471112181540321,0.480985270654508,0.979473198626744,0.327346224936634,0.955880650422983,0.392300802346434,0.992587378328484
RAB29,ENSG00000117280.13,protein_coding,6.2558529242897,0.556618358908267,0.568430012978904,0.979220565767212,0.327471009127994,0.955880650422983,0.364844450805919,0.992587378328484
ATXN2,ENSG00000204842.18,protein_coding,17.9051408411092,0.372833978028284,0.3807920997905,0.979101137427498,0.327530009702692,0.955880650422983,0.14864015913946,0.998086042062166
PAX5,ENSG00000196092.14,protein_coding,22.9789353376172,0.37529677864502,0.383405453682695,0.978850913674312,0.327653648841049,0.955880650422983,0.290066004680461,0.992587378328484
STRN4,ENSG00000090372.15,protein_coding,17.2898988290913,0.392831420145561,0.401543104448703,0.978304485355059,0.327923752180786,0.956145294925378,0.0058037963714519,0.998086042062166
GP1BA,ENSG00000185245.8,protein_coding,8.14566001114849,0.703431463910898,0.72026534079944,0.976628228605507,0.328753238704972,0.957618570313629,0.483339706226241,0.992587378328484
TPM4,ENSG00000167460.17,protein_coding,119.649993677598,-0.174244868158809,0.178666540019919,-0.975251819055669,0.329435363613028,0.957618570313629,-0.162956333766931,0.992587378328484
TECPR1,ENSG00000205356.10,protein_coding,4.05012836647807,-0.867553644944585,0.889801221917504,-0.974997138209166,0.329561679518027,0.957618570313629,-0.299948946851868,0.998086042062166
TNPO1,ENSG00000083312.19,protein_coding,9.56440828875731,0.385766504972481,0.395705021847954,0.974884026416801,0.329617790453426,0.957618570313629,0.0962493749057366,0.998086042062166
CCDC6,ENSG00000108091.11,protein_coding,8.32365689459419,-0.473765981569924,0.486141781251709,-0.974542818249605,0.329787089773205,0.957618570313629,-0.301279310341352,0.992587378328484
SERPINB9,ENSG00000170542.6,protein_coding,20.5492563002444,-0.36902432351514,0.378700551502667,-0.974448867451785,0.329833715794924,0.957618570313629,-0.664296414776705,0.870378725940802
FNTA,ENSG00000168522.13,protein_coding,6.2730699922771,-0.724315601777661,0.74335579485967,-0.974386164453587,0.329864836494042,0.957618570313629,0.061003309641616,0.998086042062166
ATP5F1C,ENSG00000165629.20,protein_coding,10.9935232379757,0.4352900824835,0.446734024961364,0.97438309634272,0.329866359305032,0.957618570313629,0.434787891905172,0.979511700603372
UTP20,ENSG00000120800.5,protein_coding,6.22493535395154,-0.677660546275952,0.695736352759364,-0.974019172044523,0.330047019988731,0.95762145701684,-0.493863355058539,0.992587378328484
BCL6B,ENSG00000161940.11,protein_coding,15.8483078136871,-0.48433427998476,0.497910508210042,-0.972733597701951,0.330685722445513,0.958578658365744,-0.157138799715758,0.998086042062166
ENTR1,ENSG00000165689.17,protein_coding,5.38505510777886,-0.896323041944426,0.921997901612682,-0.972153017242937,0.330974429940633,0.958578658365744,-1.5474152238898,0.908438905389404
CYREN,ENSG00000122783.17,protein_coding,6.59085763751203,-0.591352811247053,0.608346963566841,-0.972065033052606,0.331018196402443,0.958578658365744,-0.604748210886355,0.983262496850266
THBS1,ENSG00000137801.11,protein_coding,9.51357334844452,0.537494458133369,0.553118262353964,0.971753230214994,0.331173328349229,0.958578658365744,0.300135472922,0.995521320397187
CDK2AP2,ENSG00000167797.8,protein_coding,9.61488338363459,-0.532289922420454,0.548051223974459,-0.971241189026632,0.331428187310837,0.958578658365744,-0.52606512990957,0.983262496850266
LMNB2,ENSG00000176619.13,protein_coding,8.09849808446402,-0.680300572150124,0.700897277936806,-0.97061380257131,0.331740630060809,0.958578658365744,-0.611721199115498,0.983262496850266
EXOC4,ENSG00000131558.15,protein_coding,4.46114449873965,-0.690651538131066,0.711624662166271,-0.970527828572775,0.331783460528071,0.958578658365744,0.560679373825063,0.983262496850266
GPATCH8,ENSG00000186566.13,protein_coding,20.0379543025754,-0.332202220866285,0.342313074244915,-0.970463139916775,0.331815689434296,0.958578658365744,-0.0814329934598118,0.998086042062166
MTA2,ENSG00000149480.7,protein_coding,15.9158891886378,-0.347947637456436,0.359215614143261,-0.968631717990046,0.332728972145729,0.960546380007667,-0.147646341919197,0.998086042062166
ACTR1A,ENSG00000138107.13,protein_coding,10.640482301726,0.4971196821243,0.513355760482863,0.968372657699816,0.332858289723047,0.960546380007667,0.0278350278256911,0.998086042062166
ANXA1,ENSG00000135046.14,protein_coding,42.4630090075153,-0.284233314207036,0.293818856693757,-0.967376013253255,0.333356096678962,0.960546380007667,-0.211175552493029,0.992587378328484
CHD7,ENSG00000171316.12,protein_coding,15.1273657890441,-0.422047831860749,0.436308392913465,-0.967315409732343,0.333386382594685,0.960546380007667,-0.190440077990321,0.997878976321691
EIF4EBP1,ENSG00000187840.5,protein_coding,8.81017446504836,-0.655133588228189,0.677752561131873,-0.966626503239015,0.333730780530487,0.960546380007667,-0.0777295998194377,0.998086042062166
SH3GLB1,ENSG00000097033.14,protein_coding,16.4288902081258,0.36021066276041,0.372661978253248,0.966588178511799,0.33374994655354,0.960546380007667,0.281729649764571,0.992587378328484
FCHO1,ENSG00000130475.14,protein_coding,6.20778590952991,-0.55624381116343,0.575602039998367,-0.966368727888817,0.33385970649185,0.960546380007667,-0.330748919749251,0.992587378328484
GM2A,ENSG00000196743.9,protein_coding,4.34471109982475,-0.813462670645867,0.841909852930188,-0.966211130342146,0.333938544494223,0.960546380007667,-1.24144345486751,0.91628069731862
HPS4,ENSG00000100099.21,protein_coding,2.84631430099282,-0.944952793124795,0.979725142544145,-0.964508056485053,0.334791271209408,0.962479760273001,-0.494886223724033,0.995521320397187
DPH3,ENSG00000154813.10,protein_coding,5.10051937688239,-0.693727533502816,0.719975216302713,-0.963543630106205,0.335274779871381,0.962703197152545,-0.934610297234812,0.95182832588077
DBNL,ENSG00000136279.21,protein_coding,46.7026547467182,0.287991929796201,0.29888839487898,0.963543365117301,0.335274912783555,0.962703197152545,0.221590209684576,0.992587378328484
USE1,ENSG00000053501.13,protein_coding,4.31469732716808,-0.758488978397283,0.787792108878129,-0.962803472958652,0.3356461575423,0.962703197152545,-0.822877220804724,0.969245942057854
DLGAP4,ENSG00000080845.19,protein_coding,10.9984149781079,0.463910980572512,0.481869208332381,0.96273215335336,0.335681956507035,0.962703197152545,0.138249341157893,0.998086042062166
HNRNPDL,ENSG00000152795.18,protein_coding,26.2812156240823,-0.298135186175477,0.309733913646698,-0.9625526073827,0.335772090714181,0.962703197152545,-0.452924283192732,0.91628069731862
RSBN1,ENSG00000081019.13,protein_coding,8.63182309391862,-0.557737260969658,0.58023870168915,-0.961220372488103,0.336441375069347,0.963773077389378,0.103833168343308,0.998086042062166
TRIM56,ENSG00000169871.13,protein_coding,33.953519445811,-0.312678830133871,0.325337699102418,-0.961090064251788,0.336506884994678,0.963773077389378,-0.2320516252079,0.992587378328484
SS18,ENSG00000141380.14,protein_coding,7.25776152836895,-0.546348486246024,0.568750798524133,-0.960611374373026,0.336747607429548,0.963944547582971,0.149278430004607,0.998086042062166
DHRS7,ENSG00000100612.14,protein_coding,5.74207719580809,-0.675301901715294,0.703556056863826,-0.959840932541356,0.337135277897821,0.964318759780021,-0.161205914060141,0.998086042062166
RAB11A,ENSG00000103769.10,protein_coding,33.4807092214178,-0.373541154738561,0.389254361227841,-0.959632548650926,0.337240181656653,0.964318759780021,-0.483905354823536,0.953507896005218
SMU1,ENSG00000122692.9,protein_coding,11.6390882323691,0.420024878743272,0.438008629067436,0.95894201819162,0.337587955601015,0.964420798551883,0.364951846221242,0.992587378328484
C1orf21,ENSG00000116667.15,protein_coding,9.42106519377764,-0.624367802839191,0.651211450873146,-0.958778906608656,0.337670137615707,0.964420798551883,-0.800746454796883,0.95182832588077
TARDBP,ENSG00000120948.19,protein_coding,10.1366237391359,-0.449663476951719,0.469140244433058,-0.958484125562761,0.337818692475866,0.964420798551883,-0.252809290375072,0.995521320397187
CR1,ENSG00000203710.12,protein_coding,1.70437868181305,0.978329572560538,1.0215957190256,0.957648465376962,0.338240051469098,0.964549549095056,1.20957713002419,0.95182832588077
HAT1,ENSG00000128708.13,protein_coding,5.81386035782409,-0.537345270419196,0.561364926181155,-0.957212047561718,0.338460237409937,0.964549549095056,-0.346471253717721,0.992587378328484
ABCE1,ENSG00000164163.11,protein_coding,7.47834075397883,0.560062875446883,0.585252461365597,0.956959453258962,0.338587720883306,0.964549549095056,0.363744135851464,0.992587378328484
SRF,ENSG00000112658.8,protein_coding,10.9516028412563,-0.498117467282066,0.520721186022552,-0.956591513179749,0.338773474114887,0.964549549095056,0.336396456562126,0.992587378328484
DGKA,ENSG00000065357.20,protein_coding,10.7155499764614,0.440234066482503,0.460458826884465,0.956076940605512,0.339033363909107,0.964549549095056,0.512863367562235,0.953507896005218
HNRNPH3,ENSG00000096746.18,protein_coding,33.0896582061501,0.276320450589531,0.289196722799575,0.955475732624511,0.33933717174299,0.964549549095056,0.217596545048413,0.992587378328484
FRAT2,ENSG00000181274.7,protein_coding,13.6027472685431,-0.557046592531968,0.583106512306963,-0.955308474138124,0.339421723347321,0.964549549095056,-0.868759557961853,0.91334401440864
ASCC2,ENSG00000100325.15,protein_coding,20.7496379448651,0.368752104821712,0.386394019287288,0.95434216477233,0.33991047133107,0.964549549095056,0.400829969292496,0.953507896005218
RP4-706A16.3,ENSG00000226084.5,processed_pseudogene,9.55813202482176,-0.40701514750928,0.426620421900301,-0.954045157276597,0.340060784851996,0.964549549095056,-0.202380390355117,0.995521320397187
CDK11B,ENSG00000248333.9,protein_coding,11.7672819379223,-0.509580732127568,0.534228217235479,-0.953863378397613,0.340152802949753,0.964549549095056,-0.183456296787999,0.998086042062166
PSMC2,ENSG00000161057.13,protein_coding,12.5364772115283,-0.503026602092807,0.52741258535561,-0.953762985677787,0.340203629484062,0.964549549095056,-0.263590970867434,0.995521320397187
HTT,ENSG00000197386.14,protein_coding,15.3743204940616,0.367625604377474,0.385535629761283,0.953545083771118,0.340313964973728,0.964549549095056,0.405461975083963,0.953507896005218
WDR7,ENSG00000091157.14,protein_coding,9.30703729724027,0.502068408862598,0.526952369942833,0.952777589589483,0.340702771273954,0.964549549095056,0.314260363339402,0.992587378328484
PYHIN1,ENSG00000163564.15,protein_coding,3.92754316026211,-0.732973313222436,0.769492983499834,-0.952540606528604,0.340822882432362,0.964549549095056,-0.394882781684422,0.995521320397187
SIMC1,ENSG00000170085.18,protein_coding,5.64630063540985,-0.822315024075071,0.863691970610548,-0.952092935973194,0.34104985124634,0.964549549095056,-0.754182967909156,0.983262496850266
SCO1,ENSG00000133028.12,protein_coding,4.03749502767623,-0.764295644512726,0.802804940173877,-0.952031566157515,0.341080973262858,0.964549549095056,-0.181546140258801,0.998086042062166
PAK1IP1,ENSG00000111845.5,protein_coding,5.95116214657116,0.598331969625611,0.628481790957544,0.952027534026091,0.34108301811123,0.964549549095056,-0.229166844142123,0.998086042062166
DNM1L,ENSG00000087470.19,protein_coding,7.62043748197754,0.477417199713689,0.501651274165938,0.951691392606266,0.341253515910939,0.964549549095056,0.411053440380668,0.992587378328484
S100A4,ENSG00000196154.12,protein_coding,25.1363970787818,0.356518065836897,0.374652942013112,0.951595532444583,0.341302148141328,0.964549549095056,0.249424832406954,0.992587378328484
PREX1,ENSG00000124126.14,protein_coding,86.8278049564282,-0.207414479121814,0.218322810914253,-0.950035767005931,0.342094079062166,0.966275273662611,-0.103912457847342,0.995521320397187
H2AZ1,ENSG00000164032.12,protein_coding,6.4554926078362,0.582796646747857,0.613681092184903,0.949673460971256,0.342278198747017,0.966283262352543,0.309951427967066,0.995521320397187
MEGF9,ENSG00000106780.9,protein_coding,7.724639081004,-0.618948142889387,0.652140858526527,-0.949101922992316,0.342568776469283,0.966591624447474,-0.657310352879431,0.964670761257056
NUP98,ENSG00000110713.17,protein_coding,21.3629259319998,0.367762100762097,0.387632139207195,0.948739961331026,0.342752884271517,0.966599403792161,0.0785619315988194,0.998086042062166
GARS1,ENSG00000106105.15,protein_coding,10.9710293825772,-0.430369436005314,0.45384965705668,-0.948264319061867,0.342994910602932,0.966770424914663,-0.180058085447263,0.998086042062166
POLDIP2,ENSG00000004142.12,protein_coding,4.01522054641839,-0.748082594154681,0.790187879616238,-0.94671484270044,0.343784105024519,0.968482706015163,0.350967909790709,0.995521320397187
FAM120B,ENSG00000112584.14,protein_coding,5.32598105718567,0.744685683233586,0.787018665954272,0.9462109546419,0.344040999853222,0.968694415857198,0.37506536004988,0.995521320397187
NECAP2,ENSG00000157191.20,protein_coding,13.8096434932283,-0.455532761546354,0.481713064696055,-0.945651664718249,0.344326283406754,0.968985792269271,-0.30149822654447,0.992587378328484
PROSER1,ENSG00000120685.20,protein_coding,5.15784460626078,0.630710048483497,0.667581046007216,0.944769256490663,0.344776690591435,0.969219762458216,0.214539179554692,0.998086042062166
SSRP1,ENSG00000149136.9,protein_coding,19.1948118985079,-0.359767249788878,0.380848766668494,-0.944645962585023,0.344839653348594,0.969219762458216,-0.0818495752518386,0.998086042062166
HBM,ENSG00000206177.7,protein_coding,5.21484977784377,-0.702180486679133,0.743504289033278,-0.944420223307824,0.344954951103797,0.969219762458216,-0.432350143341947,0.992587378328484
PRELID1,ENSG00000169230.10,protein_coding,40.8742296837187,-0.275875887301053,0.292338911642911,-0.943685141846708,0.345330568940846,0.969763926477717,-0.0864635365449933,0.998086042062166
PADI4,ENSG00000159339.13,protein_coding,5.26045962259634,0.669250359181807,0.709755927577017,0.942930285156633,0.345716562946644,0.97030697093286,0.14572730691415,0.998086042062166
WSB2,ENSG00000176871.9,protein_coding,5.68207923479325,0.608404304591251,0.645664773909069,0.942291308394864,0.346043516844405,0.97030697093286,0.620743598943987,0.979511700603372
TBC1D1,ENSG00000065882.16,protein_coding,23.3381009074231,-0.308600699324376,0.327518355125355,-0.942239402754272,0.346070084754853,0.97030697093286,-0.0762275225940069,0.998086042062166
EPS15,ENSG00000085832.17,protein_coding,32.6070849785831,0.285620144416288,0.303288670368854,0.941743534530722,0.346323960484973,0.970508259403212,0.130968960608088,0.998086042062166
SSH2,ENSG00000141298.19,protein_coding,48.2786265634506,0.327445515921884,0.347836365148909,0.941378040739658,0.346511162734346,0.970522594521316,0.196375039193394,0.995521320397187
NMD3,ENSG00000169251.13,protein_coding,4.56611953668575,-0.630855062599685,0.671219699150571,-0.939863748632575,0.347287454281936,0.97150952951545,-0.369102618356162,0.995521320397187
DERA,ENSG00000023697.13,protein_coding,4.65809625136438,-0.690319520557993,0.734579949831969,-0.939747294649003,0.347347199409605,0.97150952951545,-0.45668920078324,0.992587378328484
RAP2B,ENSG00000181467.5,protein_coding,22.453334397081,-0.307017055404551,0.326758175397623,-0.939584924022026,0.347430512358975,0.97150952951545,-0.22348830212582,0.992587378328484
COX20,ENSG00000203667.10,protein_coding,6.79589367343882,-0.688493257038072,0.733393601158145,-0.938777289508433,0.347845101368084,0.97150952951545,-0.858400374045177,0.953507896005218
RPL32P18,ENSG00000146677.7,processed_pseudogene,25.2147722449314,0.271485248573905,0.289454644801258,0.93791982077299,0.348285616306177,0.97150952951545,0.253273676179485,0.983698296397999
NIFK,ENSG00000155438.12,protein_coding,8.12623301038314,0.493940691594377,0.526812482068808,0.93760248362882,0.348448734558565,0.97150952951545,0.39029642176686,0.992587378328484
SNX8,ENSG00000106266.11,protein_coding,5.32407386813177,-0.695267486746873,0.741555365060077,-0.93758001021346,0.348460288227524,0.97150952951545,-0.571767284344565,0.992587378328484
CALM1,ENSG00000198668.13,protein_coding,83.6593188086718,-0.183326572559158,0.195596916693165,-0.937267190396177,0.348621135372642,0.97150952951545,-0.12917329204877,0.992587378328484
ZBTB8OS,ENSG00000176261.16,protein_coding,5.81761117857314,0.473410675776728,0.505174151104234,0.937123712173166,0.348694925449154,0.97150952951545,0.700897453374595,0.9348146750332
UBXN2A,ENSG00000173960.14,protein_coding,5.81131651987737,-0.637503962499145,0.680334851415376,-0.937044399787657,0.348735719639805,0.97150952951545,-0.50505592720827,0.992587378328484
ACSS1,ENSG00000154930.15,protein_coding,6.55710675359509,-0.555380852960759,0.592911366975059,-0.936701307978333,0.34891222325372,0.97150952951545,-0.447352366112086,0.992587378328484
RPS27AP16,ENSG00000224631.4,transcribed_processed_pseudogene,9.24567612375991,-0.410337442981808,0.438662878472158,-0.935427780921408,0.349567885484087,0.97150952951545,-0.33868453194154,0.992587378328484
IMP4,ENSG00000136718.10,protein_coding,6.61230644990583,-0.633198058370103,0.677127266244302,-0.935124148643647,0.349724322807178,0.97150952951545,-0.230571953955247,0.998086042062166
ADK,ENSG00000156110.15,protein_coding,4.75190480416615,0.732031732488208,0.783176774780459,0.934695404742322,0.349945295752613,0.97150952951545,0.159429996938276,0.998086042062166
E2F3,ENSG00000112242.15,protein_coding,4.05772015238577,-0.736500110835861,0.788326463483861,-0.934257753546719,0.350170950833774,0.97150952951545,-0.257103418027502,0.998086042062166
RAB3GAP1,ENSG00000115839.18,protein_coding,10.8101603003884,-0.44197649820215,0.473151031234956,-0.934112934401859,0.350245640609071,0.97150952951545,-0.284767874896525,0.992587378328484
CAPRIN1,ENSG00000135387.21,protein_coding,43.1338070789866,0.23954666513604,0.256631303212839,0.93342730265984,0.350599389032457,0.97150952951545,0.0220505594592337,0.998086042062166
HIPK2,ENSG00000064393.16,protein_coding,76.6490720423197,-0.215288320920462,0.230653660845576,-0.933383498580577,0.35062199723474,0.97150952951545,-0.261923287596367,0.953507896005218
GBF1,ENSG00000107862.6,protein_coding,13.1404948506059,-0.419748116113147,0.44994757448042,-0.932882273224506,0.350880755934711,0.97150952951545,-0.0173516805852353,0.998086042062166
TBC1D9B,ENSG00000197226.13,protein_coding,12.7383329201206,-0.395353198083339,0.423958590746729,-0.932527861711667,0.351063794702981,0.97150952951545,-0.424829423657894,0.967795964188399
DCAF17,ENSG00000115827.14,protein_coding,2.81573898747193,-0.952393180981139,1.02133161912844,-0.932501415939581,0.351077455267389,0.97150952951545,0.0231794426485665,0.998086042062166
CRLF3,ENSG00000176390.12,protein_coding,19.6234009918695,0.287668078037275,0.30857578008371,0.932244513679061,0.351210175669751,0.97150952951545,0.21167330244131,0.992587378328484
PRKCH,ENSG00000027075.16,protein_coding,18.5867723313458,-0.355988344304057,0.381948879769128,-0.932031387339679,0.351320304757223,0.97150952951545,-0.280215396299095,0.992587378328484
TOX4,ENSG00000092203.15,protein_coding,9.86617946571682,0.417775140526062,0.448258987796072,0.931995011589421,0.351339103438006,0.97150952951545,0.418488205992138,0.983262496850266
FOS,ENSG00000170345.10,protein_coding,3.96760582677974,-0.877416392352823,0.941597721260685,-0.931837845973193,0.351420332627727,0.97150952951545,-0.441191378737521,0.995521320397187
TAPBP,ENSG00000231925.12,protein_coding,8.58369917843459,-0.553115619828116,0.594640695139741,-0.930167787621959,0.352284217365966,0.972748135680876,-0.415930348426969,0.992587378328484
SARAF,ENSG00000133872.14,protein_coding,18.7539492199568,-0.362137119214382,0.389528267037986,-0.929681232040259,0.352536154601772,0.972748135680876,-0.355911263496219,0.983262496850266
REXO4,ENSG00000148300.12,protein_coding,8.86522236979379,-0.474346607336577,0.510403126368546,-0.92935678257203,0.352704217055106,0.972748135680876,-0.58426027352607,0.953507896005218
ELP5,ENSG00000170291.15,protein_coding,4.22232498503869,-0.710584481813073,0.764828078173176,-0.92907739934226,0.352848976138761,0.972748135680876,-0.291601538187701,0.998086042062166
CD7,ENSG00000173762.8,protein_coding,4.29220880670021,-0.739824057428584,0.797223091849613,-0.928001289716961,0.353406900612398,0.972748135680876,-0.347751361811517,0.995521320397187
IDH3A,ENSG00000166411.14,protein_coding,11.1654422001965,0.400051675727492,0.431180547852986,0.927805481298967,0.353508480242377,0.972748135680876,0.0647901672692229,0.998086042062166
IER2,ENSG00000160888.7,protein_coding,18.013171569132,-0.380513709463436,0.4101534881113,-0.927734910205564,0.353545094967967,0.972748135680876,-0.310251301584049,0.992587378328484
JAK3,ENSG00000105639.20,protein_coding,16.0695936226759,-0.340823769337372,0.367644970202451,-0.927045919191253,0.353902693301534,0.972748135680876,0.185261774241267,0.995521320397187
PSME3IP1,ENSG00000172775.17,protein_coding,13.8408884768455,-0.376895512787878,0.406670526504934,-0.926783448082769,0.354038980477116,0.972748135680876,-0.248373015536334,0.992587378328484
DCUN1D1,ENSG00000043093.15,protein_coding,30.4530179534974,-0.301660787553611,0.325497951179795,-0.926767085507654,0.354047477783113,0.972748135680876,0.205231226437591,0.992587378328484
FUBP3,ENSG00000107164.16,protein_coding,8.30548340384365,0.505337857928777,0.545701730969936,0.926033085932464,0.354428786197639,0.972748135680876,0.145068142136268,0.998086042062166
TRIM28,ENSG00000130726.12,protein_coding,17.3572329103258,-0.347148914797647,0.375069568878409,-0.925558732572587,0.354675347866999,0.972748135680876,-0.125138082020262,0.998086042062166
FRMD4A,ENSG00000151474.23,protein_coding,5.58387193012205,-0.795127483718726,0.859224301477369,-0.925401530603321,0.354757082949599,0.972748135680876,-0.447441097467467,0.995521320397187
MSL2,ENSG00000174579.4,protein_coding,8.61981770607859,-0.518936155786213,0.561181098067904,-0.924721373497546,0.355110858653998,0.972748135680876,-0.103591540997557,0.998086042062166
TENT2,ENSG00000164329.14,protein_coding,15.1704498767111,0.3613887853289,0.390882447197267,0.924545954724125,0.355202136768307,0.972748135680876,-0.0375314745091734,0.998086042062166
GPATCH1,ENSG00000076650.7,protein_coding,6.27544948285415,0.548246778816127,0.593030519452363,0.92448324467754,0.35523477116,0.972748135680876,0.676359653754261,0.953507896005218
SMURF1,ENSG00000198742.10,protein_coding,3.16593508413503,-0.910551970778086,0.985491934820712,-0.923956796200204,0.355508810258251,0.972748135680876,0.470298053590367,0.995521320397187
CTDP1,ENSG00000060069.18,protein_coding,7.51509768127786,-0.495748892184824,0.536728172590649,-0.923649842697789,0.355668654306019,0.972748135680876,0.168765354055342,0.998086042062166
USF1,ENSG00000158773.14,protein_coding,9.7260328350262,-0.411696899214575,0.446378408765963,-0.922304688420601,0.356369669183129,0.972748135680876,0.0078810357321458,0.998086042062166
SMC6,ENSG00000163029.16,protein_coding,11.4466853655283,-0.409349129366349,0.44414040400011,-0.921666044520119,0.356702797302758,0.972748135680876,-0.531611647158045,0.953507896005218
ABRAXAS1,ENSG00000163322.14,protein_coding,5.28049619484865,-0.668807953806099,0.725666946805147,-0.921645882798744,0.356713317212366,0.972748135680876,-0.530593016065434,0.992587378328484
ABLIM1,ENSG00000099204.20,protein_coding,28.8312055460973,-0.28912837436851,0.313735258807793,-0.921567998022314,0.35675395748372,0.972748135680876,-0.184363175359551,0.992587378328484
KBTBD2,ENSG00000170852.11,protein_coding,5.25662581767376,0.643173267599328,0.699141316075686,0.919947445259694,0.357600223560096,0.972748135680876,0.578268086820103,0.992587378328484
NAXE,ENSG00000163382.13,protein_coding,4.34222090004081,-0.659546326269729,0.717100641028787,-0.919740254761887,0.357708511191664,0.972748135680876,-0.541908181174575,0.992587378328484
SEC24B,ENSG00000138802.11,protein_coding,9.62306877345344,-0.470137247031748,0.51141049412597,-0.919295267562391,0.357941152473925,0.972748135680876,-0.0901613794054655,0.998086042062166
EPC1,ENSG00000120616.16,protein_coding,8.27667037589045,0.488998112558286,0.531943823746904,0.919266453953508,0.357956219637873,0.972748135680876,0.524801216835615,0.964670761257056
VPS26B,ENSG00000151502.11,protein_coding,6.114657090618,-0.650080076129959,0.707646482585808,-0.918650897202943,0.358278200872067,0.972748135680876,-0.120884615712868,0.998086042062166
CNOT6L,ENSG00000138767.13,protein_coding,25.8128216271738,-0.34738311601214,0.378198951439292,-0.918519511199389,0.35834694895428,0.972748135680876,-0.165826190069711,0.995521320397187
H2AC16,ENSG00000276903.2,protein_coding,11.551859084497,-0.575014717266082,0.626244012409745,-0.918195952171205,0.358516287467722,0.972748135680876,-0.172649586845939,0.998086042062166
DYNC1H1,ENSG00000197102.14,protein_coding,42.8500590347036,-0.254042029492655,0.277143241413571,-0.916645227200606,0.359328576465823,0.972748135680876,-0.219257013934177,0.992587378328484
NFIX,ENSG00000008441.18,protein_coding,14.9498316959333,-0.376031565668279,0.410234075990475,-0.916626842273848,0.35933821365,0.972748135680876,-0.235322076364224,0.992587378328484
PLEKHM1,ENSG00000225190.11,protein_coding,8.24624514093753,-0.628139480299807,0.685311550117501,-0.916575067488806,0.359365354317468,0.972748135680876,-0.634769887105336,0.983262496850266
CACUL1,ENSG00000151893.15,protein_coding,10.0034744091344,-0.444566866794085,0.485111858257099,-0.916421355666952,0.359445938608002,0.972748135680876,-0.285596066930583,0.992587378328484
LSM 3.00,ENSG00000170860.4,protein_coding,13.9728541609511,0.341024770093701,0.372407075527629,0.915731178336324,0.359807907887936,0.972748135680876,-0.126024348004398,0.998086042062166
RGS10,ENSG00000148908.15,protein_coding,37.8141709386845,0.270625363170053,0.295602571610085,0.915504089480727,0.359927056576452,0.972748135680876,0.286416344129289,0.967795964188399
MTMR10,ENSG00000166912.17,protein_coding,9.95014427559961,-0.413006904842101,0.451433621366372,-0.914878478904688,0.360255429260724,0.972748135680876,-0.465057922449877,0.982003512507167
H3-3A,ENSG00000163041.13,protein_coding,81.8707708385634,0.211455786301656,0.231207230834452,0.914572548351922,0.360416075614487,0.972748135680876,0.16944471826038,0.992587378328484
MYLK,ENSG00000065534.19,protein_coding,8.62994100257647,0.474801587796095,0.519250712924494,0.914397565526573,0.360507980575966,0.972748135680876,0.137114770309923,0.998086042062166
LIMD2,ENSG00000136490.9,protein_coding,37.7571213435108,0.27637929649955,0.302280165933275,0.914315021782002,0.360551339533792,0.972748135680876,0.145603756831839,0.995521320397187
DGCR6L,ENSG00000128185.10,protein_coding,5.09684106666303,-0.802327504450469,0.877768739104971,-0.914053404622924,0.360688784620686,0.972748135680876,-0.5583090340866,0.992587378328484
ATP6V1A,ENSG00000114573.10,protein_coding,7.83253578518788,0.485913025612536,0.532260349815593,0.912923582943733,0.361282733419071,0.972748135680876,0.274182377872283,0.995521320397187
OTUB1,ENSG00000167770.12,protein_coding,7.32190278335394,-0.673425507315819,0.737683995362676,-0.912891578981235,0.361299566873558,0.972748135680876,-0.692967620689006,0.983262496850266
NSMAF,ENSG00000035681.9,protein_coding,7.05077879627268,-0.522511712406988,0.572413018640109,-0.912822901282587,0.361335691651664,0.972748135680876,-0.286856512577996,0.995521320397187
ARFGAP2,ENSG00000149182.15,protein_coding,6.1910974030581,-0.662351622249645,0.725738193826331,-0.912659176386334,0.361421820817914,0.972748135680876,-0.104859875025279,0.998086042062166
PSMC6,ENSG00000100519.12,protein_coding,7.65650890243814,0.50457942146108,0.55342301195156,0.911742754754198,0.361904151478446,0.972748135680876,0.178884987936395,0.998086042062166
CRIP2,ENSG00000182809.11,protein_coding,6.75042099962514,-0.785304116317341,0.861681363502329,-0.911362540238134,0.362104384168624,0.972748135680876,-1.07924169079761,0.95182832588077
THAP5,ENSG00000177683.14,protein_coding,5.93615643693746,0.508201828846281,0.558106013794788,0.910582965037075,0.362515149516752,0.972748135680876,0.0107836841173608,0.998086042062166
MEPCE,ENSG00000146834.14,protein_coding,8.60234275662962,-0.482220730929939,0.529618568430566,-0.910505710475593,0.362555871542293,0.972748135680876,-0.343193872339256,0.992587378328484
RHBDD1,ENSG00000144468.17,protein_coding,14.076791257805,0.372658370201555,0.409390093198125,0.910276961736849,0.362676465194162,0.972748135680876,0.190718524008138,0.995521320397187
TIFA,ENSG00000145365.11,protein_coding,5.79670727671057,0.669915608756015,0.736154826901032,0.910019990735017,0.362811967243934,0.972748135680876,0.200910881273996,0.998086042062166
PLEKHG1,ENSG00000120278.16,protein_coding,7.3583782631859,0.492619729282639,0.541397156906284,0.909904536805521,0.362872856976047,0.972748135680876,0.445680124370324,0.992587378328484
ZNF318,ENSG00000171467.16,protein_coding,9.37663200311734,-0.402052333221971,0.441901238456012,-0.90982395665314,0.362915358270976,0.972748135680876,-0.305611462150044,0.992587378328484
KLF12,ENSG00000118922.18,protein_coding,10.8195550219919,-0.402028368204746,0.441976491132475,-0.90961482402521,0.363025677980071,0.972748135680876,-0.485106382565416,0.953507896005218
RBMS2,ENSG00000076067.13,protein_coding,8.55140225410508,-0.50584380182931,0.556426922327072,-0.909092967165905,0.363301054610554,0.972748135680876,-0.221651192041049,0.998086042062166
RPS6KA4,ENSG00000162302.13,protein_coding,8.9553677151083,0.572473556437343,0.629854223064545,0.9088984966267,0.363403707440193,0.972748135680876,0.247499822866488,0.998086042062166
PLA2G12A,ENSG00000123739.11,protein_coding,1.32820451687202,-1.13834864166084,1.25310614488419,-0.908421562138327,0.363655537945122,0.972748135680876,0.959368367531541,0.992587378328484
DEK,ENSG00000124795.17,protein_coding,45.7321488728661,0.215340010824847,0.237073597310735,0.908325571753141,0.363706235891827,0.972748135680876,0.247098198398896,0.953507896005218
CARD16,ENSG00000204397.9,transcribed_unprocessed_pseudogene,13.9730274394281,0.358267518223536,0.394431825856996,0.908312906660399,0.363712925373099,0.972748135680876,0.288446722844594,0.992587378328484
FAM204A,ENSG00000165669.14,protein_coding,11.9103737081806,0.386676889751356,0.425731685806002,0.908264295666163,0.363738601567635,0.972748135680876,0.0157887083819907,0.998086042062166
ADGRE1,ENSG00000174837.15,protein_coding,4.18057749877721,0.650755842987941,0.71690574987133,0.907728586504904,0.364021636770303,0.972748135680876,0.375044434048866,0.995521320397187
FAM172A,ENSG00000113391.19,protein_coding,5.61510349521041,0.594948896253257,0.65630675681745,0.906510393307957,0.364665766278642,0.972748135680876,0.241006011738405,0.998086042062166
RPRD1A,ENSG00000141425.18,protein_coding,6.48731236133206,0.523384889030635,0.577512714319002,0.906274227482257,0.364790723237181,0.972748135680876,0.510602512645208,0.985425634239731
VAT1,ENSG00000108828.16,protein_coding,6.94870493924291,-0.700463832926898,0.772950235338669,-0.906221126409243,0.364818823062413,0.972748135680876,-0.645142104939332,0.987407932503804
GOLGB1,ENSG00000173230.15,protein_coding,21.5190505558974,-0.293835176677875,0.324333106804133,-0.905967261785964,0.364953180870155,0.972748135680876,-0.192318522850954,0.995521320397187
KSR1,ENSG00000141068.14,protein_coding,4.58943898442094,0.570217445218837,0.629720131396854,0.905509315628789,0.36519562695095,0.972748135680876,0.245087614844596,0.998086042062166
CTSC,ENSG00000109861.17,protein_coding,4.16203674891051,-0.685190690372428,0.757088137959688,-0.905034243726206,0.365447246020369,0.972748135680876,-0.449627356169103,0.992587378328484
HEBP2,ENSG00000051620.11,protein_coding,7.89441903834909,0.578689042295817,0.639540899283649,0.904850718607688,0.365544478007571,0.972748135680876,0.644692753669009,0.953507896005218
GPATCH4,ENSG00000160818.17,protein_coding,8.33762729734462,-0.553292881766144,0.611533250195381,-0.904763365833943,0.365590763359866,0.972748135680876,-0.20390407061937,0.998086042062166
METTL9,ENSG00000197006.14,protein_coding,20.1691292266808,-0.292638792830962,0.323649509841526,-0.90418426085135,0.365897704493944,0.972748135680876,-0.389553422302897,0.95182832588077
PPP2R3C,ENSG00000092020.11,protein_coding,8.29166302590199,0.474775859152335,0.525242616103198,0.903917246233219,0.36603928353721,0.972748135680876,0.28277175827782,0.995521320397187
PSMA3-AS1,ENSG00000257621.8,lncRNA,3.53036266744539,-0.790395227400853,0.874430095307679,-0.903897557554606,0.36604972440951,0.972748135680876,-0.546255529509087,0.992587378328484
KNL1,ENSG00000137812.20,protein_coding,3.95346357655549,-0.685941275159327,0.759094192906229,-0.903631303689952,0.366190936621124,0.972748135680876,-0.138547213537073,0.998086042062166
PPP4R2,ENSG00000163605.15,protein_coding,11.5112705807585,-0.436053288942408,0.482758328719519,-0.903253787664331,0.366391216833801,0.972748135680876,-0.129134190619338,0.998086042062166
ATXN1L,ENSG00000224470.9,protein_coding,8.24798831399842,-0.540964953692896,0.599001708643861,-0.903110869111943,0.366467055964253,0.972748135680876,-0.726657204271726,0.95182832588077
ZNF24,ENSG00000172466.16,protein_coding,12.091710228754,0.490971950111702,0.543806111974517,0.902843751294045,0.366608827160217,0.972748135680876,0.38809954358138,0.992587378328484
SIK2,ENSG00000170145.5,protein_coding,5.66854228598217,0.662399929973105,0.734056438127242,0.902382835389402,0.36685353594597,0.972748135680876,0.383765843428775,0.995521320397187
PTPN2,ENSG00000175354.20,protein_coding,9.02895099920459,0.395635948386415,0.43864812367299,0.901943783717995,0.367086731277703,0.972748135680876,0.462531008002136,0.953507896005218
VPS36,ENSG00000136100.14,protein_coding,8.43951986246269,0.439542003345741,0.487376579857033,0.901852943928238,0.367134990923503,0.972748135680876,0.0695282385473168,0.998086042062166
GAB2,ENSG00000033327.13,protein_coding,17.5144861714701,-0.367232409434456,0.407272529219599,-0.901687158076028,0.367223076688606,0.972748135680876,-0.453147297731424,0.953507896005218
DYNC2I1,ENSG00000126870.16,protein_coding,16.2615855996468,0.455844329364199,0.505619259654596,0.901556498610437,0.367292508290729,0.972748135680876,0.296277153783211,0.992587378328484
RNF20,ENSG00000155827.12,protein_coding,16.3802887708629,-0.300422764638275,0.333279302246915,-0.901414407114014,0.367368024084806,0.972748135680876,-0.103697055438601,0.998086042062166
MYO18A,ENSG00000196535.17,protein_coding,22.8353831325238,-0.292032345775445,0.324079983593752,-0.901111949393086,0.367528800148908,0.972748135680876,-0.453054771867022,0.922405531070794
STON2,ENSG00000140022.13,protein_coding,7.68902385583404,-0.596943584913072,0.662563780506043,-0.900960182968571,0.367609490444004,0.972748135680876,-0.241606916424178,0.998086042062166
NKTR,ENSG00000114857.18,protein_coding,6.43466956020432,0.529853628869561,0.588320223810142,0.900621136968685,0.36778979231927,0.972748135680876,0.319400082465977,0.995521320397187
MDH2,ENSG00000146701.12,protein_coding,12.8483979072823,-0.395113008995116,0.438755809470072,-0.900530546757506,0.3678379767708,0.972748135680876,-0.468382165717366,0.953507896005218
TNS3,ENSG00000136205.17,protein_coding,11.8031312946721,0.493518365574018,0.548237599508154,0.900190658241559,0.368018796707049,0.972748135680876,0.0993980702647878,0.998086042062166
PTPN22,ENSG00000134242.16,protein_coding,6.8000174565417,-0.474510688127594,0.527356954428157,-0.899790330142006,0.368231841334229,0.972748135680876,0.221228373202539,0.995521320397187
GTF3C6,ENSG00000155115.7,protein_coding,6.89336034041678,0.430631130971473,0.478663613775495,0.899652947452674,0.368304970664267,0.972748135680876,0.626920974573986,0.922405531070794
TFCP2,ENSG00000135457.10,protein_coding,9.05956678461386,-0.464145343562968,0.516037775332409,-0.89944063351561,0.368418003962212,0.972748135680876,-0.320280346375147,0.992587378328484
MYOF,ENSG00000138119.17,protein_coding,8.0488579115968,0.492515622704287,0.547753967559248,0.899154824745316,0.368570199084329,0.972748135680876,0.567951544160955,0.953507896005218
SYNRG,ENSG00000275066.5,protein_coding,18.2370794166813,0.320425263648325,0.356494196702521,0.898823225208643,0.368746827121946,0.972748135680876,-0.0324800283475347,0.998086042062166
CNOT8,ENSG00000155508.14,protein_coding,12.5979092152761,-0.42338292055489,0.47105414742876,-0.89879883844759,0.368759818922309,0.972748135680876,-0.11724278899147,0.998086042062166
TBC1D4,ENSG00000136111.14,protein_coding,4.62108175667257,0.658159241089858,0.73280440071682,0.898137675546237,0.369112155285208,0.972748135680876,0.457869491297543,0.992587378328484
VDAC2,ENSG00000165637.13,protein_coding,9.4042005398696,0.433421095913717,0.48308695748806,0.897190638653144,0.369617199621933,0.972748135680876,0.304687739919678,0.992587378328484
ATXN3,ENSG00000066427.24,protein_coding,8.16316813069791,-0.45445653678522,0.507445719313421,-0.895576648868187,0.37047891181091,0.972748135680876,-0.331466214245639,0.992587378328484
SNRNP200,ENSG00000144028.15,protein_coding,40.3608259110986,-0.248876300694709,0.277901752480381,-0.895554988312922,0.37049048489953,0.972748135680876,-0.174022208839182,0.992587378328484
TESC,ENSG00000088992.18,protein_coding,4.63268906408498,-0.641491980009316,0.716587263770253,-0.895204272308957,0.370677901340066,0.972748135680876,-0.361095608534846,0.995521320397187
CWC15,ENSG00000150316.12,protein_coding,7.75515449395118,-0.525689197667883,0.587272511316791,-0.895136733863424,0.370713999450871,0.972748135680876,-0.218408016737085,0.998086042062166
CDH23,ENSG00000107736.22,protein_coding,3.11388888727378,-0.754649409635077,0.843266875555328,-0.894911719540872,0.370834281394803,0.972748135680876,-0.295201102370347,0.998086042062166
SIN3B,ENSG00000127511.10,protein_coding,5.88054255590631,0.672422086997057,0.751508780835566,0.894762781413443,0.370913909950012,0.972748135680876,0.233329609421677,0.998086042062166
GLIPR2,ENSG00000122694.16,protein_coding,17.3666217554676,0.324426734256056,0.362626194856432,0.894658849409655,0.370969482634883,0.972748135680876,0.0478568685702317,0.998086042062166
ATP2A3,ENSG00000074370.18,protein_coding,7.96183443528713,0.554467549819901,0.619768497046786,0.894636549714861,0.370981407007041,0.972748135680876,0.533862273000501,0.987407932503804
MYL4,ENSG00000198336.9,protein_coding,2.93579945583207,-1.06478378912364,1.19027430070384,-0.894570090687508,0.37101694622169,0.972748135680876,-0.81646445947063,0.992587378328484
INPP5D,ENSG00000168918.14,protein_coding,53.9544962862988,-0.239059544338747,0.267349287181436,-0.894184334131067,0.371223272715345,0.972748135680876,-0.290290495443929,0.953507896005218
CXCR4,ENSG00000121966.7,protein_coding,3.74612724018692,-0.795228912887293,0.889516402676537,-0.894001404015109,0.371321139950583,0.972748135680876,-0.786321771786327,0.992587378328484
C1QBP,ENSG00000108561.8,protein_coding,11.1285165482117,0.48543147351057,0.543209451398092,0.89363591200629,0.371516725360772,0.972748135680876,0.308153270331984,0.995521320397187
FAM133B,ENSG00000234545.8,protein_coding,5.95755224580733,0.527503315989999,0.590345853811793,0.893549624485329,0.371562909647056,0.972748135680876,0.169076805535803,0.998086042062166
UFM1,ENSG00000120686.12,protein_coding,12.6382574079733,-0.389930359399574,0.436713011123367,-0.892875525729235,0.371923834911766,0.972748135680876,-0.51026768068912,0.953507896005218
SETX,ENSG00000107290.14,protein_coding,31.7004344489663,-0.252384716656891,0.282685472062309,-0.892811062470382,0.371958361147971,0.972748135680876,-0.0374296849778252,0.998086042062166
SMOX,ENSG00000088826.18,protein_coding,4.36324940280038,-0.755468675924209,0.846438997005928,-0.892525838951768,0.372111149449624,0.972748135680876,0.42201752276302,0.995521320397187
LSM 8.00,ENSG00000128534.8,protein_coding,6.5589000640715,-0.530184609391921,0.594100058800606,-0.892416355693146,0.372169807684114,0.972748135680876,-0.717181146318329,0.953507896005218
UBE2G1,ENSG00000132388.13,protein_coding,10.8047992808398,-0.463419463804809,0.519437195645712,-0.892156872263897,0.372308854932268,0.972748135680876,-0.593678936766456,0.953507896005218
NFKBIZ,ENSG00000144802.11,protein_coding,8.16848067672655,0.389632095710248,0.437455114606177,0.890679026718016,0.373101389594213,0.974341208494443,0.204029148002878,0.997878976321691
SYNE1,ENSG00000131018.25,protein_coding,47.3400093550998,-0.253944089088476,0.285242432509351,-0.890274588021369,0.373318462733752,0.974430659339324,-0.0258793127560277,0.998086042062166
KANSL3,ENSG00000114982.19,protein_coding,7.96798857432571,0.461812984934769,0.519440728094793,0.889058096442704,0.373971857686053,0.975102307928795,0.407104667116964,0.992587378328484
HS1BP3,ENSG00000118960.13,protein_coding,4.85340972111277,0.702502186667512,0.790218046139186,0.888997903932678,0.374004206300216,0.975102307928795,0.398522244271454,0.995521320397187
BLVRB,ENSG00000090013.11,protein_coding,8.37220733673916,-0.523977577975646,0.589710790145696,-0.888533136465403,0.374254039571535,0.975102307928795,-0.37664618795004,0.992587378328484
PJA2,ENSG00000198961.10,protein_coding,25.5165055861777,0.297838720557245,0.335333312335092,0.888187095052522,0.374440119305106,0.975102307928795,0.226182490626569,0.992587378328484
EBLN3P,ENSG00000281649.2,lncRNA,5.47380333651254,-0.646639411580305,0.728120949481376,-0.888093402670108,0.374490511131378,0.975102307928795,-0.0038629069695279,0.998592526220086
TMOD3,ENSG00000138594.14,protein_coding,23.0247964570161,-0.301285957905052,0.339637606720629,-0.887080676413071,0.375035466827404,0.975554386678408,-0.247602304796428,0.992587378328484
MBNL1,ENSG00000152601.18,protein_coding,97.2022911763739,-0.196733192546198,0.221821559278227,-0.886898429468881,0.375133587298162,0.975554386678408,-0.091120690802453,0.998086042062166
HMOX2,ENSG00000103415.12,protein_coding,10.4548613561226,0.415966549620271,0.469090837137715,0.886750532494736,0.375213225645542,0.975554386678408,0.308717724612294,0.992587378328484
RORA,ENSG00000069667.16,protein_coding,6.41504011201205,0.547089788487606,0.617732497768161,0.885641908858958,0.375810520761437,0.975617218380876,0.20342040019077,0.998086042062166
GTDC1,ENSG00000121964.15,protein_coding,5.31152705536129,0.574968081564592,0.649352607883986,0.885448174972629,0.375914959340018,0.975617218380876,0.787686991025798,0.942191637017041
KDM2A,ENSG00000173120.15,protein_coding,34.4055155907044,-0.229569546822433,0.259402779852257,-0.884992624031186,0.376160609550242,0.975617218380876,-0.403838984876898,0.908438905389404
ATP5F1A,ENSG00000152234.16,protein_coding,29.4051682056659,-0.244503538617609,0.27631784319697,-0.884863372515967,0.376230324870931,0.975617218380876,-0.140789387130071,0.995521320397187
ZNF622,ENSG00000173545.5,protein_coding,9.68796567392709,-0.548355596119607,0.61976131367763,-0.884785132627421,0.376272529557437,0.975617218380876,-0.219917231620217,0.998086042062166
CAMK2G,ENSG00000148660.21,protein_coding,8.01918278181513,0.491327094074661,0.555380119923557,0.884668133497985,0.376335647465494,0.975617218380876,0.123949814833046,0.998086042062166
TLN1,ENSG00000137076.21,protein_coding,211.353968898173,-0.14249733404923,0.161250109485406,-0.88370379718797,0.376856129999509,0.975846332590684,-0.151631111577939,0.983262496850266
AGFG1,ENSG00000173744.18,protein_coding,10.1624439255154,-0.394000188456753,0.446059405268369,-0.883290843782803,0.377079149598248,0.975846332590684,-0.46020072095163,0.967795964188399
VSIR,ENSG00000107738.20,protein_coding,10.5232163018031,-0.559330056971838,0.633441686184923,-0.883001654565169,0.377235377555338,0.975846332590684,-1.09287627553029,0.870378725940802
LAMP1,ENSG00000185896.11,protein_coding,3.92231246098257,0.674249648145855,0.763881556366389,0.882662557469128,0.377418617939948,0.975846332590684,0.762305287870804,0.979511700603372
HINT1,ENSG00000169567.13,protein_coding,10.4717199562078,-0.429389904451057,0.486690181667842,-0.882265393108153,0.377633306305602,0.975846332590684,-0.289460617474174,0.992587378328484
DNAJB4,ENSG00000162616.9,protein_coding,5.05001834442889,-0.700164731264489,0.793877221079382,-0.881955940633392,0.377800633903949,0.975846332590684,-0.25328398595344,0.998086042062166
TUBA4A,ENSG00000127824.15,protein_coding,18.6604262341545,-0.321832447543741,0.365007648520738,-0.881714256805376,0.377931349305454,0.975846332590684,-0.270453942363971,0.992587378328484
GCC1,ENSG00000179562.3,protein_coding,4.92972179215616,-0.635071998720936,0.720435885432584,-0.881510779185589,0.378041422368343,0.975846332590684,-0.213304232121938,0.998086042062166
DYNLL1,ENSG00000088986.11,protein_coding,29.7058111566003,0.259091857320137,0.293936688979842,0.881454636436712,0.378071796772938,0.975846332590684,0.216655554383117,0.992587378328484
N4BP2L2,ENSG00000244754.9,protein_coding,18.5711726395033,0.295423219813622,0.335362368192336,0.880907483466339,0.378367896712507,0.976137894229265,0.229581881207788,0.992587378328484
CDK6,ENSG00000105810.10,protein_coding,6.66121067633831,-0.540218256972228,0.614460200048319,-0.879175342731307,0.379306211527531,0.976745954994009,-0.08810233118717,0.998086042062166
HNRNPAB,ENSG00000197451.12,protein_coding,14.4352144719396,-0.421355476275559,0.479612757039595,-0.878532670557746,0.37965471605319,0.976745954994009,0.0092350309648631,0.998086042062166
STXBP2,ENSG00000076944.16,protein_coding,11.336242030688,0.402048689765952,0.457886650554148,0.878052874612922,0.379915025329026,0.976745954994009,0.263721986557702,0.995521320397187
SBF1,ENSG00000100241.21,protein_coding,15.5512644400323,-0.395774923698772,0.45099272617568,-0.877563873490504,0.380180441661501,0.976745954994009,-0.470641152488036,0.953507896005218
MPND,ENSG00000008382.16,protein_coding,5.18517520004737,0.599415757957429,0.683092947996524,0.877502482957092,0.380213770800261,0.976745954994009,0.188102331427397,0.998086042062166
N4BP2,ENSG00000078177.14,protein_coding,3.9142159097079,-0.64987271026136,0.740880779567242,-0.877162329195473,0.380398474021291,0.976745954994009,-0.098480046874977,0.998086042062166
PAICS,ENSG00000128050.9,protein_coding,4.02105942767183,-0.630829028329483,0.71942429583182,-0.876852549996382,0.380566731834339,0.976745954994009,0.0115128381939494,0.998086042062166
GSK3A,ENSG00000105723.13,protein_coding,7.81784730412913,0.550342887391957,0.628217070159876,0.87603937163296,0.38100863039481,0.976745954994009,0.391810618849843,0.995521320397187
C9orf78,ENSG00000136819.15,protein_coding,44.5888116127802,-0.247956252959763,0.283086249807835,-0.875903556347513,0.381082466025193,0.976745954994009,0.104679379116548,0.998086042062166
ZNF778,ENSG00000170100.14,protein_coding,12.5470708561763,0.373645849641964,0.426854007936199,0.875348111286358,0.381384523722047,0.976745954994009,-0.17481280537836,0.998086042062166
PHOSPHO1,ENSG00000173868.12,protein_coding,10.6114182038437,-0.455278487492273,0.520163509562914,-0.875260334725973,0.381432271112005,0.976745954994009,-0.439559139940003,0.983262496850266
ZNF592,ENSG00000166716.10,protein_coding,21.7092473083022,-0.349447063313077,0.399255613205877,-0.875246463054443,0.381439817153589,0.976745954994009,-0.0346894365399977,0.998086042062166
AGO4,ENSG00000134698.11,protein_coding,15.5711592278529,0.395641647425976,0.452067170494474,0.875183320640648,0.381474167111918,0.976745954994009,0.117076891514459,0.998086042062166
PPP2CA,ENSG00000113575.10,protein_coding,10.3294672286634,0.375674473362647,0.429805186332639,0.87405756214375,0.382086906977855,0.976745954994009,0.145943402061164,0.998086042062166
TNFAIP8,ENSG00000145779.8,protein_coding,21.1234762689163,-0.401183057628161,0.459014870578055,-0.8740088466479,0.382113435986378,0.976745954994009,-0.268771929542002,0.995521320397187
SZT2,ENSG00000198198.17,protein_coding,7.2787083719532,0.593921598497956,0.679739517300723,0.873748816100094,0.382255059986092,0.976745954994009,0.720510914358454,0.953507896005218
PTBP3,ENSG00000119314.16,protein_coding,28.2154014872223,-0.235014495680267,0.268993600828283,-0.873680619005851,0.382292208430648,0.976745954994009,-0.0698580995869957,0.998086042062166
NFIB,ENSG00000147862.17,protein_coding,3.95835969769744,-0.687030008495741,0.787788713854774,-0.872099328681666,0.383154192356465,0.976745954994009,0.134577519321098,0.998086042062166
CUL3,ENSG00000036257.13,protein_coding,13.8380829522592,0.37085767485288,0.425257073815924,0.872078791130019,0.383165395495178,0.976745954994009,0.536799554839535,0.942191637017041
SNX20,ENSG00000167208.15,protein_coding,15.6378306609018,-0.408528642162682,0.46877803783283,-0.871475643465121,0.383494499207434,0.976745954994009,-0.259998598039954,0.995521320397187
RP4-671O14.6,ENSG00000280434.1,lncRNA,21.4849933544452,0.406743268705728,0.466778985475536,0.871382991441557,0.38354506953098,0.976745954994009,0.73063537053212,0.91628069731862
FOXO1,ENSG00000150907.10,protein_coding,5.72212624802918,-0.617944052792751,0.70951667431202,-0.870936618074463,0.38378876142316,0.976745954994009,-0.458388190117196,0.992587378328484
KIAA0319L,ENSG00000142687.18,protein_coding,4.51792110457527,-0.697272319288183,0.800648756432031,-0.870884159485204,0.383817406748832,0.976745954994009,-0.209268373157405,0.998086042062166
DNAJC13,ENSG00000138246.17,protein_coding,13.2818841698866,-0.410630686421986,0.471668071972548,-0.870592501003302,0.383976692467422,0.976745954994009,-0.27014787187698,0.992587378328484
FUS,ENSG00000089280.19,protein_coding,28.1771556846157,0.265404415042447,0.305009773174589,0.870150527571876,0.384218147952503,0.976745954994009,0.383954110517533,0.933716999806828
NDUFS6,ENSG00000145494.12,protein_coding,9.13439023970398,0.419707792953397,0.482419283547071,0.870006252377441,0.384296987362055,0.976745954994009,0.159511644009093,0.998086042062166
VPS13D,ENSG00000048707.15,protein_coding,12.7972132729455,0.345876330686948,0.397996633505908,0.869043357578584,0.384823416171334,0.976745954994009,0.0111611289603891,0.998086042062166
LRBA,ENSG00000198589.14,protein_coding,16.9496678793168,0.321474307935065,0.369933291776262,0.869006156195034,0.384843763560071,0.976745954994009,0.12803532136444,0.998086042062166
IFT88,ENSG00000032742.18,protein_coding,2.24402020389095,-0.857611138689371,0.98775774294775,-0.868240360364087,0.385262763616218,0.976745954994009,0.866148430231369,0.992587378328484
GNAZ,ENSG00000128266.9,protein_coding,8.40678293792399,-0.510671790160857,0.588174886601549,-0.868231204347229,0.385267774955513,0.976745954994009,-0.267589812057835,0.995521320397187
ARPC2,ENSG00000163466.16,protein_coding,57.4000283871032,0.192455690319963,0.221879570805371,0.867388059303493,0.385729422108576,0.976745954994009,0.109839925765652,0.995521320397187
PSMA3,ENSG00000100567.13,protein_coding,7.16328569551226,-0.547252899611628,0.631020292457905,-0.867250873153393,0.385804567582136,0.976745954994009,-0.424917004491823,0.992587378328484
LITAF,ENSG00000189067.14,protein_coding,25.1286630346503,0.281643852679913,0.324892070695277,0.866884353555284,0.386005377246606,0.976745954994009,0.207708589819633,0.992587378328484
THRA,ENSG00000126351.13,protein_coding,8.03135903416204,-0.875075814266739,1.00951979913011,-0.86682382556616,0.386038545610579,0.976745954994009,-0.210515590135685,0.998086042062166
CRPPA,ENSG00000214960.11,protein_coding,5.24721254084419,-0.606126439891599,0.699424797202947,-0.866607020962862,0.386157365324667,0.976745954994009,-0.348839519768196,0.995521320397187
DVL3,ENSG00000161202.20,protein_coding,11.4371090977723,-0.429893681259299,0.496129350975893,-0.866495159808006,0.38621867953698,0.976745954994009,-0.303178935810143,0.995521320397187
PTPN9,ENSG00000169410.10,protein_coding,4.79340955156399,0.617874438087645,0.713280479467254,0.866243302423098,0.386356751334092,0.976745954994009,0.268214629398472,0.998086042062166
STRN,ENSG00000115808.12,protein_coding,13.6104133791044,-0.424131619239049,0.490002656725691,-0.865570040116093,0.38672599119871,0.976745954994009,0.0022868108354181,0.998592526220086
PTPRE,ENSG00000132334.17,protein_coding,15.207461583129,-0.306343291195368,0.354026130154519,-0.865312656615658,0.386867205905471,0.976745954994009,-0.0678497818465048,0.998086042062166
NCK2,ENSG00000071051.14,protein_coding,14.5840393106496,-0.320060098606676,0.37000918705484,-0.865005815542733,0.387035596850585,0.976745954994009,-0.0644257819125842,0.998086042062166
FGD5,ENSG00000154783.12,protein_coding,8.74005603032233,-0.542242938732353,0.627256514882269,-0.864467607537129,0.387331067340557,0.976745954994009,-0.0580276375390649,0.998086042062166
ZNF92,ENSG00000146757.14,protein_coding,2.72709421953445,0.678352389143456,0.785096252103196,0.864037227698154,0.387567440251712,0.976745954994009,0.462237662599485,0.992587378328484
LYAR,ENSG00000145220.14,protein_coding,9.6032100411257,0.366940980209091,0.425050508244097,0.863287946001857,0.387979169973411,0.976745954994009,0.176238483028393,0.998086042062166
TRIM35,ENSG00000104228.13,protein_coding,5.28601862480543,0.574671862056494,0.6657858519626,0.863148203528926,0.388055987834124,0.976745954994009,0.369174330168224,0.995521320397187
ZYG11B,ENSG00000162378.13,protein_coding,4.40880110071769,0.570896630223783,0.661500446023954,0.863032872699091,0.388119393345522,0.976745954994009,1.03274959296539,0.887570013070269
MGAT4B,ENSG00000161013.17,protein_coding,8.46970026268133,0.571108591757278,0.66184548276524,0.862903210234423,0.388190685506356,0.976745954994009,0.417023843773727,0.995521320397187
UROD,ENSG00000126088.14,protein_coding,7.24502120908288,-0.597761067246363,0.692770021207185,-0.862856429908349,0.38821640863635,0.976745954994009,-0.194799742459958,0.998086042062166
LMNA,ENSG00000160789.24,protein_coding,6.37658352174717,-0.601793914907262,0.69785065095426,-0.862353447810577,0.388493049344827,0.976745954994009,-0.317357538283091,0.995521320397187
PIAS1,ENSG00000033800.14,protein_coding,15.1469856513638,0.321287725034911,0.372631462706274,0.862213090385674,0.388570267502565,0.976745954994009,0.533061219549233,0.91628069731862
DPP7,ENSG00000176978.14,protein_coding,2.85057824384078,0.96632484512886,1.1223530212848,0.860981194689234,0.389248400406056,0.976745954994009,0.769941263777307,0.992587378328484
ASAP2,ENSG00000151693.11,protein_coding,6.71421170111503,-0.688146403996479,0.8002803161844,-0.85988170654683,0.389854253488867,0.976745954994009,-0.0731984341709274,0.998086042062166
PLEKHB2,ENSG00000115762.16,protein_coding,12.5195670000747,-0.379826435607929,0.441998881366413,-0.859338002018734,0.390154063820182,0.976745954994009,-0.359139431001282,0.992587378328484
SSBP4,ENSG00000130511.16,protein_coding,6.82548013500274,-0.599649164717592,0.698687080984129,-0.858251398999623,0.390753659810077,0.976745954994009,-0.0693255854415279,0.998086042062166
H2BC5,ENSG00000158373.8,protein_coding,18.7085459733075,-0.358511581149692,0.417802238214438,-0.858089182771887,0.390843219981641,0.976745954994009,-0.306956403199896,0.992587378328484
COG2,ENSG00000135775.14,protein_coding,4.69065772061576,-0.598674408459541,0.697738998120763,-0.858020563666307,0.390881108592713,0.976745954994009,0.132587184309172,0.998086042062166
TTL,ENSG00000114999.8,protein_coding,4.79223687101388,0.576598570766731,0.672051625273139,0.857967675522526,0.390910312744432,0.976745954994009,0.329444854771923,0.995521320397187
B4GALT1,ENSG00000086062.13,protein_coding,2.50467034704158,0.805952503294259,0.940186723562421,0.857225998938231,0.391319996589072,0.976745954994009,1.08141366343565,0.953507896005218
HNMT,ENSG00000150540.14,protein_coding,3.9970774597708,-0.608646421670915,0.710039940306047,-0.85720026032419,0.39133421864265,0.976745954994009,-0.266707530066485,0.998086042062166
NPM1,ENSG00000181163.14,protein_coding,128.329220676091,-0.164375189644945,0.191861642612827,-0.856738154674571,0.39158961178113,0.976745954994009,-0.16699718911457,0.992587378328484
XRCC6,ENSG00000196419.13,protein_coding,31.1894841266358,-0.23188703211145,0.27072767675015,-0.856532419939669,0.391703348271352,0.976745954994009,0.0493817926184382,0.998086042062166
PTPRA,ENSG00000132670.21,protein_coding,16.9807099536957,0.309395458069611,0.361222912058817,0.856522240812989,0.391708976126117,0.976745954994009,0.34924504146952,0.979511700603372
DHX36,ENSG00000174953.14,protein_coding,10.965072883494,0.450039524527762,0.526111931367669,0.855406421515379,0.392326189862064,0.976745954994009,0.107006224661397,0.998086042062166
KAT6A,ENSG00000083168.11,protein_coding,49.5341242620109,-0.225741013453007,0.26392997520759,-0.855306462539746,0.39238151078465,0.976745954994009,-0.0615290775621168,0.998086042062166
MAP3K3,ENSG00000198909.8,protein_coding,18.7282732308096,-0.339563876108299,0.397041259012069,-0.855235742887812,0.392420652461926,0.976745954994009,-0.229755227714007,0.992587378328484
WBP11,ENSG00000084463.8,protein_coding,15.6492577695202,-0.326756827948375,0.382705345699792,-0.853807848831813,0.393211464903688,0.976745954994009,-0.0336381597975597,0.998086042062166
ODC1,ENSG00000115758.13,protein_coding,21.1466192889934,-0.317459687724916,0.371856639759158,-0.853715259543371,0.393262777061113,0.976745954994009,-0.258886077662921,0.992587378328484
HNRNPF,ENSG00000169813.17,protein_coding,50.7681944167818,0.197458729795836,0.231443746126637,0.85316079220302,0.393570142783789,0.976745954994009,0.0791113011595999,0.998086042062166
ABI3,ENSG00000108798.9,protein_coding,26.072436573948,-0.258672921060292,0.303389435129148,-0.85261018054297,0.393875515052947,0.976745954994009,-0.143983147319139,0.995521320397187
MARCHF2,ENSG00000099785.11,protein_coding,6.13350871058999,0.452368627581206,0.530602996337961,0.852555735084985,0.393905718595693,0.976745954994009,0.441191783973657,0.992587378328484
SSR2,ENSG00000163479.14,protein_coding,8.55268330293753,-0.490386507133955,0.575497610677069,-0.852108676102092,0.39415377696769,0.976745954994009,-0.0084570932625784,0.998086042062166
CSF1R,ENSG00000182578.14,protein_coding,7.55857212084592,-0.595147754279903,0.698632226545043,-0.851875610180619,0.394283135087301,0.976745954994009,-0.945763500113604,0.922405531070794
CARD8,ENSG00000105483.18,protein_coding,11.6640158221206,0.404847801812198,0.475431855823807,0.851536969710822,0.39447113581384,0.976745954994009,0.50214632646573,0.979511700603372
IBTK,ENSG00000005700.15,protein_coding,6.39920859769033,0.515045173684127,0.605510073158083,0.850597201460035,0.39499314456284,0.976745954994009,0.445226525134046,0.992587378328484
BLVRA,ENSG00000106605.11,protein_coding,10.4254902383215,-0.469658300716255,0.552920098959497,-0.849414411955856,0.395650736517779,0.976745954994009,-0.256777072226164,0.997852416960843
PPP1R10,ENSG00000204569.10,protein_coding,10.9181280089387,-0.39625828797854,0.466521624969226,-0.849388895969568,0.395664929849135,0.976745954994009,-0.136463610198516,0.998086042062166
SIN3A,ENSG00000169375.16,protein_coding,27.6499032947422,-0.27988460519728,0.329698402896364,-0.848911013030469,0.395930810260752,0.976745954994009,-0.388478451718531,0.953507896005218
PLVAP,ENSG00000130300.9,protein_coding,4.42634597078359,-0.910434815370049,1.07277681229655,-0.848671228660356,0.396064260080467,0.976745954994009,-0.253385775557369,0.998086042062166
BCCIP,ENSG00000107949.17,protein_coding,7.03990052283605,0.42765795253563,0.504471198406095,0.847735121225631,0.396585502158355,0.976745954994009,0.232658862114565,0.996609529665468
MLH1,ENSG00000076242.16,protein_coding,3.52100426317921,-0.786439737427483,0.928010361872939,-0.847447151172177,0.396745932489259,0.976745954994009,-0.199905935578981,0.998086042062166
HCG18,ENSG00000231074.9,lncRNA,6.08211547286349,0.682786073923626,0.80581346065279,0.847325227566316,0.396813868866429,0.976745954994009,0.0077833087343911,0.998587857984255
HOMER2,ENSG00000103942.13,protein_coding,1.55770753667793,-1.09453897512894,1.29210489649342,-0.847097614210235,0.396940714826022,0.976745954994009,-0.16009004813281,0.998086042062166
SSBP2,ENSG00000145687.16,protein_coding,5.67067326079006,-0.632445047869307,0.746633773196951,-0.847061933940239,0.396960601193594,0.976745954994009,-1.02514797518139,0.937780004132405
H2BC18,ENSG00000203814.6,protein_coding,25.8241647045117,0.333143295222149,0.393509936233727,0.846594366614104,0.397221254980083,0.976745954994009,0.198464416114236,0.995521320397187
NPC2,ENSG00000119655.11,protein_coding,4.71283914408932,-0.607282591620947,0.71739950739986,-0.846505448298926,0.397270835767868,0.976745954994009,-0.326595661722574,0.995521320397187
CREB5,ENSG00000146592.17,protein_coding,5.89015137268287,0.485142321170681,0.573243154565077,0.846311582279184,0.397378948257975,0.976745954994009,0.167316112445384,0.998086042062166
SRP14,ENSG00000140319.11,protein_coding,39.8413448420429,-0.201778490287835,0.238536201595318,-0.845903007335371,0.397606854705454,0.976745954994009,-0.082693656770127,0.998086042062166
BROX,ENSG00000162819.12,protein_coding,15.6775490290729,0.273713105226463,0.323672773582588,0.845647603278013,0.397749361195493,0.976745954994009,0.330361331839932,0.97236782393181
CSNK1A1,ENSG00000113712.19,protein_coding,20.887109406891,-0.351193448019803,0.415997842248597,-0.844219398162005,0.398546816735556,0.976745954994009,-0.387793571860244,0.983262496850266
RALB,ENSG00000144118.14,protein_coding,24.0358212075654,0.32016452783978,0.379290046576814,0.844115290473199,0.398604984145268,0.976745954994009,0.234259804500745,0.992587378328484
NFE2,ENSG00000123405.14,protein_coding,19.1817209910043,0.308637970807015,0.365791815231342,0.843753080182561,0.398807399368408,0.976745954994009,0.260756685946126,0.992587378328484
NAA15,ENSG00000164134.13,protein_coding,8.310960448693,0.418333803161275,0.496045142598668,0.843338170735267,0.39903934067047,0.976745954994009,0.117506482514756,0.998086042062166
PBX3,ENSG00000167081.18,protein_coding,6.51005976215632,-0.610686357916166,0.725062759336616,-0.842253101614132,0.399646296100076,0.976745954994009,-0.215026117143345,0.998086042062166
LCP2,ENSG00000043462.13,protein_coding,60.9841334349559,-0.219764019168152,0.260925667599857,-0.842247607104609,0.399649370977821,0.976745954994009,-0.0703507559874476,0.998086042062166
PACSIN2,ENSG00000100266.19,protein_coding,13.0057372368283,-0.374230605824606,0.444493698197396,-0.841925560119894,0.399829622133758,0.976745954994009,0.0402775440656344,0.998086042062166
PIK3CG,ENSG00000105851.11,protein_coding,18.4044785813433,-0.342516556999272,0.406906160330159,-0.841758101478134,0.399923368810758,0.976745954994009,-0.0285254034119566,0.998086042062166
ETV3,ENSG00000117036.12,protein_coding,8.26697681924264,-0.472196289584518,0.561089042532289,-0.841571040941055,0.40002810464481,0.976745954994009,0.268445096052325,0.995521320397187
TSEN34,ENSG00000170892.13,protein_coding,3.09801498855749,-0.824545320100623,0.979907006958266,-0.841452621774895,0.400094416464139,0.976745954994009,-0.0996834816651334,0.998086042062166
PIH1D1,ENSG00000104872.11,protein_coding,4.84904017224117,-0.701889134551369,0.834229585676697,-0.841362074184915,0.40014512534465,0.976745954994009,-0.188572137371373,0.998086042062166
MLLT1,ENSG00000130382.9,protein_coding,12.9800273912811,0.38695300188447,0.46038610693775,0.840496696258454,0.400629953177195,0.976745954994009,0.148399776501465,0.998086042062166
LARP4B,ENSG00000107929.15,protein_coding,12.5129882274528,-0.394793603189711,0.469777460750483,-0.840384301449918,0.400692948235274,0.976745954994009,-0.155847575801171,0.998086042062166
HNRNPH1,ENSG00000169045.17,protein_coding,30.5155851194213,-0.240831708073572,0.286613953760927,-0.840265119382349,0.400759753917566,0.976745954994009,0.0422225281237038,0.998086042062166
RLF,ENSG00000117000.9,protein_coding,6.07135602184956,-0.485097119533601,0.577442549745227,-0.84007858400395,0.400864326896884,0.976745954994009,-0.149109490344267,0.998086042062166
BCKDK,ENSG00000103507.14,protein_coding,3.49625448644455,0.656378597098759,0.781720405643846,0.839659029443075,0.401099591868578,0.976745954994009,0.466804266546938,0.992587378328484
STX8,ENSG00000170310.15,protein_coding,3.50034120699797,0.672446760704585,0.800886696661006,0.839627831886954,0.401117089190992,0.976745954994009,0.742811040196471,0.983262496850266
FGL2,ENSG00000127951.8,protein_coding,9.53613775120292,-0.372056901554947,0.443622917427314,-0.838678271430617,0.401649874696337,0.976745954994009,-0.131576407028458,0.998086042062166
SPOCK2,ENSG00000107742.13,protein_coding,5.49282334907695,-0.691479411086621,0.824766967388406,-0.838393677763508,0.401809639025957,0.976745954994009,-1.16044365047977,0.922405531070794
NOL7,ENSG00000225921.7,protein_coding,19.2303139735853,-0.347913576184368,0.415208043248911,-0.837925906882779,0.402072317652021,0.976745954994009,0.0387597472446806,0.998086042062166
CDC14A,ENSG00000079335.20,protein_coding,3.8652974720232,0.682313730417673,0.814778045719605,0.837422822082865,0.402354941885358,0.976745954994009,0.761523546572804,0.98063303315043
NR1H2,ENSG00000131408.15,protein_coding,13.4985002251407,-0.403945651449454,0.482428713635124,-0.837316768327705,0.40241453622815,0.976745954994009,-0.275405814542971,0.992587378328484
PELP1,ENSG00000141456.16,protein_coding,7.82601402342206,-0.532368869851636,0.635931845340924,-0.837147681393802,0.402509561486372,0.976745954994009,-0.153548454742412,0.998086042062166
MIEN1,ENSG00000141741.12,protein_coding,5.99279700387775,0.573975174126415,0.685892263236219,0.836829929263599,0.402688171570698,0.976745954994009,0.503207186709955,0.992587378328484
MARS1,ENSG00000166986.15,protein_coding,3.66494268540141,-0.623154927275976,0.744950331299889,-0.836505336119003,0.402870676068381,0.976745954994009,0.7333983568757,0.953507896005218
CNOT1,ENSG00000125107.19,protein_coding,45.3366198174287,0.191508662195489,0.228947756534376,0.836473198490306,0.402888748344852,0.976745954994009,0.129540796557897,0.995521320397187
CASS4,ENSG00000087589.17,protein_coding,3.688627362172,0.650080370067489,0.777269585231861,0.836364090939656,0.402950107517387,0.976745954994009,0.955972306246075,0.95182832588077
CNOT6,ENSG00000113300.13,protein_coding,9.89521480021555,-0.418847775193774,0.500883481235021,-0.836217984592,0.403032282594859,0.976745954994009,-0.24058513104808,0.995521320397187
EIF2AK2,ENSG00000055332.19,protein_coding,16.6581550682087,-0.390068587294158,0.466550879202464,-0.836068700504762,0.403116255309371,0.976745954994009,-0.415304987795861,0.985371938663332
ZFC3H1,ENSG00000133858.17,protein_coding,11.0487909984597,0.388000280955051,0.46415502739393,0.835928209446611,0.403195291494123,0.976745954994009,0.103770642524992,0.998086042062166
GLIPR1,ENSG00000139278.10,protein_coding,4.12579866653169,0.59521368731299,0.712059302426546,0.835904657497807,0.403208542044299,0.976745954994009,0.832197802887308,0.953507896005218
TLK1,ENSG00000198586.14,protein_coding,37.0603777904295,0.226706850278137,0.271220497479574,0.835876537300471,0.403224363076179,0.976745954994009,0.0127026358438556,0.998086042062166
UBE2Z,ENSG00000159202.18,protein_coding,8.10681454041531,0.418119729820124,0.500573909100309,0.835280709239558,0.403559676256621,0.976745954994009,0.498675892280817,0.979511700603372
RAPGEF1,ENSG00000107263.19,protein_coding,46.3276267300058,0.217500202208065,0.260436799088072,0.835136213352526,0.403641019120116,0.976745954994009,0.232349582536805,0.987407932503804
PIP4P2,ENSG00000155099.8,protein_coding,6.29340693565126,-0.608484112148193,0.72890208341016,-0.834795408049057,0.403832911760319,0.976745954994009,-0.283915972997836,0.998086042062166
EHBP1,ENSG00000115504.15,protein_coding,7.87724717244997,0.474597167165424,0.568579466444215,0.834706835499112,0.403882792049543,0.976745954994009,0.677708101946517,0.953507896005218
FAM149B1,ENSG00000138286.15,protein_coding,3.71762658425587,0.83034293334194,0.995261181538308,0.834296513060556,0.404113916291327,0.976745954994009,0.330805507918128,0.998086042062166
PGD,ENSG00000142657.21,protein_coding,18.886213790043,-0.388355941015595,0.465499409847394,-0.834278052345782,0.40412431660494,0.976745954994009,0.17048799067102,0.998086042062166
MAPK3,ENSG00000102882.12,protein_coding,6.79403397893553,-0.515541819340599,0.618236449051899,-0.833891013917429,0.404342401437532,0.976745954994009,0.0443387547837479,0.998086042062166
C9orf40,ENSG00000135045.7,protein_coding,2.22271498922542,-1.12687051649533,1.35195268928457,-0.833513277074548,0.404555312979208,0.976745954994009,-0.904910319351993,0.992587378328484
RBM15,ENSG00000162775.17,protein_coding,6.97231033370693,0.526374296952884,0.63177971696544,0.833161120589881,0.404753866529363,0.976745954994009,-0.346766621142921,0.995521320397187
LYSMD3,ENSG00000176018.13,protein_coding,5.46714030889352,-0.591098755264722,0.709736503872807,-0.832842543731771,0.404933537345708,0.976745954994009,-0.177938893389146,0.998086042062166
COPZ1,ENSG00000111481.10,protein_coding,5.91442289670991,-0.525563751851233,0.63138336948148,-0.832400372348815,0.405182991949481,0.976745954994009,-0.231228649413913,0.998086042062166
UNC45A,ENSG00000140553.18,protein_coding,8.47421213535678,0.457256635579978,0.549611774586122,0.831962954076647,0.405429855403612,0.976745954994009,0.126098951925845,0.998086042062166
KLHL8,ENSG00000145332.14,protein_coding,7.11848042895639,-0.516793256718845,0.621436106266513,-0.831611249342519,0.405628410327116,0.976745954994009,-0.400254004596701,0.992587378328484
H4C2,ENSG00000278705.2,protein_coding,17.7900807730715,-0.34217925965513,0.411607314904657,-0.831324534974289,0.405790317911549,0.976745954994009,-0.6776621516261,0.870378725940802
PLAGL2,ENSG00000126003.7,protein_coding,11.4417005427635,0.447488461307256,0.5384068171007,0.831134463930015,0.4058976722917,0.976745954994009,0.0915131760232328,0.998086042062166
C2orf88,ENSG00000187699.10,protein_coding,14.9783256037708,0.612587400805305,0.737256675535482,0.830901124578319,0.406029488316447,0.976745954994009,0.441905152009394,0.992587378328484
FYN,ENSG00000010810.17,protein_coding,41.8813687254756,0.230363959793552,0.277286593761863,0.830779291087515,0.406098323582715,0.976745954994009,0.282514583423006,0.953507896005218
LPGAT1,ENSG00000123684.13,protein_coding,6.78569889012949,-0.507477104341787,0.611434901334912,-0.829977325850781,0.406551603490506,0.976745954994009,-0.161077567012635,0.998086042062166
TSC22D4,ENSG00000166925.9,protein_coding,17.873563526571,-0.300548909522932,0.36224885912914,-0.829675241063459,0.406722423520568,0.976745954994009,-0.253695050233148,0.992587378328484
PLPBP,ENSG00000147471.12,protein_coding,18.6451911032807,0.384039211039821,0.462883255653044,0.829667537871965,0.406726780007848,0.976745954994009,0.0951772940076115,0.998086042062166
HLA-C,ENSG00000204525.17,protein_coding,76.8838018583822,0.239549970031056,0.288740177718613,0.829638507269001,0.406743198317046,0.976745954994009,-0.10305800499254,0.998086042062166
GMPS,ENSG00000163655.16,protein_coding,10.7507303554076,0.419356075792592,0.506000350096284,0.828766374791628,0.407236618756671,0.976745954994009,0.260909175072236,0.995521320397187
AGO2,ENSG00000123908.12,protein_coding,19.1352405949498,-0.304300605631016,0.367303766387893,-0.828471236828152,0.407403677749976,0.976745954994009,-0.53780926132368,0.91334401440864
CHMP6,ENSG00000176108.9,protein_coding,3.01152198541246,0.622364164296927,0.751240948155554,0.828448137478335,0.407416754559439,0.976745954994009,0.161012180026534,0.998086042062166
CEP162,ENSG00000135315.12,protein_coding,4.35322519340825,-0.607538545394829,0.733348633391876,-0.828444368382946,0.407418888311739,0.976745954994009,-0.346121587542591,0.995521320397187
SMDT1,ENSG00000183172.9,protein_coding,3.78576564410969,0.603925110642467,0.729284260382035,0.828106601842884,0.407610131040647,0.976745954994009,-0.350696029014542,0.998086042062166
CCDC32,ENSG00000128891.16,protein_coding,2.92933256728102,0.735935955552168,0.888831344349625,0.827981551540204,0.407680947838365,0.976745954994009,0.543345657111718,0.992587378328484
CIB1,ENSG00000185043.12,protein_coding,5.42328433865464,0.453865627482469,0.548261966390109,0.827826213207586,0.407768927155737,0.976745954994009,0.112096658435371,0.998086042062166
YWHAB,ENSG00000166913.13,protein_coding,64.2810459148169,0.179631896399436,0.217148339656522,0.827231268190085,0.408105992134835,0.976745954994009,0.115016047656336,0.995521320397187
RHOC,ENSG00000155366.17,protein_coding,6.81034147178999,-0.528053311800913,0.638524319527503,-0.826990132798172,0.408242654194278,0.976745954994009,0.45227151059961,0.992587378328484
CC2D1A,ENSG00000132024.18,protein_coding,3.62311289165162,-0.675129057380192,0.816485902131182,-0.826871665044036,0.408309805078982,0.976745954994009,-0.360139538432921,0.995521320397187
TSTD1,ENSG00000215845.11,protein_coding,4.08466249975221,0.587862554365611,0.711249888962945,0.826520416365559,0.408508941462076,0.976745954994009,0.182630738860703,0.998086042062166
PES 1.00,ENSG00000100029.18,protein_coding,7.92135911297179,-0.489174918215298,0.59187725214993,-0.826480349495478,0.408531660585608,0.976745954994009,-0.205576739667249,0.998086042062166
MCL1,ENSG00000143384.14,protein_coding,63.0069816466598,-0.187561392878057,0.226962239824944,-0.826399109485011,0.408577728430533,0.976745954994009,-0.225162568275623,0.983262496850266
CRTC2,ENSG00000160741.17,protein_coding,8.4488401235611,0.394273751981812,0.477360969387731,0.825944677646169,0.408835474939512,0.976745954994009,0.165346368442031,0.998086042062166
STOM,ENSG00000148175.13,protein_coding,23.8654211139987,-0.255055719635387,0.308902464385811,-0.825683667310695,0.408983559598257,0.976745954994009,-0.0802822844008743,0.998086042062166
CRTAP,ENSG00000170275.15,protein_coding,19.3872926409375,-0.389558026742893,0.471963962277542,-0.825397822458763,0.409145770779368,0.976745954994009,-0.0893403148691975,0.998086042062166
ILKAP,ENSG00000132323.9,protein_coding,6.386809907516,0.480920502902772,0.582849406322682,0.825119658158356,0.409303660149678,0.976745954994009,-0.172647789599165,0.998086042062166
CYRIA,ENSG00000197872.11,protein_coding,9.62871221662162,-0.454549035509277,0.550967442407443,-0.825001625364889,0.409370667921665,0.976745954994009,-0.475543752555008,0.983262496850266
HBS1L,ENSG00000112339.15,protein_coding,9.14245994886982,0.426468344386992,0.517868554719063,0.823506931441987,0.410219777113895,0.976745954994009,0.0866840697503989,0.998086042062166
UBE2V2,ENSG00000169139.12,protein_coding,3.82663913998247,0.533909042291633,0.648617203227687,0.823149678477172,0.41042288108331,0.976745954994009,0.574263150330233,0.983262496850266
ST8SIA4,ENSG00000113532.13,protein_coding,4.12816909739329,-0.666384111223644,0.810016305728217,-0.82267987262868,0.410690064079205,0.976745954994009,-0.6102053257126,0.992587378328484
CAPZB,ENSG00000077549.19,protein_coding,51.4407965169936,-0.215938069024868,0.262643563212369,-0.822171563558418,0.41097926054847,0.976745954994009,-0.147235497135526,0.995521320397187
WDR20,ENSG00000140153.18,protein_coding,8.73487259325101,-0.494043723093256,0.600988199801488,-0.822052285313494,0.411047140015958,0.976745954994009,-0.306998185158456,0.995521320397187
DYSF,ENSG00000135636.15,protein_coding,20.647377915819,-0.421734026024762,0.513135020285947,-0.821877301981355,0.411146732461169,0.976745954994009,-0.335696967005236,0.992587378328484
PILRA,ENSG00000085514.16,protein_coding,4.91363135300667,-0.623299139769953,0.758479995006362,-0.821774000466189,0.411205533645145,0.976745954994009,-0.549361072281532,0.992587378328484
PGPEP1,ENSG00000130517.14,protein_coding,6.18001622034806,0.452545833004123,0.550706370771963,0.821755216613453,0.411216226307181,0.976745954994009,0.501732424993266,0.983262496850266
ZFR,ENSG00000056097.16,protein_coding,18.868269568176,-0.372000915778435,0.452727870412145,-0.82168768500994,0.411254669869978,0.976745954994009,-0.184697072959044,0.998086042062166
IFFO2,ENSG00000169991.11,protein_coding,4.54085911865441,0.565726281501736,0.68854515415147,0.821625536235035,0.411290051047144,0.976745954994009,0.217862824231522,0.998086042062166
PITPNA,ENSG00000174238.15,protein_coding,12.523399556582,0.342759542047231,0.417202676178991,0.821566019629697,0.411323935428833,0.976745954994009,0.505373490952879,0.951021959589088
RNF111,ENSG00000157450.16,protein_coding,7.74963540912774,-0.475260964345792,0.57870893943611,-0.821243516315617,0.411507573930803,0.976745954994009,-0.329644609706056,0.995521320397187
AMZ2,ENSG00000196704.14,protein_coding,6.16441319555575,0.595431494837941,0.725122302302699,0.821146298972034,0.411562940570262,0.976745954994009,0.470523779386762,0.992587378328484
ZNF516,ENSG00000101493.11,protein_coding,5.15892210198256,-0.627374065493545,0.764173878228789,-0.82098339575239,0.411655726145193,0.976745954994009,-0.887845683763105,0.953507896005218
ATXN7L3B,ENSG00000253719.4,protein_coding,15.1158013990123,0.282467770795944,0.344112664887193,0.820858397898672,0.411726930192046,0.976745954994009,-0.0964996708070181,0.998086042062166
GAS2L1,ENSG00000185340.15,protein_coding,4.01915446852459,-0.711988404722931,0.868268243066178,-0.820009726727579,0.412210562251721,0.976745954994009,-0.221727940024431,0.998086042062166
GFUS,ENSG00000104522.16,protein_coding,5.28182486274989,0.517874040619684,0.631977461184262,0.819450174139502,0.412529618547111,0.976745954994009,0.596376619621838,0.982003512507167
RASAL3,ENSG00000105122.13,protein_coding,12.3959527360124,0.446236531473351,0.544762462617097,0.819139647268615,0.412706743779322,0.976745954994009,-0.0325723579803961,0.998086042062166
PRKACB,ENSG00000142875.19,protein_coding,19.6967499943579,-0.276752965788553,0.33802496550099,-0.818735282994185,0.412937461621223,0.976745954994009,-0.175014801506596,0.995521320397187
PEPD,ENSG00000124299.15,protein_coding,6.34265963639024,-0.585511115223989,0.715362029593297,-0.818482238366591,0.413081879980729,0.976745954994009,0.029195169448354,0.998086042062166
ITGAM,ENSG00000169896.18,protein_coding,5.71734879257995,0.578016263950646,0.70653467239768,0.818100351663002,0.413299888098756,0.976745954994009,0.0583411676836636,0.998086042062166
RAB6A,ENSG00000175582.20,protein_coding,39.8933932525475,0.216086981221383,0.264192674399613,0.817914356302453,0.41340609216126,0.976745954994009,0.171702319172494,0.992587378328484
UBAC1,ENSG00000130560.9,protein_coding,6.38577946810225,0.574892504590912,0.703078837897575,0.817678578280097,0.413540745537724,0.976745954994009,0.281635887161394,0.998086042062166
MBD4,ENSG00000129071.10,protein_coding,6.89185795064669,0.584932481253532,0.715363792049271,0.817671355126741,0.413544871107271,0.976745954994009,0.234108389466353,0.998086042062166
AKIRIN1,ENSG00000174574.16,protein_coding,7.28592757201851,-0.551478398501097,0.674931776155757,-0.817087619792004,0.413878357384091,0.976745954994009,-0.0188157088290747,0.998086042062166
GNPAT,ENSG00000116906.13,protein_coding,5.26412102714579,-0.534359625308197,0.654091295196925,-0.816949605096516,0.413957228029382,0.976745954994009,-0.156006150485708,0.998086042062166
KIF3B,ENSG00000101350.8,protein_coding,11.3794189941492,0.348367470281355,0.426516405088461,0.816773906291138,0.414057646712716,0.976745954994009,0.162810891460003,0.998086042062166
TNFSF13B,ENSG00000102524.12,protein_coding,5.41355753544849,0.672553913919375,0.823691888653832,0.816511517454101,0.414207638944006,0.976745954994009,0.387597645545587,0.998086042062166
MAP3K2,ENSG00000169967.17,protein_coding,15.1590907609248,0.297563238456958,0.364447754394797,0.816477080373543,0.414227326978878,0.976745954994009,0.552501206188796,0.891314534565551
ELF1,ENSG00000120690.16,protein_coding,38.5896233160094,0.284826012563044,0.348880662181683,0.816399541269841,0.414271658912321,0.976745954994009,0.132288367056225,0.998086042062166
CTNNBL1,ENSG00000132792.19,protein_coding,14.1339628649276,-0.368808988757805,0.451987594953099,-0.815971484341456,0.414516445178323,0.976745954994009,-0.287824330990121,0.992587378328484
C22orf39,ENSG00000242259.9,protein_coding,4.12282860147767,-0.603135992961825,0.740486542029725,-0.814513105543536,0.415351067491735,0.976745954994009,-0.65625250853146,0.992587378328484
SLBP,ENSG00000163950.13,protein_coding,12.4896242828892,-0.40988572731894,0.503337579343959,-0.814335635048704,0.415452700613968,0.976745954994009,-0.28763745296498,0.995521320397187
BCL2L11,ENSG00000153094.24,protein_coding,6.34374224447775,-0.536171213484593,0.658472604097986,-0.814265028108605,0.415493139610239,0.976745954994009,-0.528200781747446,0.992587378328484
RHOBTB1,ENSG00000072422.17,protein_coding,2.61245257111373,-0.676857985822429,0.831401451316425,-0.814116916383422,0.415577975787143,0.976745954994009,-0.713336690145412,0.992587378328484
C19orf53,ENSG00000104979.9,protein_coding,27.5725929506892,0.214744086733591,0.263822531282796,0.813971747179556,0.415661136459272,0.976745954994009,-0.112297410250087,0.998086042062166
METAP1,ENSG00000164024.12,protein_coding,5.38817117014655,-0.492094164202454,0.604872118291043,-0.81355074787176,0.415902362916868,0.976745954994009,-0.0181325799564839,0.998086042062166
DNM3,ENSG00000197959.14,protein_coding,14.4915883388728,-0.387452015320034,0.47669744332388,-0.812783917233617,0.416341958005412,0.976745954994009,-0.557003057741886,0.953507896005218
ZNF721,ENSG00000182903.16,protein_coding,5.86436131214909,0.49257998724753,0.606601959202512,0.812031645751879,0.416773473193983,0.976745954994009,0.26053510790712,0.998086042062166
TOPBP1,ENSG00000163781.14,protein_coding,5.43010136702196,0.475349493480235,0.585566081896044,0.81177771079409,0.416919193956614,0.976745954994009,0.798018931793376,0.922405531070794
SF3A2,ENSG00000104897.10,protein_coding,23.8243159422093,0.298650192023097,0.367918663941199,0.811728844696032,0.416947239249888,0.976745954994009,0.304073740752602,0.992587378328484
GALNT10,ENSG00000164574.16,protein_coding,4.98190881113704,0.549425309375437,0.677035092976379,0.811516736835687,0.41706898535736,0.976745954994009,0.388954280749776,0.995521320397187
LCP1,ENSG00000136167.15,protein_coding,213.499192676661,0.140870896780828,0.173647634205,0.811245701248786,0.4172245854231,0.976745954994009,0.0671070181689357,0.998086042062166
UTP3,ENSG00000132467.4,protein_coding,6.6973665911047,0.382542405927904,0.47177678211751,0.810854667775109,0.417449135919691,0.976745954994009,0.37241886015963,0.992587378328484
PFKFB4,ENSG00000114268.12,protein_coding,3.84501191306104,-0.654633917115497,0.807467306384589,-0.810724981605263,0.417523623770148,0.976745954994009,-0.0871626506976047,0.998086042062166
HARS1,ENSG00000170445.16,protein_coding,4.94291153477544,0.549874410972395,0.678634732937096,0.81026564701834,0.417787514788628,0.976745954994009,0.795005932679396,0.95182832588077
PTPN4,ENSG00000088179.9,protein_coding,12.1447195310063,0.318039044630123,0.392954223332549,0.809353929149588,0.418311594229093,0.976745954994009,0.110111751941151,0.998086042062166
ZBTB24,ENSG00000112365.5,protein_coding,5.27988086828056,-0.589142282984655,0.72796276905126,-0.809302766613288,0.418341015267523,0.976745954994009,-0.518869427045184,0.992587378328484
PPP1CB,ENSG00000213639.10,protein_coding,35.7136766734518,-0.263943761025202,0.32621799888323,-0.809102385303029,0.418456256354792,0.976745954994009,-0.0880669389585361,0.998086042062166
HLA-DPA1,ENSG00000231389.7,protein_coding,38.4972378649385,0.252239856756762,0.311900680901997,0.808718519072483,0.418677073446465,0.976745954994009,0.264294950194841,0.985425634239731
TNFRSF13C,ENSG00000159958.7,protein_coding,6.78565416608857,0.525661029808766,0.650041954934538,0.808657081005952,0.418712421745998,0.976745954994009,0.301217274196482,0.995521320397187
EAF1,ENSG00000144597.14,protein_coding,4.92214171228674,0.497522827450505,0.615669216364662,0.808100866871703,0.419032518630418,0.976745954994009,0.224886711643354,0.998086042062166
NDUFA10,ENSG00000130414.13,protein_coding,16.7222559180884,0.298957693165393,0.370013036975305,0.807965296599388,0.41911056007585,0.976745954994009,0.0612854931664404,0.998086042062166
MPEG1,ENSG00000197629.6,protein_coding,13.4196364204331,-0.315093437162699,0.390159521906998,-0.80760155646748,0.419319990441942,0.976745954994009,-0.381320788596728,0.979511700603372
NARF,ENSG00000141562.18,protein_coding,8.05105118297051,-0.433873541354604,0.5376283607631,-0.807013865002902,0.419658495103175,0.976745954994009,0.0245067871230008,0.998086042062166
RTCA,ENSG00000137996.13,protein_coding,7.20131969892355,0.419545856786492,0.520126133789492,0.80662329679495,0.419883547478913,0.976745954994009,0.259358224648765,0.995521320397187
PSTPIP2,ENSG00000152229.18,protein_coding,8.97710626915386,0.378553167115855,0.469544685179245,0.806213293568313,0.420119874951998,0.976745954994009,-0.0067456558712939,0.998086042062166
RAE1,ENSG00000101146.13,protein_coding,3.41683902979313,-0.695317947911188,0.862560442067981,-0.80610924637834,0.420179860591777,0.976745954994009,-0.0166034389928917,0.998086042062166
C4orf3,ENSG00000164096.13,protein_coding,9.76276447228088,0.461305809104115,0.57229632404489,0.806061108070179,0.420207615155313,0.976745954994009,0.379463167131952,0.992587378328484
ACP1,ENSG00000143727.16,protein_coding,13.1001904760879,-0.315505755351402,0.39149839262569,-0.805892849866835,0.420304634358106,0.976745954994009,-0.252160493838002,0.992587378328484
STIP1,ENSG00000168439.17,protein_coding,16.536030804999,0.318434979542179,0.395158332890852,0.805841489441992,0.420334251864862,0.976745954994009,0.148185675903608,0.998086042062166
RNMT,ENSG00000101654.18,protein_coding,4.84639277809429,0.471893563099581,0.585624950541093,0.805794839621452,0.420361154016515,0.976745954994009,0.246298430572458,0.998086042062166
CLEC16A,ENSG00000038532.16,protein_coding,8.77740717050436,-0.482218978721774,0.598646355179565,-0.805515601238618,0.420522207147214,0.976745954994009,-0.128903730083047,0.998086042062166
SAV1,ENSG00000151748.15,protein_coding,5.76908652119598,-0.580623484433206,0.721235405867412,-0.805040184813035,0.420796490993892,0.976745954994009,-0.107447413100244,0.998086042062166
DPYSL2,ENSG00000092964.18,protein_coding,22.815096525241,-0.283105520431729,0.351839337640437,-0.80464430819572,0.421024965746976,0.976745954994009,-0.388030789452977,0.953507896005218
RP11-290D2.6,ENSG00000273149.1,lncRNA,18.1354848376088,0.284119234881911,0.353101061792404,0.804639990148063,0.421027458250214,0.976745954994009,-0.0236793104275045,0.998086042062166
GON4L,ENSG00000116580.19,protein_coding,21.5275583250311,0.290628174677212,0.361318589637174,0.804354337176651,0.42119236472445,0.976745954994009,0.104097550233197,0.998086042062166
SYNGR2,ENSG00000108639.8,protein_coding,4.48054928276067,-0.732693478443226,0.911309086560303,-0.804001067528851,0.421396358482821,0.976745954994009,-0.099384928348166,0.998086042062166
RAP1GAP2,ENSG00000132359.15,protein_coding,14.7062004012739,0.319169252296686,0.397335557552326,0.803273822918942,0.421816484603532,0.976745954994009,0.0251040014696798,0.998086042062166
MX2,ENSG00000183486.14,protein_coding,14.18432031747,0.439232170626232,0.547317331292156,0.802518293344106,0.422253210834845,0.976745954994009,0.107605834851733,0.998086042062166
DNTTIP2,ENSG00000067334.14,protein_coding,14.3690834185934,0.294962751932533,0.367669661540418,0.802249363455048,0.422408726964264,0.976745954994009,0.344842878882708,0.983262496850266
ENO1,ENSG00000074800.16,protein_coding,65.9594049116184,-0.182296650590544,0.227244362116049,-0.802205383196478,0.422434162955082,0.976745954994009,-0.252651567848007,0.953507896005218
VHL,ENSG00000134086.8,protein_coding,15.5512243895586,0.345658678382053,0.431146168786689,0.801720398803008,0.422714713278949,0.976745954994009,0.0514706454004473,0.998086042062166
SHOC2,ENSG00000108061.12,protein_coding,21.3146101051733,-0.304132596238164,0.379397528624204,-0.801619866478913,0.422772882156109,0.976745954994009,0.0169243522006808,0.998086042062166
FMNL3,ENSG00000161791.14,protein_coding,15.0549401395763,-0.362548948156658,0.452310410300829,-0.801548980302109,0.422813900332718,0.976745954994009,-0.508630705707264,0.953507896005218
ACTB,ENSG00000075624.17,protein_coding,2164.21962917322,0.0857004334581758,0.107013778493189,0.800835506089811,0.423226880854133,0.976745954994009,-0.0345566131459595,0.998086042062166
SAMD9L,ENSG00000177409.12,protein_coding,13.5062222731373,0.344181206924547,0.429782449721161,0.80082657434674,0.423232052314088,0.976745954994009,0.0520430297057576,0.998086042062166
CCT4,ENSG00000115484.15,protein_coding,16.1241055000627,0.34734492699686,0.433769650439889,0.800758943472912,0.423271211644477,0.976745954994009,0.277705013668672,0.992587378328484
ESD,ENSG00000139684.15,protein_coding,4.01364990610623,0.606303125685757,0.757421967910671,0.800482625765698,0.423431225937497,0.976745954994009,0.648201882313335,0.983262496850266
DYNC1I2,ENSG00000077380.16,protein_coding,14.4825292010715,0.291943192210053,0.3649698091496,0.79991052654546,0.423762638430022,0.976745954994009,0.0151440930470095,0.998086042062166
LHPP,ENSG00000107902.14,protein_coding,5.12513390375997,0.530591345482281,0.663322011348381,0.799900103425953,0.423768677866803,0.976745954994009,0.524896455529577,0.992587378328484
MYL12B,ENSG00000118680.14,protein_coding,71.773135295896,0.142914152481904,0.178680110710925,0.799832459881983,0.423807873585748,0.976745954994009,0.0996739015086043,0.995521320397187
NCOA1,ENSG00000084676.16,protein_coding,32.27992670946,0.201883200585279,0.252523366530963,0.799463445140331,0.424021734701998,0.976745954994009,0.0166091450470516,0.998086042062166
SUPT6H,ENSG00000109111.15,protein_coding,42.4014292361912,-0.18897610726249,0.236624655494103,-0.798632360891909,0.424503617551164,0.976745954994009,-0.0385378779625261,0.998086042062166
TRAPPC10,ENSG00000160218.13,protein_coding,13.1582148274403,-0.375284893582739,0.470337047509536,-0.797906300534682,0.424924866853401,0.976745954994009,-0.306552871055598,0.992587378328484
IFIT3,ENSG00000119917.15,protein_coding,14.9192123015481,-0.657433604187525,0.823950887247016,-0.797903873110861,0.42492627561768,0.976745954994009,-0.37201222228358,0.997878976321691
RBM39,ENSG00000131051.24,protein_coding,36.9733275783547,-0.23115177890291,0.289722276392876,-0.79783916439155,0.424963830565088,0.976745954994009,-0.141857746994669,0.995521320397187
LMNB1,ENSG00000113368.12,protein_coding,9.12179000401581,-0.445508630632984,0.558416270361691,-0.797807396164198,0.424982268575268,0.976745954994009,-0.0093133118173053,0.998086042062166
SERPINA1,ENSG00000197249.14,protein_coding,23.8322832977181,-0.343319531651039,0.430573871098744,-0.797353380443062,0.42524582651576,0.976745954994009,-0.309461893343996,0.992587378328484
CMIP,ENSG00000153815.17,protein_coding,21.1710080540774,0.291177576820319,0.365266282649305,0.797165220694298,0.425355081972514,0.976745954994009,0.191316867392733,0.995521320397187
LINC00989,ENSG00000250334.6,lncRNA,14.692380479277,0.61021380246854,0.765529339100421,0.797113541311959,0.425385092611711,0.976745954994009,0.388768627933844,0.995521320397187
CST3,ENSG00000101439.9,protein_coding,16.7357195893182,0.319472520389561,0.401134030010464,0.79642338093636,0.425785992863927,0.976745954994009,-0.08980768278305,0.998086042062166
USP34,ENSG00000115464.15,protein_coding,31.9447289459223,0.223327879560563,0.280463785022463,0.796280630465983,0.425868941247709,0.976745954994009,0.0489904983799324,0.998086042062166
SPART,ENSG00000133104.14,protein_coding,9.12304449904136,0.357426540875648,0.449096049833529,0.795879948194018,0.426101817103865,0.976745954994009,0.416140709671257,0.983262496850266
BIRC2,ENSG00000110330.9,protein_coding,18.8852224802162,0.297135395080344,0.373426031797641,0.795700807600262,0.426205957340666,0.976745954994009,0.334197221108046,0.983262496850266
ARHGEF7,ENSG00000102606.19,protein_coding,8.40243234095436,-0.437367954780977,0.549697381757719,-0.79565224302587,0.426234192060601,0.976745954994009,-0.0074885090591415,0.998086042062166
FKBP4,ENSG00000004478.8,protein_coding,7.50316183062452,-0.54344710977636,0.683367080824989,-0.795249178699519,0.426468569755785,0.976745954994009,-0.0183367141482794,0.998086042062166
SIRT1,ENSG00000096717.12,protein_coding,10.6209683022735,-0.421287784445231,0.529861759310844,-0.795089996668511,0.426561153141614,0.976745954994009,-0.150188089573415,0.998086042062166
UPF1,ENSG00000005007.13,protein_coding,16.0191780778043,-0.298842101277728,0.375990974106396,-0.794811902035614,0.426722926543472,0.976745954994009,0.163928469027568,0.997878976321691
CLIC4,ENSG00000169504.15,protein_coding,12.8688138299091,-0.399288928559676,0.502439022448749,-0.794701268650774,0.426787294216008,0.976745954994009,-0.350756438879523,0.992587378328484
WWP1,ENSG00000123124.14,protein_coding,11.0618852204089,-0.382715466042332,0.481691495745283,-0.794524025071662,0.426890428199892,0.976745954994009,0.024565852774002,0.998086042062166
SKAP2,ENSG00000005020.13,protein_coding,19.4966576471955,0.276940416146889,0.348743543965695,0.794109083705734,0.427131929890556,0.976745954994009,0.389730995984222,0.953507896005218
MACROH2A1,ENSG00000113648.16,protein_coding,21.9729327592097,-0.270300278052485,0.340518107932738,-0.79379120157063,0.427316995591275,0.976745954994009,-0.226300162502876,0.992587378328484
MYO15B,ENSG00000266714.9,protein_coding,3.26357233210241,-0.682801453098777,0.86044563554491,-0.793543978715596,0.427460956918352,0.976745954994009,0.482328115895316,0.992587378328484
NUDCD3,ENSG00000015676.18,protein_coding,8.21593890272174,0.391971963121871,0.494077252387723,0.793341448584388,0.427578914094944,0.976745954994009,0.0763081489009577,0.998086042062166
C12orf76,ENSG00000174456.15,protein_coding,1.95768542847396,0.807130201874158,1.01742560065367,0.793306362013689,0.427599351068591,0.976745954994009,0.418507213993517,0.998086042062166
CLASP2,ENSG00000163539.18,protein_coding,9.17909118117783,-0.419900566694361,0.529505041165648,-0.793005796073244,0.427774445866354,0.976745954994009,-0.165262212941378,0.998086042062166
DCK,ENSG00000156136.10,protein_coding,12.5114402378161,-0.425704260836411,0.536900954123829,-0.792891607971009,0.427840977127748,0.976745954994009,-0.161316047577273,0.998086042062166
PRR13,ENSG00000205352.11,protein_coding,4.23784587203351,-0.591874246225591,0.746702637282868,-0.792650536737525,0.427981456143608,0.976745954994009,-0.905680481609023,0.953507896005218
PFKP,ENSG00000067057.18,protein_coding,4.60231707235225,0.536565607011925,0.676980889451492,0.792586046921746,0.428019040732086,0.976745954994009,0.222012747124725,0.998086042062166
DMXL1,ENSG00000172869.15,protein_coding,8.56207251986292,0.380977602946811,0.480740277934184,0.792481138846802,0.428080185138774,0.976745954994009,0.218476561048852,0.99774483465285
MAP4K4,ENSG00000071054.16,protein_coding,63.043776661382,0.189268881685214,0.23883185437767,0.792477545252062,0.428082279712196,0.976745954994009,0.15852450142372,0.992587378328484
MCUR1,ENSG00000050393.11,protein_coding,7.32294490817595,0.477654824150192,0.603324180024116,0.791705089842578,0.428532653823207,0.977124727245483,0.74420878625398,0.942191637017041
RPRD2,ENSG00000163125.16,protein_coding,13.515235569824,-0.423745059027263,0.53541435680294,-0.791433874798436,0.428690848997427,0.977124727245483,-0.241894387938803,0.995521320397187
EFTUD2,ENSG00000108883.13,protein_coding,8.52549656938583,0.41185396500308,0.520663199854154,0.79101800380447,0.428933485512966,0.977124727245483,0.103698427585642,0.998086042062166
PCMTD1,ENSG00000168300.14,protein_coding,56.3609128919608,-0.187132322212527,0.236723139205986,-0.790511324073363,0.429229211520789,0.977124727245483,-0.0038026998449006,0.998086042062166
SAMHD1,ENSG00000101347.11,protein_coding,80.7400112097171,0.153226097490894,0.193917727186052,0.790160341266186,0.429434133746646,0.977124727245483,0.0686205220825683,0.998086042062166
SPG11,ENSG00000104133.16,protein_coding,14.4828689852732,-0.327099932082378,0.414047785032759,-0.79000526969731,0.429524690790617,0.977124727245483,-0.343011849496524,0.992587378328484
ALMS1,ENSG00000116127.20,protein_coding,12.4150430057196,0.316353222800882,0.400450411949528,0.789993500720269,0.42953156396551,0.977124727245483,0.0183476843723162,0.998086042062166
FLNB,ENSG00000136068.16,protein_coding,7.66869196385471,-0.486000774180782,0.616193325005616,-0.788714766062019,0.43027873563263,0.977465437134533,-0.0979719448091638,0.998086042062166
SEC16A,ENSG00000148396.18,protein_coding,19.4079452353288,0.334583655406324,0.424242290223263,0.788661722597823,0.430309745508512,0.977465437134533,0.0962000652511595,0.998086042062166
DNTTIP1,ENSG00000101457.13,protein_coding,4.19872822502973,-0.733512583695804,0.930305026028759,-0.788464603730012,0.430424995044101,0.977465437134533,-0.216727014893202,0.998086042062166
RWDD1,ENSG00000111832.13,protein_coding,8.92180881541313,0.417830198445188,0.529959216762449,0.788419533483608,0.430451348792085,0.977465437134533,0.20750507762532,0.998086042062166
PKM,ENSG00000067225.19,protein_coding,69.6324938374311,0.171211404942294,0.217273593968178,0.787999138852417,0.430697209594997,0.977465437134533,0.14491753540797,0.992587378328484
PRF1,ENSG00000180644.8,protein_coding,5.92365647331174,0.536830624769215,0.681409602343645,0.787823686256894,0.430799844219365,0.977465437134533,-0.075658453116534,0.998086042062166
ILF2,ENSG00000143621.17,protein_coding,8.14747682150064,-0.397979255237444,0.505343980036071,-0.787541300499981,0.430965061400779,0.977465437134533,-0.334400164444911,0.992587378328484
CCNG2,ENSG00000138764.15,protein_coding,8.47964114571475,0.387737175326137,0.49294588173549,0.786571487241258,0.431532755823087,0.978336702908148,-0.0530381686791608,0.998086042062166
GBP5,ENSG00000154451.14,protein_coding,23.9026642919923,-0.300434273433898,0.382258537402671,-0.785945228261628,0.431899575920314,0.97845248522642,-0.149615163188043,0.998086042062166
BECN1,ENSG00000126581.13,protein_coding,16.3597915901466,-0.276985494406102,0.352462748203627,-0.78585750073673,0.431950975185322,0.97845248522642,-0.0556019948582198,0.998086042062166
ITFG2,ENSG00000111203.13,protein_coding,5.83693313181328,-0.681515745757343,0.867663857767109,-0.785460567080887,0.432183581581666,0.978484557332323,-0.713194258043321,0.987407932503804
CLASP1,ENSG00000074054.20,protein_coding,9.78066344786236,0.35717711674924,0.454882828626208,0.785206858275902,0.432332295031449,0.978484557332323,0.424216659955121,0.983262496850266
ILRUN,ENSG00000196821.10,protein_coding,16.1241008930669,0.313032416719914,0.399266494269077,0.784018747410726,0.433029109936466,0.979146360730412,-0.0523923665531873,0.998086042062166
ARL4C,ENSG00000188042.8,protein_coding,22.8674196922881,-0.273636856601638,0.349053679857983,-0.783939182973149,0.433075796871754,0.979146360730412,-0.28281730038023,0.992587378328484
TOR1AIP2,ENSG00000169905.13,protein_coding,5.86587147846514,-0.489537884721543,0.62562092061666,-0.782483239593422,0.433930631517052,0.979146360730412,-0.528622451383235,0.985425634239731
PGLS,ENSG00000130313.7,protein_coding,6.29041908843047,0.555551834650515,0.710155954921574,0.78229553776236,0.434040908669844,0.979146360730412,0.543429200169745,0.992587378328484
LGALS1,ENSG00000100097.12,protein_coding,11.7541731140491,-0.394489750763355,0.504572767050175,-0.781829255410701,0.434314925410895,0.979146360730412,-0.497873945578006,0.974821225214937
MIA3,ENSG00000154305.18,protein_coding,4.72294019113081,0.484520769138156,0.619760343419175,0.781787305823874,0.434339582516953,0.979146360730412,0.0982299732160007,0.998086042062166
SETD1B,ENSG00000139718.11,protein_coding,21.0087664846278,-0.308758859495777,0.395046019649954,-0.781576940755826,0.43446324298096,0.979146360730412,-0.0789573019069295,0.998086042062166
EMILIN2,ENSG00000132205.11,protein_coding,4.26315823959732,0.520201211836294,0.665839804322902,0.781270822890035,0.434643226847115,0.979146360730412,0.32465887355546,0.995521320397187
BRK1,ENSG00000254999.4,protein_coding,15.3497710182621,0.287811884168992,0.368406010306993,0.781235582799419,0.434663949236661,0.979146360730412,0.438976806742175,0.95182832588077
ERI3,ENSG00000117419.16,protein_coding,2.08909808106722,-0.736785480759613,0.943285277594072,-0.781084469630275,0.434752815463907,0.979146360730412,-1.04121180430062,0.953507896005218
LIG3,ENSG00000005156.12,protein_coding,6.05332685211964,-0.435050310098275,0.557038662279433,-0.781005591816598,0.434799205883799,0.979146360730412,-0.0688101323113737,0.998086042062166
GAPDH,ENSG00000111640.15,protein_coding,168.938460716613,0.139190417716559,0.178231112509004,0.780954659134092,0.434829162448196,0.979146360730412,-0.0802468746518225,0.998086042062166
MPP7,ENSG00000150054.19,protein_coding,8.44411960603429,0.384551031717246,0.492634220391098,0.78060154126515,0.435036885005874,0.979200421064742,0.0977672639591314,0.998086042062166
RAB3D,ENSG00000105514.8,protein_coding,13.0700280969944,-0.341464662682337,0.437765419088394,-0.780017442660057,0.435380608316133,0.979405283061243,-0.352317200684269,0.992587378328484
GGA1,ENSG00000100083.19,protein_coding,4.82829194336274,0.498834081171357,0.640968893811608,0.778250061722923,0.436421609210245,0.979405283061243,0.260988431903706,0.998086042062166
SRSF7,ENSG00000115875.19,protein_coding,6.39745341059566,-0.463055070828755,0.595007317782469,-0.7782342451762,0.436430931747932,0.979405283061243,0.276681302130211,0.995521320397187
GCA,ENSG00000115271.11,protein_coding,9.56408745080277,-0.369308278337353,0.475371525249054,-0.776883466345334,0.437227526710486,0.979405283061243,-0.331185818687352,0.992587378328484
SPCS1,ENSG00000114902.14,protein_coding,4.55346473276953,0.542404514479334,0.698548587451323,0.776473568514847,0.43746942124408,0.979405283061243,0.392593502984258,0.995521320397187
TRABD,ENSG00000170638.10,protein_coding,4.17292999261163,-0.617998282296083,0.79596464919934,-0.776414232614133,0.437504443740613,0.979405283061243,-0.217080577269327,0.998086042062166
SCAPER,ENSG00000140386.13,protein_coding,9.14492524584283,0.350507951433828,0.451550368821354,0.776232233734479,0.437611877052113,0.979405283061243,0.14854569820371,0.998086042062166
ETNK1,ENSG00000139163.16,protein_coding,6.32335875110033,-0.506615643158358,0.653067884759021,-0.775747292098581,0.437898210528444,0.979405283061243,-0.242442472535571,0.998086042062166
NFAT5,ENSG00000102908.22,protein_coding,12.5780863221604,-0.367004077362052,0.47316960476699,-0.775629021104983,0.437968059903331,0.979405283061243,-0.073520656471835,0.998086042062166
RP11-1398P2.1,ENSG00000244459.2,lncRNA,2.22538074511447,0.822740230531314,1.06149896219358,0.77507398484039,0.438295942995612,0.979405283061243,0.608682428490905,0.995521320397187
SREBF2,ENSG00000198911.12,protein_coding,7.63388995618054,-0.585412376066717,0.755608316530946,-0.774756395951793,0.438483619472488,0.979405283061243,-0.784023143956015,0.967795964188399
MYBL2,ENSG00000101057.16,protein_coding,9.7088407047155,-0.436648591624343,0.563703579816175,-0.774606738823152,0.438572074101157,0.979405283061243,-0.296329789826155,0.995521320397187
TCF20,ENSG00000100207.21,protein_coding,15.0904927041118,-0.406743038225585,0.525469332235836,-0.774056663773167,0.438897283270707,0.979405283061243,0.164328365371336,0.998086042062166
RP11-371A22.1,ENSG00000283041.1,processed_pseudogene,10.085768652588,-0.3373942938766,0.436217011412611,-0.77345514972928,0.439253062153788,0.979405283061243,-0.0892925323274655,0.998086042062166
STAU2,ENSG00000040341.18,protein_coding,5.29734197350569,-0.565513535900721,0.731672285459194,-0.772905503104859,0.439578307661142,0.979405283061243,-0.278868396914695,0.998086042062166
PLIN2,ENSG00000147872.10,protein_coding,4.23950588814011,0.665641014085928,0.861321801247658,0.772813381853009,0.439632832614272,0.979405283061243,1.07625151590656,0.922405531070794
DYNLL2,ENSG00000264364.3,protein_coding,14.0912280075496,-0.32211819962394,0.417120572906616,-0.772242417532484,0.43997086296474,0.979405283061243,-0.0047469142225974,0.998086042062166
HSPA8,ENSG00000109971.14,protein_coding,178.444176333034,-0.134159608100636,0.173761886331822,-0.772088810341525,0.440061829110714,0.979405283061243,-0.0401528386326165,0.998086042062166
STARD7,ENSG00000084090.14,protein_coding,15.5530172753267,-0.307970703669173,0.398967897166619,-0.77191850736942,0.440162695106542,0.979405283061243,-0.102850712164242,0.998086042062166
GRAMD1A,ENSG00000089351.15,protein_coding,9.08105471323869,0.382281041700939,0.495720554127303,0.771162378719458,0.440610690452421,0.979405283061243,0.140523633933295,0.998086042062166
YPEL2,ENSG00000175155.11,protein_coding,13.743439930516,0.329228586217078,0.42694509736397,0.771126283566178,0.440632082846795,0.979405283061243,0.207997841655988,0.995521320397187
SLC6A6,ENSG00000131389.18,protein_coding,6.13943941442503,-0.470463005241384,0.610362669153958,-0.770792561565907,0.440829896954896,0.979405283061243,-0.163717569660313,0.998086042062166
BRAF,ENSG00000157764.14,protein_coding,11.1428787213962,0.363675153266727,0.472058486588502,0.770402743725579,0.441061026378179,0.979405283061243,0.282385162607402,0.994480669180938
LYST,ENSG00000143669.14,protein_coding,29.1503490739784,-0.224401680111452,0.29138073414231,-0.770132180399596,0.441221488649068,0.979405283061243,-0.107474348881009,0.998086042062166
LZIC,ENSG00000162441.12,protein_coding,12.6659165539968,0.397390143559125,0.516195276558503,0.769844594876075,0.441392082889958,0.979405283061243,0.133898512555989,0.998086042062166
RBM12,ENSG00000244462.8,protein_coding,9.08292034983432,-0.443407274450012,0.576079242258531,-0.769698405920033,0.441478815901734,0.979405283061243,-0.336121926935487,0.992587378328484
THYN1,ENSG00000151500.15,protein_coding,6.6315120528974,-0.553411075307951,0.719150591900979,-0.769534338899843,0.441576167482592,0.979405283061243,-0.451532789521629,0.992587378328484
PRPF31,ENSG00000105618.14,protein_coding,11.0942633161418,-0.399760060259547,0.519901778764226,-0.76891458461587,0.441944018711754,0.979405283061243,-0.0371727998709926,0.998086042062166
SH3TC1,ENSG00000125089.18,protein_coding,4.08492904291895,0.605277118519835,0.787678294435475,0.76843188747969,0.442230642003482,0.979405283061243,0.434005912854914,0.995521320397187
KDM4C,ENSG00000107077.19,protein_coding,9.91121767080454,-0.382364479299476,0.49775441083482,-0.768178987421096,0.44238085532226,0.979405283061243,0.391006986124295,0.992587378328484
UTP11,ENSG00000183520.12,protein_coding,6.2362219559512,0.430817503415364,0.560847563114987,0.768154364481097,0.442395482000749,0.979405283061243,0.404867251669902,0.992587378328484
NDUFB9,ENSG00000147684.10,protein_coding,5.46573204662501,0.551640618425198,0.71828642424714,0.767995328609184,0.442489960184519,0.979405283061243,0.319478114202825,0.995521320397187
DNAJB1,ENSG00000132002.9,protein_coding,13.2585050346774,0.344604307255969,0.448934703713465,0.767604518887706,0.442722176905779,0.979405283061243,0.620965938202507,0.922405531070794
CTSB,ENSG00000164733.22,protein_coding,30.7460008897068,-0.274870589546529,0.358192780725411,-0.767381712690751,0.442854598155467,0.979405283061243,-0.285230404318378,0.992587378328484
MAPK14,ENSG00000112062.11,protein_coding,14.5350708114449,0.361868341607439,0.471760348887876,0.767059678628152,0.443046033891853,0.979405283061243,-0.144844480678686,0.998086042062166
RNF115,ENSG00000265491.5,protein_coding,8.14602169781196,-0.37436653718461,0.488128387955794,-0.766942768381899,0.443115543829012,0.979405283061243,0.102351679731096,0.998086042062166
CXXC1,ENSG00000154832.16,protein_coding,7.84405317028055,-0.52026230744921,0.67917227966917,-0.766024060497041,0.443661985970182,0.979405283061243,-0.815886291725308,0.953507896005218
MPHOSPH9,ENSG00000051825.15,protein_coding,6.06748312587628,0.472086442393354,0.616301889491064,0.765998693892044,0.443677079338716,0.979405283061243,0.289482486270842,0.997878976321691
PHF2,ENSG00000197724.11,protein_coding,9.61986157042754,-0.423543347173788,0.55294445410569,-0.765978108703178,0.443689327935252,0.979405283061243,0.0975512279470479,0.998086042062166
PARP12,ENSG00000059378.13,protein_coding,6.37240393065413,-0.58657526094203,0.765950935045368,-0.76581310121031,0.443787517651979,0.979405283061243,-0.271912533448153,0.998086042062166
ZSWIM6,ENSG00000130449.6,protein_coding,3.78394326536817,0.627669164021156,0.819677920789187,0.765750971328879,0.443824492009759,0.979405283061243,0.312069438560111,0.998086042062166
DHDDS,ENSG00000117682.17,protein_coding,4.03571557057882,-0.645916543951062,0.843721594379741,-0.765556491920661,0.443940240785417,0.979405283061243,-0.685934136124765,0.992587378328484
IRAK3,ENSG00000090376.11,protein_coding,16.2175974225571,0.259954139820472,0.339642379959352,0.765376040091296,0.444047656148083,0.979405283061243,-0.0056732455100003,0.998086042062166
TPD52,ENSG00000076554.16,protein_coding,2.28251278079931,-0.735576399492081,0.961624898703412,-0.764930692293721,0.444312816395781,0.979405283061243,0.0466703769767887,0.998086042062166
GNL2,ENSG00000134697.13,protein_coding,8.0911193601972,0.402831932600107,0.526704838134125,0.764815326221716,0.444381520132831,0.979405283061243,0.60859270176905,0.953507896005218
TLNRD1,ENSG00000140406.4,protein_coding,5.62780919467301,-0.565979421136914,0.740270318379322,-0.7645577663792,0.444534926129577,0.979405283061243,-0.902836114840909,0.95182832588077
KIAA2026,ENSG00000183354.12,protein_coding,13.1554338366863,-0.42796161172216,0.559752419949048,-0.764555179164952,0.444536467261351,0.979405283061243,-0.566768625375051,0.966185594498534
NCOA2,ENSG00000140396.13,protein_coding,25.5132721678447,-0.277490295759214,0.363033386758857,-0.76436577427942,0.444649298778986,0.979405283061243,-0.165389993664736,0.995521320397187
HEATR5B,ENSG00000008869.12,protein_coding,6.78497320734548,0.542427176488145,0.709790593073438,0.764207333517061,0.444743697022212,0.979405283061243,0.0805629509610483,0.998086042062166
CD82,ENSG00000085117.12,protein_coding,2.23581680971966,0.918051194175424,1.20268684624485,0.763333528625393,0.44526451109555,0.979405283061243,0.502499429807973,0.998086042062166
LYZ,ENSG00000090382.7,protein_coding,105.009584710482,-0.158190685524695,0.207318440886742,-0.763032390404259,0.445444079083057,0.979405283061243,-0.233349814017953,0.953507896005218
SIGLEC10,ENSG00000142512.15,protein_coding,4.96790150911927,0.550920894943481,0.722034798278458,0.763011556031701,0.445456504094975,0.979405283061243,0.268323039491938,0.998086042062166
TPGS2,ENSG00000134779.15,protein_coding,8.18170777342187,-0.412120992253516,0.540223760280924,-0.762870911192813,0.445540385740511,0.979405283061243,-0.497915045213908,0.983262496850266
NSRP1,ENSG00000126653.18,protein_coding,15.5456310895923,0.259743858064798,0.341004019227168,0.761703215854953,0.446237155571745,0.979405283061243,-0.0402625392335131,0.998086042062166
ARF1,ENSG00000143761.16,protein_coding,44.4440675626324,-0.235049429222475,0.309251311259982,-0.760059604160817,0.447218957604294,0.979405283061243,-0.350976217023629,0.953507896005218
BLNK,ENSG00000095585.17,protein_coding,5.15606237831054,-0.58840365816261,0.774225184935535,-0.759990335643244,0.447260361715522,0.979405283061243,0.0937920438153823,0.998086042062166
NIBAN1,ENSG00000135842.17,protein_coding,11.90385239154,-0.404442150074652,0.532289851765509,-0.759815631902788,0.447364797669413,0.979405283061243,-0.187858767340941,0.998086042062166
COPB2,ENSG00000184432.11,protein_coding,11.3269777024146,-0.323396334951522,0.425673124570115,-0.759729276491482,0.447416425094534,0.979405283061243,0.195711249507914,0.995521320397187
PREP,ENSG00000085377.15,protein_coding,4.98608737470036,0.570706920094629,0.751563810012294,0.759359235359262,0.447637691863779,0.979405283061243,0.192309674698583,0.998086042062166
AC009245.3,ENSG00000230383.1,processed_pseudogene,8.10958062064224,0.391489698349932,0.515576964152176,0.759323487219226,0.447659070823262,0.979405283061243,0.22245829444409,0.998086042062166
FOXO3,ENSG00000118689.15,protein_coding,61.9373176235038,-0.237174939260493,0.312522118203636,-0.758906091587261,0.447908734705514,0.979405283061243,-0.0222745865543059,0.998086042062166
SMAD2,ENSG00000175387.16,protein_coding,22.6078531482815,-0.253345515231523,0.334023774322681,-0.75846551864533,0.448172347829553,0.979405283061243,-0.0145611200479851,0.998086042062166
EMC3,ENSG00000125037.12,protein_coding,15.5965806574691,-0.346287054785992,0.456775565793262,-0.758112037329777,0.448383914111264,0.979405283061243,-0.190943914059516,0.998086042062166
EHD4,ENSG00000103966.11,protein_coding,5.76799458929464,0.448797189085092,0.592096875197126,0.757979323798448,0.448463360697578,0.979405283061243,0.33725669788442,0.995521320397187
ARPP19,ENSG00000128989.11,protein_coding,15.6139018483453,-0.278177060317154,0.367168997603389,-0.757626766238137,0.448674451802721,0.979405283061243,0.0394563000218411,0.998086042062166
WDFY2,ENSG00000139668.9,protein_coding,3.25812054349799,-0.576979812459589,0.761775456296805,-0.757414547410654,0.448801543369029,0.979405283061243,0.270798549556139,0.998086042062166
TRIM11,ENSG00000154370.16,protein_coding,3.00048680789498,-0.836851633029663,1.10491291745638,-0.757391482901821,0.448815357250711,0.979405283061243,0.120748060782581,0.998086042062166
DDX50,ENSG00000107625.14,protein_coding,6.39928369805799,-0.458610364392822,0.605631690060328,-0.757243010759789,0.448904286516355,0.979405283061243,-0.252026347715592,0.997878976321691
PIKFYVE,ENSG00000115020.17,protein_coding,14.4388967125219,0.331047973534268,0.437464915950376,0.756741767085661,0.449204586602781,0.979405283061243,0.268293205187816,0.992587378328484
ITPK1,ENSG00000100605.17,protein_coding,16.9682529164331,-0.329125850089104,0.435183960013346,-0.756291316617025,0.449474553170525,0.979405283061243,-0.443436315184262,0.967795964188399
GCC2,ENSG00000135968.21,protein_coding,15.6551837515634,-0.359770780250061,0.475868205067967,-0.756030296663075,0.449631031247933,0.979405283061243,-0.0968630690060038,0.998086042062166
STAMBP,ENSG00000124356.17,protein_coding,6.6227381554481,-0.448323470194274,0.593158391681317,-0.755824205611411,0.449754601978788,0.979405283061243,0.0373139535885964,0.998086042062166
DCUN1D4,ENSG00000109184.15,protein_coding,3.24820647119074,0.493336410613129,0.652751315437856,0.755780032832574,0.449781090168477,0.979405283061243,0.319776534114877,0.995521320397187
EIF1B,ENSG00000114784.4,protein_coding,24.931291340923,-0.248735500103214,0.329388535972461,-0.755143160550098,0.450163088662047,0.979405283061243,-0.0685784426900916,0.998086042062166
ITGAX,ENSG00000140678.17,protein_coding,8.086226107332,0.523220587275611,0.692878278513595,0.755140698591469,0.450164565711085,0.979405283061243,-0.0367660315764937,0.998086042062166
SMAD5,ENSG00000113658.18,protein_coding,3.77246734176846,-0.542609207476065,0.718559444696905,-0.755134751175587,0.450168133867227,0.979405283061243,-0.30701434998466,0.997007468931721
YPEL3,ENSG00000090238.12,protein_coding,20.4702109665284,-0.307422585733663,0.40724466216631,-0.754884260725112,0.450318430330766,0.979405283061243,-0.0052074930201602,0.998086042062166
WASF2,ENSG00000158195.11,protein_coding,49.0776933465698,-0.206437076890524,0.27347627318501,-0.75486284234562,0.450331282865097,0.979405283061243,-0.190249913555315,0.992587378328484
ZNF672,ENSG00000171161.13,protein_coding,5.65714007546924,-0.499225882313688,0.661485570933627,-0.754704114874457,0.450426536989214,0.979405283061243,-0.494266241280057,0.992587378328484
NDEL1,ENSG00000166579.16,protein_coding,8.88379808866658,0.395699901675243,0.524342667593779,0.754658978051736,0.450453626183424,0.979405283061243,0.163806382713714,0.998086042062166
MAPK9,ENSG00000050748.18,protein_coding,12.5287904431118,0.324776718489905,0.430423113612841,0.754552225980216,0.450517697891646,0.979405283061243,0.0638396668614315,0.998086042062166
RPA2,ENSG00000117748.10,protein_coding,11.0378928772839,-0.34956483569449,0.46328293070394,-0.754538560622857,0.450525900098467,0.979405283061243,-0.547043320638996,0.953507896005218
H3-3B,ENSG00000132475.10,protein_coding,61.8570407607453,0.186462091594469,0.247211937135866,0.754260064278332,0.450693077313619,0.979405283061243,-0.0886521982538864,0.998086042062166
RASA3,ENSG00000185989.11,protein_coding,34.0892333842157,-0.227214777282217,0.301466702887594,-0.753697755360189,0.451030730036004,0.979405283061243,0.0647034943911258,0.998086042062166
UBAP2,ENSG00000137073.24,protein_coding,45.1752632191363,0.209660218757052,0.278300864349042,0.753358130049133,0.45123473604488,0.979405283061243,0.149116222612673,0.995521320397187
PHYKPL,ENSG00000175309.15,protein_coding,4.33358355740298,0.55738787452235,0.740121404513613,0.753103303219084,0.451387839612749,0.979405283061243,-0.0687336439660127,0.998086042062166
TNRC6C,ENSG00000078687.17,protein_coding,24.2816585777345,0.219863364891362,0.291966287457154,0.753043670919117,0.451423671785924,0.979405283061243,0.0951229002599279,0.998086042062166
A2M,ENSG00000175899.15,protein_coding,10.9875218340218,-0.344676099392284,0.458077290859256,-0.752440922678669,0.451785944671699,0.979405283061243,-0.603764623568036,0.95182832588077
SLC15A3,ENSG00000110446.12,protein_coding,8.19982306377027,-0.445365953888417,0.592187960781875,-0.752068571776423,0.452009822778517,0.979405283061243,-1.03402001121526,0.870378725940802
RAP1A,ENSG00000116473.14,protein_coding,23.8040644173113,-0.24632872961984,0.327669835193968,-0.751758945018612,0.452196035383895,0.979405283061243,-0.174696084507003,0.995521320397187
PPP2R5B,ENSG00000068971.14,protein_coding,2.53743299096227,1.35005381650061,1.79797247061537,0.750875688346078,0.452727472894318,0.979405283061243,1.01425172003816,0.992587378328484
ITM2B,ENSG00000136156.15,protein_coding,32.7247425431565,-0.255871669641103,0.340781177183594,-0.750838622472548,0.452749782383432,0.979405283061243,-0.342886581002823,0.979511700603372
PRKD2,ENSG00000105287.13,protein_coding,18.6092162954382,0.253124625028379,0.337456852986575,0.750094783342416,0.453197621158119,0.979405283061243,-0.0606215585029044,0.998086042062166
NTAN1,ENSG00000157045.9,protein_coding,7.87288813808616,0.402062964567732,0.536069125150243,0.750020744908684,0.45324221071387,0.979405283061243,0.224319253951694,0.998086042062166
ABHD14B,ENSG00000114779.20,protein_coding,8.91587811090805,0.414782991140442,0.55315053673481,0.749855534062867,0.453341717669934,0.979405283061243,0.183477687744542,0.998086042062166
RAC1,ENSG00000136238.18,protein_coding,32.6104285963369,-0.200479363209323,0.267733338644255,-0.748802387571558,0.45397632047658,0.979405283061243,-0.14687288634114,0.995521320397187
TGFBI,ENSG00000120708.17,protein_coding,10.6736312822106,0.308860849929514,0.412501063979493,0.748751644298471,0.454006909896552,0.979405283061243,0.0518673721215985,0.998086042062166
TNPO3,ENSG00000064419.14,protein_coding,10.6999147028484,0.347353925185661,0.464113789201817,0.748424057348179,0.454204416155972,0.979405283061243,0.106154677450569,0.998086042062166
SNHG29,ENSG00000175061.18,lncRNA,22.4155698457126,-0.29584364636582,0.395567374376583,-0.747896984254759,0.454522296741781,0.979405283061243,-0.276583520958866,0.992587378328484
DHX40,ENSG00000108406.10,protein_coding,5.18899152457232,0.500476961970951,0.669285626879633,0.747777842330623,0.454594169238554,0.979405283061243,0.140176053070676,0.998086042062166
MBD5,ENSG00000204406.14,protein_coding,8.82364815062114,0.409788874036926,0.548147761739661,0.74758833774378,0.45470850128174,0.979405283061243,0.0789686445352437,0.998086042062166
TCF7,ENSG00000081059.20,protein_coding,57.6181565287054,0.191476631714192,0.256175676864518,0.747442669256444,0.454796397109534,0.979405283061243,0.0311888422653889,0.998086042062166
MCMBP,ENSG00000197771.13,protein_coding,7.06025517981118,-0.43372117661678,0.58043924868003,-0.747229236484439,0.454925198940759,0.979405283061243,-0.700976022906962,0.953507896005218
TRIM14,ENSG00000106785.15,protein_coding,19.3146964691362,-0.315372825423545,0.42229895213888,-0.746799924144327,0.45518434140667,0.979405283061243,-0.866866948010712,0.793227009754725
PPM1M,ENSG00000164088.18,protein_coding,8.00470484613995,-0.493498630613342,0.661283338784292,-0.7462741032015,0.455501851823838,0.979405283061243,0.0845949176649244,0.998086042062166
HNRNPA2B1,ENSG00000122566.22,protein_coding,100.74534321684,-0.126495773375145,0.16953603537187,-0.746129122918808,0.455589418277457,0.979405283061243,0.0825291330533779,0.995521320397187
RAP1B,ENSG00000127314.18,protein_coding,91.7554572603085,0.202894593811633,0.272032252587311,0.745847567271501,0.45575950177012,0.979405283061243,0.0831725489536537,0.998086042062166
LYL1,ENSG00000104903.5,protein_coding,21.3810625036647,-0.315940323117555,0.423635538403574,-0.745783331370506,0.455798310707501,0.979405283061243,-0.111472439331698,0.998086042062166
AIP,ENSG00000110711.11,protein_coding,9.63153083482493,-0.422323399351267,0.566349487782484,-0.7456939724707,0.455852301116599,0.979405283061243,-0.370328842509891,0.992587378328484
ENDOD1,ENSG00000149218.5,protein_coding,4.94027023711241,0.540460185375391,0.725465699494614,0.744983788691726,0.456281520166622,0.979405283061243,0.408210988582038,0.995521320397187
UBTF,ENSG00000108312.15,protein_coding,29.8384895458753,-0.272953790700668,0.366639681106406,-0.74447422023982,0.456589631808914,0.979405283061243,0.175054352847289,0.995521320397187
ITGB5,ENSG00000082781.12,protein_coding,1.45210496564321,-0.901278538004474,1.21215730826487,-0.743532651958022,0.457159260622432,0.979405283061243,-0.33060074943225,0.998086042062166
HEBP1,ENSG00000013583.10,protein_coding,4.64066437987816,-0.521686990319024,0.701850932714068,-0.743301698412869,0.457299043547665,0.979405283061243,-0.406260273273474,0.992587378328484
GBA2,ENSG00000070610.14,protein_coding,3.49114779676764,0.531126504433934,0.714560401048967,0.743291265027066,0.457305358843843,0.979405283061243,0.227840140537759,0.998086042062166
CDC123,ENSG00000151465.14,protein_coding,9.11469332729246,0.333989015733002,0.449411390756696,0.743169894226865,0.457378827812653,0.979405283061243,0.0503197933642452,0.998086042062166
PRDM4,ENSG00000110851.12,protein_coding,8.71810518462061,-0.403128848775935,0.542726018757907,-0.742785189658942,0.457611743496075,0.979405283061243,-0.0525694012290661,0.998086042062166
CSF2RB,ENSG00000100368.14,protein_coding,4.84653067809851,0.603148612517131,0.812226583063859,0.742586644039585,0.457731977076608,0.979405283061243,-0.189960213350871,0.998086042062166
STARD3,ENSG00000131748.16,protein_coding,4.92814877186188,-0.450079953301756,0.606374645172152,-0.742247316712883,0.457937505094725,0.979405283061243,-0.500886188841517,0.992587378328484
YME1L1,ENSG00000136758.19,protein_coding,16.6877149144939,0.283268968074717,0.381665767890377,0.74219118376914,0.457971509388775,0.979405283061243,0.0970749241119263,0.998086042062166
FAXDC2,ENSG00000170271.11,protein_coding,10.3314420314953,-0.374292408911649,0.504354752108344,-0.742121309151944,0.45801384011257,0.979405283061243,-0.431865687488503,0.983262496850266
RIPOR1,ENSG00000039523.20,protein_coding,20.9414713528834,-0.290106579929423,0.391015098153435,-0.741931913369709,0.458128588960858,0.979405283061243,-0.177067605275694,0.997852416960843
MPC1,ENSG00000060762.19,protein_coding,3.72087736134613,0.584473056150458,0.788159729411568,0.741566759046189,0.458349869803151,0.979405283061243,0.661174291469958,0.985251240201525
CCDC97,ENSG00000142039.4,protein_coding,8.91711963482398,0.352334757203611,0.47514796213523,0.741526398682805,0.4583743315656,0.979405283061243,0.669615198536397,0.91628069731862
ELK3,ENSG00000111145.8,protein_coding,10.6955916993319,0.354902281822748,0.478732196011275,0.741337818470828,0.458488636678831,0.979405283061243,0.321201506919485,0.992587378328484
MICALL1,ENSG00000100139.14,protein_coding,5.6247232845732,0.478318319488117,0.645402905435662,0.741115844784183,0.458623203230511,0.979405283061243,0.348089184793348,0.995521320397187
HHEX,ENSG00000152804.11,protein_coding,6.06693888267663,0.40757468332065,0.550064946076035,0.740957383720124,0.458719280227846,0.979405283061243,0.169730147771233,0.998086042062166
SACS,ENSG00000151835.17,protein_coding,5.59424482350166,-0.454279910533682,0.613254727912085,-0.740768704842023,0.458833693390885,0.979405283061243,0.391482241284902,0.992587378328484
CCDC88B,ENSG00000168071.22,protein_coding,10.8861729741122,-0.481309039915835,0.649956177128335,-0.74052537209874,0.458981271774511,0.979405283061243,-0.198240006135582,0.998086042062166
NBAS,ENSG00000151779.13,protein_coding,10.7410805465686,0.385694150423336,0.521485348276349,0.739606878118743,0.459538566955325,0.979405283061243,-0.0165695193142002,0.998086042062166
CRBN,ENSG00000113851.15,protein_coding,10.6517398071402,0.403434254859328,0.546506646816078,0.738205577571137,0.460389534040832,0.979405283061243,0.0612568533928375,0.998086042062166
ERCC6,ENSG00000225830.16,protein_coding,5.82032324196509,0.421329236999468,0.570809132817627,0.738126306633714,0.460437699191322,0.979405283061243,0.551473152291817,0.983262496850266
IL16,ENSG00000172349.18,protein_coding,41.2490677530747,0.209228693842505,0.283463847731556,0.738114209331722,0.460445049779554,0.979405283061243,0.0406159783617987,0.998086042062166
GRINA,ENSG00000178719.17,protein_coding,10.2398911789119,-0.423036425245958,0.573239538908215,-0.737974959040104,0.460529666062328,0.979405283061243,-0.266473970133498,0.995521320397187
DNAJC2,ENSG00000105821.15,protein_coding,11.4369678277571,0.292466070507532,0.3963832388209,0.737836623408991,0.460613735156509,0.979405283061243,0.190055145613516,0.995521320397187
NACA3P,ENSG00000121089.4,processed_pseudogene,3.36897657165051,0.591514704632803,0.801818568353052,0.737716396176486,0.460686806415404,0.979405283061243,0.611331682529699,0.992587378328484
BCAT1,ENSG00000060982.15,protein_coding,2.04657546795328,0.814277000760961,1.1046164652204,0.737158123565076,0.461026196174672,0.979405283061243,0.952500627298489,0.983262496850266
RASSF5,ENSG00000266094.8,protein_coding,39.1634507707042,0.207561851746162,0.281842045759538,0.736447435253326,0.461458445871617,0.979405283061243,0.0066466907617218,0.998086042062166
MSANTD3,ENSG00000066697.15,protein_coding,4.55981285238731,-0.594666813058438,0.807744014797739,-0.736207018763666,0.461604721476446,0.979405283061243,-0.332538291462259,0.998086042062166
HDGFL2,ENSG00000167674.15,protein_coding,7.3565138122138,-0.447763851631427,0.608366177213813,-0.73601042990603,0.4617243504601,0.979405283061243,-0.1184573822633,0.998086042062166
KDM7A-DT,ENSG00000260231.2,lncRNA,3.50476690293357,-0.779924152526118,1.06000877672449,-0.735771410248266,0.46186982291012,0.979405283061243,0.0275987867699386,0.998086042062166
DTX1,ENSG00000135144.7,protein_coding,8.01577605260079,-0.43587759648411,0.592566233658255,-0.735576163010817,0.461988673520118,0.979405283061243,-0.488377467189293,0.992587378328484
TYK2,ENSG00000105397.14,protein_coding,9.58099029347887,-0.337723217860555,0.459323632629905,-0.735262011072423,0.462179939452878,0.979405283061243,-0.203342669219226,0.997878976321691
CTD-2336O2.1,ENSG00000253982.2,lncRNA,1.89679053799251,0.710575647983871,0.96744562377322,0.734486394400641,0.462652349337031,0.979405283061243,0.69385012849392,0.992587378328484
NDUFB7,ENSG00000099795.7,protein_coding,11.1097176738685,-0.451469284403573,0.614746730590106,-0.734398837664739,0.462705694999045,0.979405283061243,-0.439361888780307,0.992587378328484
SHPRH,ENSG00000146414.16,protein_coding,6.69919005193349,0.544618975999616,0.742792271743549,0.733204957452287,0.46343343218292,0.979405283061243,0.0252540501287038,0.998086042062166
GSDMD,ENSG00000104518.11,protein_coding,5.07039574551761,0.520211530555947,0.709966848617786,0.73272650908804,0.463725252293634,0.979405283061243,0.849704638918356,0.922405531070794
H2AC6,ENSG00000180573.10,protein_coding,52.9817118816559,0.232505820961055,0.317355896478388,0.732634318571386,0.463781493833186,0.979405283061243,0.0705127362979872,0.998086042062166
SHTN1,ENSG00000187164.20,protein_coding,4.99373293057839,-0.558333088702712,0.762147762757952,-0.732578531336621,0.463815529113262,0.979405283061243,-0.224056977356694,0.998086042062166
TMEM127,ENSG00000135956.9,protein_coding,5.27257299269421,0.556691012990656,0.76069036790318,0.731823402109268,0.464276363350028,0.979405283061243,-0.252292653641343,0.998086042062166
CYBA,ENSG00000051523.11,protein_coding,16.7790138380324,-0.322171947879812,0.441126192429983,-0.730339647494289,0.465182599173487,0.979405283061243,-0.310439916562445,0.992587378328484
ACAP2,ENSG00000114331.15,protein_coding,29.3349268113703,0.21132176526353,0.289385579529855,0.730242901553182,0.465241723020926,0.979405283061243,0.211557049914016,0.992587378328484
AP3D1,ENSG00000065000.19,protein_coding,36.0262985080528,0.217615118970861,0.29820793285539,0.729742890764713,0.465547358608928,0.979405283061243,0.329225467378269,0.953507896005218
OSBPL5,ENSG00000021762.20,protein_coding,5.99058348203307,0.413336719933271,0.566489207979239,0.72964623881841,0.465606450748377,0.979405283061243,0.287513845151332,0.995521320397187
KARS1,ENSG00000065427.15,protein_coding,16.1113975271744,0.277107281777856,0.380117271436927,0.729004711441628,0.46599878049413,0.979405283061243,0.354884315745209,0.983262496850266
ECE1,ENSG00000117298.16,protein_coding,6.16379350136628,0.535992654484962,0.735296548301809,0.728947600424419,0.466033715961607,0.979405283061243,0.177113244232402,0.998086042062166
GUCD1,ENSG00000138867.17,protein_coding,19.5287783347231,-0.230901912495463,0.317021100929224,-0.728348718172587,0.466400146719152,0.979405283061243,0.0816895352368775,0.998086042062166
PLEKHA1,ENSG00000107679.14,protein_coding,5.30763220363216,-0.489885466929348,0.67316959795612,-0.727729636657301,0.466779104601527,0.979405283061243,-0.359548611922104,0.995521320397187
TXLNA,ENSG00000084652.16,protein_coding,9.47422019959646,0.333282882508498,0.458691760447804,0.726594439331385,0.467474435661574,0.979405283061243,0.156462105382944,0.998086042062166
DBN1,ENSG00000113758.13,protein_coding,9.49571887886771,0.395321932818538,0.544149571696619,0.726494981124313,0.467535383144985,0.979405283061243,0.572815159632597,0.982003512507167
DCAF13,ENSG00000164934.14,protein_coding,5.35078466473752,-0.499696449791445,0.687857358642848,-0.726453593194602,0.467560746755447,0.979405283061243,-0.0484977216779766,0.998086042062166
UBE2J1,ENSG00000198833.7,protein_coding,22.7051406730867,-0.232560276064445,0.320143542567912,-0.726425009853549,0.467578263822843,0.979405283061243,-0.264525696511569,0.992587378328484
FTSJ3,ENSG00000108592.17,protein_coding,6.35797014485049,-0.470810681328138,0.648384775571022,-0.726128525941255,0.467759983021678,0.979405283061243,-0.590923094740069,0.983262496850266
TAB2,ENSG00000055208.19,protein_coding,23.884294966249,-0.263800049334435,0.363499094622894,-0.725724089101543,0.468007931189192,0.979405283061243,-0.192422819303874,0.995521320397187
ATF6B,ENSG00000213676.13,protein_coding,5.22496098249897,0.419489078423469,0.57859017063999,0.725019365537207,0.468440150094325,0.979405283061243,0.399998819452528,0.992587378328484
COX7A2,ENSG00000112695.12,protein_coding,4.5150571832328,-0.537460977682173,0.74149928162996,-0.724830071987027,0.46855628467634,0.979405283061243,-0.300896438611821,0.998086042062166
AC005795.1,ENSG00000268034.1,processed_pseudogene,6.80952499849159,0.384943392807964,0.531082120834936,0.724828379089055,0.468557323367874,0.979405283061243,0.38776577901836,0.992587378328484
MCFD2,ENSG00000180398.13,protein_coding,4.24546423041481,-0.595996493364215,0.822435738939564,-0.724672415297375,0.468653021707972,0.979405283061243,-0.80212833793291,0.98063303315043
QRICH1,ENSG00000198218.11,protein_coding,13.9731494173947,-0.386719309525928,0.534277279328706,-0.723817621463937,0.469177709560384,0.979405283061243,-0.293478728104727,0.995521320397187
TMEM170B,ENSG00000205269.6,protein_coding,4.66384171780262,0.492605658042496,0.680700432222275,0.723674666158639,0.469265489802077,0.979405283061243,-0.0444690983020306,0.998086042062166
RERE,ENSG00000142599.19,protein_coding,36.2377481465253,-0.199489563961133,0.275709272699725,-0.723550434150239,0.469341780570356,0.979405283061243,-0.183681999317298,0.992587378328484
ARGLU1,ENSG00000134884.15,protein_coding,10.7155430427707,0.326784533745633,0.452206014985374,0.722645261045903,0.469897853571907,0.979405283061243,0.819943269268043,0.784543500352545
DUSP23,ENSG00000158716.9,protein_coding,3.33744830519769,0.704272664649837,0.974930320351096,0.722382564116184,0.470059303730299,0.979405283061243,0.266766671610602,0.998086042062166
TNFRSF13B,ENSG00000240505.9,protein_coding,9.75461765856225,-0.513050854372767,0.710462121563515,-0.722136816025737,0.470210365089241,0.979405283061243,-1.09381139306394,0.91628069731862
OBI1,ENSG00000152193.8,protein_coding,4.88568927388813,-0.487969331490167,0.676194524568933,-0.721640465517289,0.470515553517986,0.979405283061243,-0.618806877788863,0.983262496850266
EBNA1BP2,ENSG00000117395.13,protein_coding,4.51914035297849,0.586065421450068,0.812231571871284,0.721549668525988,0.470571393217454,0.979405283061243,0.222253529723921,0.998086042062166
SKIL,ENSG00000136603.14,protein_coding,9.76894977002439,-0.328271569909836,0.45554717104919,-0.720609391896298,0.471149873755576,0.979405283061243,-0.119957883952367,0.998086042062166
KLHL6,ENSG00000172578.12,protein_coding,10.6820571098945,0.409374938143616,0.568328948749902,0.72031336613079,0.471332077009264,0.979405283061243,-0.0366112797822731,0.998086042062166
LPIN1,ENSG00000134324.12,protein_coding,6.41105770857103,-0.44528637711945,0.61834928678989,-0.720121113798188,0.471450428739053,0.979405283061243,-0.516119865679705,0.992587378328484
APRT,ENSG00000198931.11,protein_coding,9.42000540683615,0.364995978777524,0.507079395790863,0.71980045296114,0.471647865998983,0.979405283061243,0.426209578668439,0.985998901411467
PIK3CB,ENSG00000051382.9,protein_coding,6.53372777963743,-0.425357291892558,0.590961478398427,-0.719771605156608,0.471665630401107,0.979405283061243,-0.683880206459924,0.953507896005218
WASHC2A,ENSG00000099290.17,protein_coding,10.2317689282044,-0.355329898908666,0.49368811297857,-0.719745704965131,0.47168157998512,0.979405283061243,-0.0733420131032693,0.998086042062166
LRRC8D,ENSG00000171492.14,protein_coding,2.53428236101842,-0.768722896162988,1.06813114273059,-0.719689619944803,0.471716118692564,0.979405283061243,-0.312644520964193,0.998086042062166
TANK,ENSG00000136560.14,protein_coding,15.5241012944111,-0.303582269846097,0.422022601130795,-0.719350738639728,0.471924840836873,0.979405283061243,-0.215397458350957,0.995521320397187
JADE1,ENSG00000077684.16,protein_coding,11.7385131776692,0.325437992258199,0.452432117727098,0.719307890635872,0.471951235197517,0.979405283061243,0.0751244296320915,0.998086042062166
PCNT,ENSG00000160299.17,protein_coding,16.0013842685785,-0.318338080323576,0.442602858308589,-0.719240904905378,0.471992500022289,0.979405283061243,-0.0836614880044511,0.998086042062166
PNISR,ENSG00000132424.17,protein_coding,16.3464416575572,0.268081457111388,0.372927954265142,0.718855891722155,0.472229715975362,0.979405283061243,0.0367615952653123,0.998086042062166
MTATP6P1,ENSG00000248527.1,unprocessed_pseudogene,37.3655563880741,0.429129421969056,0.597150231253531,0.718628913645789,0.472369593436052,0.979405283061243,0.102769401152304,0.998086042062166
EIF5,ENSG00000100664.11,protein_coding,28.3956105893796,-0.219554001391517,0.305739521567926,-0.718108016476172,0.472690687677525,0.979405283061243,-0.454834396224795,0.91628069731862
CYTH2,ENSG00000105443.15,protein_coding,3.88160131166367,0.5814233163606,0.809678010139934,0.718092018159311,0.47270055134792,0.979405283061243,0.266292175244992,0.998086042062166
NSMCE1,ENSG00000169189.17,protein_coding,7.39371995959034,0.347543076102617,0.484947182126375,0.716661708557054,0.47358285831336,0.979405283061243,0.0873213543664138,0.998086042062166
VPS35,ENSG00000069329.18,protein_coding,16.830183189762,-0.28511312991471,0.397890579548485,-0.716561649281189,0.473644615185993,0.979405283061243,0.006733246363846,0.998086042062166
HDLBP,ENSG00000115677.18,protein_coding,46.7473807290456,-0.167192165360173,0.233698972121405,-0.715416776729844,0.474351548928489,0.979405283061243,-0.134501592670349,0.995521320397187
IKZF1,ENSG00000185811.19,protein_coding,80.2007132642017,-0.15364624305216,0.214817724801701,-0.715240063146517,0.474460717315063,0.979405283061243,-0.0134747525932303,0.998086042062166
KDM2B,ENSG00000089094.19,protein_coding,10.1114997189111,-0.338157041882648,0.472821877501514,-0.715189076422474,0.47449221795915,0.979405283061243,-0.255177218463706,0.995521320397187
FDFT1,ENSG00000079459.13,protein_coding,15.0284042879825,0.278277344200115,0.389284848690336,0.714842473670164,0.474706386693747,0.979405283061243,0.0869900676728546,0.998086042062166
KDM3B,ENSG00000120733.14,protein_coding,23.0887720982669,-0.248622418676998,0.347884386366671,-0.714669667338703,0.47481318499523,0.979405283061243,-0.0302759315675959,0.998086042062166
VTI1A,ENSG00000151532.14,protein_coding,5.45194151637524,0.450739597334614,0.630726962883806,0.714635054245572,0.47483457827137,0.979405283061243,-0.166603784316292,0.998086042062166
CPNE3,ENSG00000085719.13,protein_coding,9.42178943067568,0.346008343812878,0.484254678134111,0.714517297274417,0.474907364154675,0.979405283061243,0.12875104454954,0.998086042062166
PRRC1,ENSG00000164244.21,protein_coding,3.8133757692275,0.531932503849316,0.744487743422643,0.71449464218693,0.47492136802435,0.979405283061243,0.753476868011821,0.953507896005218
MED16,ENSG00000175221.15,protein_coding,5.46949762818688,0.508927716645073,0.712382614038583,0.714402213944976,0.474978503370658,0.979405283061243,0.482351260155602,0.992587378328484
UIMC1,ENSG00000087206.17,protein_coding,17.3792226764736,-0.2729603809138,0.382312046618115,-0.713972743805416,0.475244033676743,0.979405283061243,0.111994311530627,0.998086042062166
NUCB1,ENSG00000104805.16,protein_coding,15.0354790384259,-0.351200297265646,0.492282605075094,-0.713411958182176,0.47559087554126,0.979405283061243,-0.259289106510565,0.995521320397187
GABARAP,ENSG00000170296.10,protein_coding,12.0260575409517,-0.371965621583294,0.521923382246394,-0.712682424731248,0.476042294430469,0.979405283061243,-0.222775422994252,0.998086042062166
TLR4,ENSG00000136869.16,protein_coding,6.31212102234544,-0.396368244400829,0.556486110236489,-0.712269789146012,0.47629772800297,0.979405283061243,-0.318246993667373,0.992587378328484
IQGAP1,ENSG00000140575.13,protein_coding,72.0889971339139,-0.153782445604661,0.216133607700416,-0.711515655713384,0.476764752788521,0.979405283061243,-0.158439738874882,0.992587378328484
TPD52L2,ENSG00000101150.18,protein_coding,9.5846341837244,-0.387506464043172,0.544804096187485,-0.711276708003712,0.476912782221047,0.979405283061243,-0.327922531141221,0.992587378328484
SRM,ENSG00000116649.10,protein_coding,7.28575810578229,0.452014229747716,0.635649230690511,0.711106390008038,0.477018310523811,0.979405283061243,-0.214087060970504,0.998086042062166
PNRC2,ENSG00000189266.13,protein_coding,30.9955570023633,-0.208943940466849,0.29393478026336,-0.710851367366733,0.477176345360436,0.979405283061243,-0.127912502993798,0.997852416960843
TAGAP,ENSG00000164691.18,protein_coding,13.0903908215732,-0.362064842059732,0.50944787302266,-0.710700468551426,0.477269869254862,0.979405283061243,-0.373330388066586,0.992587378328484
OS9,ENSG00000135506.16,protein_coding,9.57906952068954,-0.371829451218134,0.523337651507962,-0.710496273575449,0.477396440952329,0.979405283061243,-0.529412339007362,0.983262496850266
BOD1L1,ENSG00000038219.13,protein_coding,40.8788267268892,-0.175537900838094,0.247170078124703,-0.710190740602228,0.477585862018647,0.979405283061243,0.138873170715774,0.995521320397187
AKT2,ENSG00000105221.18,protein_coding,9.26428201515201,-0.399473020052332,0.562526938791187,-0.710140248413274,0.477617169584305,0.979405283061243,-0.286880110671784,0.995521320397187
CHMP2A,ENSG00000130724.9,protein_coding,21.7492994057815,0.288362863061537,0.406093727747307,0.710089428519743,0.477648681475986,0.979405283061243,0.226108130458986,0.995521320397187
MBTD1,ENSG00000011258.16,protein_coding,5.51872272876751,-0.483074830723204,0.681203396583713,-0.709149180914043,0.478231905924509,0.979405283061243,-0.314901453015339,0.995521320397187
MRTFA,ENSG00000196588.20,protein_coding,18.8885606601681,-0.257395177405056,0.363056662752693,-0.708966956985412,0.478344982277642,0.979405283061243,-0.166047644073497,0.995521320397187
GAB1,ENSG00000109458.8,protein_coding,4.74666514204501,0.582567867894566,0.822072984680205,0.708657112873246,0.478537284979352,0.979405283061243,0.151848616386438,0.998086042062166
GSR,ENSG00000104687.14,protein_coding,10.8277179910344,-0.357597021507281,0.504618354854624,-0.708648462877061,0.478542654148312,0.979405283061243,-0.441280161807042,0.983262496850266
RMC1,ENSG00000141452.10,protein_coding,8.51509271295373,-0.403703537748806,0.569790168929489,-0.708512641605025,0.478626964553909,0.979405283061243,0.213393479606096,0.998086042062166
RNF213,ENSG00000173821.19,protein_coding,86.9003379317329,0.151501421687211,0.213954868463154,0.708099903383606,0.478883219620301,0.979405283061243,0.0608859407410299,0.998086042062166
GLCCI1,ENSG00000106415.13,protein_coding,5.53269966160613,-0.467028052192991,0.65956715010438,-0.708082644987824,0.478893936400524,0.979405283061243,-0.263509045903914,0.998086042062166
POLR2L,ENSG00000177700.6,protein_coding,6.39526866936875,-0.421186229705521,0.595020019573414,-0.707852199674696,0.479037046361374,0.979405283061243,-0.150179854212831,0.998086042062166
KIF21B,ENSG00000116852.15,protein_coding,22.616490001833,-0.244878466901548,0.346318934044649,-0.707089456650897,0.479510887600166,0.979405283061243,-0.0723219948714739,0.998086042062166
NBEAL2,ENSG00000160796.18,protein_coding,20.8269381890986,0.210791162802082,0.298201575591332,0.706874745326495,0.479644319502066,0.979405283061243,-0.005565472977589,0.998086042062166
TBC1D10B,ENSG00000169221.14,protein_coding,12.880960297365,-0.427931889633905,0.605835762126758,-0.706349668318804,0.479970712826029,0.979405283061243,-0.0504498029264025,0.998086042062166
APBB1IP,ENSG00000077420.16,protein_coding,38.5065189213337,-0.222216813571971,0.314705950852244,-0.706109347377109,0.480120139212645,0.979405283061243,-0.122464449668347,0.998086042062166
POU2AF1,ENSG00000110777.12,protein_coding,9.56468669191819,-0.414290938377667,0.586885453723012,-0.705914477432589,0.480241323766395,0.979405283061243,-0.406485465065638,0.992587378328484
KIAA0586,ENSG00000100578.18,protein_coding,4.45262840126886,-0.478011305676843,0.677378799107231,-0.705677984470212,0.480388414986091,0.979405283061243,0.169721467041917,0.998086042062166
ARF3,ENSG00000134287.10,protein_coding,9.21611145911918,0.361428211097742,0.512238092661558,0.705586359694147,0.480445409327092,0.979405283061243,-0.400550333169079,0.992587378328484
BCL2,ENSG00000171791.14,protein_coding,11.8769148276779,0.300373630976898,0.425883529022016,0.705295252123663,0.480626514537822,0.979405283061243,0.142495196793559,0.998086042062166
SNRNP40,ENSG00000060688.13,protein_coding,5.1513471302193,-0.565597039074774,0.802204324414211,-0.705053590290462,0.480776886583751,0.979405283061243,-0.188420345770488,0.998086042062166
STX5,ENSG00000162236.13,protein_coding,5.46586280821172,-0.433805162286243,0.615743791404113,-0.704522186568889,0.481107638201532,0.979405283061243,-0.443101297023952,0.992587378328484
FBRS,ENSG00000156860.16,protein_coding,29.3891026007767,0.219909821741875,0.312238828513754,0.704300047462509,0.48124593677535,0.979405283061243,0.194260313884031,0.992587378328484
ZNF746,ENSG00000181220.17,protein_coding,5.74839989994046,-0.49062328666004,0.696639890854536,-0.704271020222824,0.481264010049475,0.979405283061243,-0.443869604581878,0.992587378328484
RAP1GDS1,ENSG00000138698.15,protein_coding,6.75468699807317,-0.476739365896219,0.677084578167204,-0.704106076653971,0.481366716127689,0.979405283061243,-0.510558315314381,0.992587378328484
DNAJC4,ENSG00000110011.13,protein_coding,5.17690913845777,0.455665037919253,0.647308130297384,0.7039383820344,0.481471147442599,0.979405283061243,0.0291211697745296,0.998086042062166
TGFBR2,ENSG00000163513.19,protein_coding,15.2608879954648,-0.236848902536235,0.336599167519731,-0.703652668785497,0.481649102895877,0.979405283061243,-0.188823474232908,0.995521320397187
IGLC2,ENSG00000211677.2,IG_C_gene,3.14245604213626,0.587458631975664,0.835318483177709,0.703275030789286,0.481884368240953,0.979405283061243,0.940580529420486,0.953507896005218
CSTF2T,ENSG00000177613.9,protein_coding,9.55355070202978,-0.374892537736299,0.533319936845045,-0.702941165023845,0.482092415894833,0.979405283061243,-0.85270802233441,0.922405531070794
NDRG1,ENSG00000104419.17,protein_coding,11.8640725508487,-0.319919474418369,0.455179921013975,-0.702841798701721,0.482154345211079,0.979405283061243,-0.225668802122009,0.995521320397187
UBAP1,ENSG00000165006.14,protein_coding,11.6943363882981,0.341013299444908,0.485227805441457,0.702790103165371,0.482186565777491,0.979405283061243,0.285670785473883,0.992587378328484
ANAPC16,ENSG00000166295.9,protein_coding,15.3767591144277,0.250346978994589,0.35632657147902,0.702577351881063,0.482319180783664,0.979405283061243,0.123780245554637,0.998086042062166
EEF1DP1,ENSG00000228887.3,processed_pseudogene,4.49217549364539,-0.5127882410833,0.730149259426603,-0.702306048335926,0.482488322134628,0.979405283061243,-0.466077303291206,0.992587378328484
CCDC50,ENSG00000152492.15,protein_coding,13.7610281655279,0.307850151435282,0.438452158174362,0.70212940156827,0.482598468035192,0.979405283061243,0.173538643292846,0.998086042062166
DPF2,ENSG00000133884.10,protein_coding,7.07326943631356,-0.410001899320898,0.584032386751597,-0.702019115072264,0.482667242739272,0.979405283061243,0.166435468708738,0.998086042062166
PDCD6IP,ENSG00000170248.15,protein_coding,14.6621261323285,-0.249236893564451,0.355126063910027,-0.701826531176818,0.482787350902982,0.979405283061243,-0.250331184282339,0.992587378328484
TLE5,ENSG00000104964.15,protein_coding,99.4764719292117,0.154711428750633,0.220839235305508,0.700561331579536,0.483576817340615,0.979405283061243,0.0456519070285572,0.998086042062166
CAPNS1,ENSG00000126247.11,protein_coding,34.0126761139707,-0.200637304668672,0.286510669727064,-0.700278648818921,0.483753303039328,0.979405283061243,0.104394489067367,0.998086042062166
DNM2,ENSG00000079805.19,protein_coding,30.9768082413484,-0.203648582468063,0.290828562396476,-0.700235839251703,0.483780033136197,0.979405283061243,-0.0152256741929277,0.998086042062166
ALOX12,ENSG00000108839.12,protein_coding,4.44371172311366,0.551595491137762,0.788329977728029,0.699701275762039,0.484113879586363,0.979405283061243,-0.0486454888148485,0.998086042062166
KLRD1,ENSG00000134539.17,protein_coding,5.70729658085859,-0.438779217208301,0.627384907763524,-0.699378024205974,0.484315817767308,0.979405283061243,-0.436420992674201,0.992587378328484
SLC15A4,ENSG00000139370.12,protein_coding,3.03768899675509,0.691490492834657,0.988815909060789,0.699311658012721,0.484357282980232,0.979405283061243,0.703615266076237,0.992587378328484
HEATR1,ENSG00000119285.11,protein_coding,6.59507369758507,-0.451133880069957,0.645276134163526,-0.699133062862713,0.4844688777524,0.979405283061243,-0.252421380998415,0.998086042062166
FDPS,ENSG00000160752.15,protein_coding,7.32062871218469,-0.417839248147018,0.597777515987521,-0.698987895951143,0.484559595232656,0.979405283061243,-0.398430819087769,0.992587378328484
MOB3A,ENSG00000172081.14,protein_coding,54.146339624565,0.141085389195556,0.201902645753672,0.698779298651115,0.484689967650084,0.979405283061243,0.221110900028153,0.953507896005218
EDEM1,ENSG00000134109.11,protein_coding,4.48774399546842,0.508329828135845,0.727459685211809,0.698773881865135,0.484693353371255,0.979405283061243,0.106368918865358,0.998086042062166
SCAF11,ENSG00000139218.18,protein_coding,39.5944363197909,-0.192623984586436,0.275727457838209,-0.698602838094796,0.484800269579289,0.979405283061243,-0.0606913361216814,0.998086042062166
SIRPA,ENSG00000198053.12,protein_coding,3.38469754990811,-0.616640359952821,0.882989502167554,-0.698355256137358,0.484955050983294,0.979405283061243,-0.17461676639311,0.998086042062166
PPCS,ENSG00000127125.9,protein_coding,9.60989252621224,-0.340728347693666,0.488256020252916,-0.697847714232318,0.485272435834461,0.979405283061243,-0.329383344795525,0.992587378328484
B2M,ENSG00000166710.21,protein_coding,282.861476321245,0.175781492219909,0.251907003591851,0.697803116679982,0.485300329718904,0.979405283061243,-0.011586814281088,0.998086042062166
LPCAT1,ENSG00000153395.10,protein_coding,5.53787336799773,0.414813179160341,0.594458202283605,0.697800413160825,0.485302020683802,0.979405283061243,-0.172727772746331,0.998086042062166
CEBPD,ENSG00000221869.5,protein_coding,9.79085881864894,0.412583308656898,0.591324740003396,0.697727121402918,0.485347863553323,0.979405283061243,0.185862755218079,0.998086042062166
KIAA0513,ENSG00000135709.13,protein_coding,13.6579873023641,0.275660095348571,0.39509291117362,0.697709545154139,0.485358857575652,0.979405283061243,-0.236302806775219,0.995521320397187
ZBTB11,ENSG00000066422.5,protein_coding,8.68664336370998,-0.399368738871792,0.572612018755651,-0.697450849424474,0.485520688507913,0.979405283061243,-0.266442758567111,0.995521320397187
PSMC4,ENSG00000013275.8,protein_coding,11.2510008611811,-0.334933813795907,0.480383170831746,-0.697222205382414,0.485663744473687,0.979405283061243,-0.0877977926998949,0.998086042062166
PPIE,ENSG00000084072.17,protein_coding,5.38079936378358,-0.453477046466938,0.650438120288918,-0.697187068718402,0.485685730490204,0.979405283061243,-0.31286174948741,0.995521320397187
PSD4,ENSG00000125637.16,protein_coding,23.8281020140713,-0.25960253053513,0.372367585635217,-0.697167370495682,0.485698056467666,0.979405283061243,-0.126854269161965,0.998086042062166
LONP1,ENSG00000196365.12,protein_coding,8.04204641415542,0.714025144578175,1.02475246228457,0.696778169223751,0.485941630210385,0.979405283061243,0.210537295772836,0.998086042062166
PTP4A2,ENSG00000184007.22,protein_coding,64.9124723167011,0.134909353594106,0.193664863326147,0.696612443150869,0.486045366575917,0.979405283061243,0.0294995279392793,0.998086042062166
TNRC18,ENSG00000182095.15,protein_coding,25.3006269147955,-0.303527896304753,0.435960552177962,-0.696227892153076,0.486286122710967,0.979405283061243,0.107207531840111,0.998086042062166
NDUFA5,ENSG00000128609.16,protein_coding,9.34993588184002,-0.341580366591532,0.490714408761369,-0.696087908756804,0.486373778227999,0.979405283061243,-0.401525899042513,0.992587378328484
RTN3,ENSG00000133318.14,protein_coding,4.34361703183134,0.510448339296197,0.733521884583555,0.69588699400018,0.486499602982551,0.979405283061243,0.154974534200178,0.998086042062166
AP003068.23,ENSG00000254614.2,lncRNA,4.04957018679142,0.587713365416984,0.844658728155127,0.695799789698079,0.486554220971692,0.979405283061243,0.261102841880608,0.998086042062166
PPP6R1,ENSG00000105063.19,protein_coding,42.5091788871317,-0.196477498115031,0.282428704349983,-0.695671137844254,0.486634804533238,0.979405283061243,-0.131034817200572,0.995521320397187
ELAC2,ENSG00000006744.19,protein_coding,4.36466558792707,0.552121415695062,0.793692454591592,0.695636467879949,0.486656521965558,0.979405283061243,0.643682679042036,0.992587378328484
POLB,ENSG00000070501.12,protein_coding,3.66366994411858,0.461587339952426,0.66357345106275,0.695608510577341,0.486674034935799,0.979405283061243,0.273450934082506,0.998086042062166
EXOC2,ENSG00000112685.14,protein_coding,6.54556265043249,-0.512831675244994,0.737572067086314,-0.695297040289054,0.486869168704128,0.979405283061243,-0.200321778506648,0.998086042062166
ZC3H4,ENSG00000130749.10,protein_coding,22.1754405975691,-0.240305664559685,0.345732637734077,-0.695062132793253,0.487016364422564,0.979405283061243,0.0724003077988762,0.998086042062166
CPSF2,ENSG00000165934.13,protein_coding,8.49288123137431,-0.344096772498022,0.495149365696999,-0.69493529899539,0.487095849920618,0.979405283061243,0.155259913931586,0.998086042062166
KLF10,ENSG00000155090.15,protein_coding,6.02476329554979,0.433353624306721,0.62383585123939,0.694659698453955,0.487268590230419,0.979405283061243,0.445555636108256,0.992587378328484
ARHGEF3,ENSG00000163947.12,protein_coding,26.2240178461126,0.187277956657346,0.269667554174485,0.694477158109165,0.487383020680068,0.979405283061243,0.26289034199757,0.983262496850266
EIF2A,ENSG00000144895.12,protein_coding,10.0896666879703,0.306544312834106,0.441643629830051,0.694098798508806,0.48762025202713,0.979405283061243,-0.0791436555327259,0.998086042062166
HMG20A,ENSG00000140382.15,protein_coding,7.67078395181304,0.382351466722209,0.551403307999297,0.693415257354054,0.488048990064317,0.979405283061243,0.0250108464266921,0.998086042062166
WIPI1,ENSG00000070540.13,protein_coding,2.72585901144336,-0.673171718282574,0.970953033199805,-0.693310278937094,0.488114853764589,0.979405283061243,-0.119590228622541,0.998086042062166
RELB,ENSG00000104856.14,protein_coding,9.23958859271445,0.415342056037351,0.599156136324739,0.693211720379074,0.488176693993721,0.979405283061243,-0.400775734980097,0.992587378328484
PROS1,ENSG00000184500.16,protein_coding,1.69533920806114,0.764360246841776,1.10278820733048,0.693116086806971,0.488236702989436,0.979405283061243,-0.0142830364512372,0.998086042062166
DMXL2,ENSG00000104093.14,protein_coding,10.6018850372629,0.323788831771441,0.467288808870456,0.692909450483338,0.488366378551566,0.979405283061243,0.229509916498908,0.995521320397187
VASH1,ENSG00000071246.11,protein_coding,15.7744108443194,-0.287995638100284,0.415782670795889,-0.692659070059376,0.488523530802633,0.979405283061243,-0.46614750620334,0.953507896005218
NOTCH2,ENSG00000134250.20,protein_coding,8.92525378836132,0.391176819409441,0.565057053081636,0.692278447417106,0.488762482301416,0.979405283061243,0.10434831707866,0.998086042062166
MTURN,ENSG00000180354.16,protein_coding,27.9019515250808,-0.222832841885497,0.321937735867535,-0.69216130033661,0.488836038867274,0.979405283061243,-0.204724611189203,0.995521320397187
SSR1,ENSG00000124783.14,protein_coding,8.57007463613511,0.379991527213987,0.549101781197863,0.692023847354924,0.488922353098517,0.979405283061243,0.402854270526205,0.992587378328484
SLC44A2,ENSG00000129353.15,protein_coding,8.79326909374362,0.364113228867796,0.526160495164387,0.692019321507665,0.488925195264722,0.979405283061243,0.589260318637696,0.953507896005218
KAT2B,ENSG00000114166.8,protein_coding,18.9494431044487,-0.284522425095001,0.411168445648029,-0.691985068665897,0.488946705839427,0.979405283061243,-0.0329500194941207,0.998086042062166
PFDN1,ENSG00000113068.10,protein_coding,5.98828918656273,0.507763407579087,0.734173479677791,0.691612298229474,0.489180836353741,0.979405283061243,0.0003946474192796,0.999783001268531
HMGB1,ENSG00000189403.15,protein_coding,39.992606219183,-0.189474178973941,0.273994174063552,-0.691526305701642,0.489234855308784,0.979405283061243,0.0429275446217822,0.998086042062166
MAZ,ENSG00000103495.14,protein_coding,25.8450673506711,-0.252567401491122,0.365316129747013,-0.691366684701353,0.489335134857803,0.979405283061243,-0.514716146851477,0.932045888291052
EIF1,ENSG00000173812.11,protein_coding,74.7123606852986,-0.127515114072152,0.18483254706634,-0.689895346334131,0.490260002575909,0.979898950407309,-0.0923010853068299,0.995521320397187
GCN1,ENSG00000089154.11,protein_coding,9.34624636378612,-0.357596747957644,0.518382844781039,-0.689831369918674,0.490300238789583,0.979898950407309,-0.172250257516404,0.998086042062166
NF1,ENSG00000196712.18,protein_coding,6.97940469775577,0.380798405578049,0.552216509876747,0.689581710737048,0.490457272076959,0.979898950407309,0.212938736952306,0.998086042062166
STXBP3,ENSG00000116266.11,protein_coding,6.22714217620138,0.37022556221856,0.537150455968412,0.689239966390965,0.490672269904601,0.979898950407309,0.256686736433198,0.997007468931721
ACADVL,ENSG00000072778.20,protein_coding,8.50823015723087,0.394281016415659,0.572052566710093,0.689239135282954,0.490672792832102,0.979898950407309,0.0039586319185635,0.998592526220086
DIS3L,ENSG00000166938.13,protein_coding,6.11042206795142,0.446258383211593,0.64779794095712,0.688885152293394,0.490895543749645,0.979898950407309,0.274451778205097,0.998086042062166
GBP4,ENSG00000162654.9,protein_coding,9.83797436848254,-0.368324282685106,0.534986361402937,-0.688474154218101,0.491154240710858,0.979898950407309,0.0755198215822016,0.998086042062166
PSMD3,ENSG00000108344.15,protein_coding,10.068466378311,0.366232971891758,0.532140020176885,0.688226703509391,0.491310030391251,0.979898950407309,0.0885008319586591,0.998086042062166
TXN2,ENSG00000100348.10,protein_coding,9.0018254559407,-0.420410581516129,0.611359227645117,-0.687665389685047,0.491663519936427,0.979898950407309,-0.586705844315658,0.979511700603372
MYD88,ENSG00000172936.16,protein_coding,24.8929943012456,0.245294768966324,0.356858247868729,0.687373124850839,0.491847628874767,0.979898950407309,0.251270086408988,0.992587378328484
UBR4,ENSG00000127481.15,protein_coding,27.6814424676795,0.212287945064346,0.308948234978415,0.687131114632126,0.492000108481288,0.979898950407309,-0.0508746607566326,0.998086042062166
NLRP1,ENSG00000091592.16,protein_coding,12.5464993165008,0.301347202036202,0.438799609317389,0.686753578712131,0.49223802728792,0.979898950407309,0.219206949312458,0.995521320397187
TSR1,ENSG00000167721.11,protein_coding,4.98066140732829,0.482409003347333,0.702582442732925,0.686622628187014,0.492320565218499,0.979898950407309,0.635236200475206,0.974821225214937
RUVBL1,ENSG00000175792.12,protein_coding,5.6344031520332,0.500375908589144,0.728871577341336,0.686507642970984,0.492393046356912,0.979898950407309,0.424294057783957,0.992587378328484
SKP1,ENSG00000113558.19,protein_coding,36.0651782264463,0.19409393700641,0.282992940740997,0.685861408762313,0.49280050768451,0.979898950407309,0.16152928350804,0.995521320397187
ABCC4,ENSG00000125257.16,protein_coding,5.72816548286177,0.462989444299484,0.675108778707613,0.685799768721424,0.492839382185061,0.979898950407309,0.367334148662612,0.995521320397187
GOSR1,ENSG00000108587.16,protein_coding,11.2717863847409,0.322519820849544,0.471048903412325,0.684684368253865,0.493543115208938,0.979898950407309,0.256272531318419,0.995521320397187
HRAT92,ENSG00000223855.2,lncRNA,3.89163641479284,0.553660287476155,0.808698796454024,0.684631026908709,0.493576783022804,0.979898950407309,0.806237375718292,0.953507896005218
TERF2,ENSG00000132604.11,protein_coding,10.5829434994602,-0.305642804072747,0.446649079041163,-0.684301879069988,0.493784560667076,0.979898950407309,-0.13323728224675,0.998086042062166
PHF11,ENSG00000136147.18,protein_coding,11.4518309158462,0.336302316215539,0.492286240467864,0.683143847156728,0.494515951050555,0.979898950407309,0.212317998373376,0.997878976321691
CHAF1A,ENSG00000167670.16,protein_coding,2.44338998833523,-0.708775439545831,1.03813814211394,-0.682737114448534,0.494772972881497,0.979898950407309,-0.524552385294441,0.995521320397187
ZNF644,ENSG00000122482.21,protein_coding,11.6923395176629,-0.343820884125065,0.503830115152145,-0.682414317415779,0.494977005032666,0.979898950407309,-0.109003471541508,0.998086042062166
PARP1,ENSG00000143799.14,protein_coding,31.9319273056013,-0.222573742441571,0.326359688768445,-0.681989075554882,0.49524585867675,0.979898950407309,-0.107424517764057,0.998086042062166
RARS1,ENSG00000113643.9,protein_coding,8.76903402523981,0.311712220648197,0.457124091097838,0.681898475093674,0.495303149719784,0.979898950407309,0.15416261351085,0.998086042062166
SF3B6,ENSG00000115128.7,protein_coding,5.37646616312821,0.45541120422793,0.667915052962188,0.681840006761626,0.495340123946385,0.979898950407309,0.212668192466786,0.998086042062166
SP1,ENSG00000185591.10,protein_coding,28.9247811665356,0.223882636149339,0.328405937730778,0.681725299171886,0.495412667059328,0.979898950407309,0.288612765612569,0.983262496850266
SCNM1,ENSG00000163156.12,protein_coding,9.05546507273928,0.312449117788404,0.458582445427452,0.681336847722474,0.495658372773169,0.979898950407309,-0.0971735221041384,0.998086042062166
ELOVL7,ENSG00000164181.14,protein_coding,4.57499127059281,-0.549347273793746,0.806373054811289,-0.681256982132552,0.49570889791143,0.979898950407309,-0.601763460588241,0.992587378328484
PA2G4,ENSG00000170515.14,protein_coding,16.3182374496433,0.254972305286368,0.374519662287874,0.68079818220701,0.495999200440172,0.979898950407309,0.0742479257715453,0.998086042062166
RFC1,ENSG00000035928.16,protein_coding,10.5307925088799,0.283556233882078,0.416857056949983,0.680224141955934,0.496362548216386,0.979898950407309,0.344278533506499,0.992587378328484
ZKSCAN8,ENSG00000198315.11,protein_coding,5.0581074653278,-0.4294769625925,0.631411737664873,-0.68018526893532,0.496387158635123,0.979898950407309,-0.726228012597376,0.953507896005218
KAT5,ENSG00000172977.13,protein_coding,5.74111580297859,-0.510160113530792,0.750058394041222,-0.680160528278489,0.496402822226165,0.979898950407309,-0.661596406588946,0.985425634239731
PRKRIP1,ENSG00000128563.13,protein_coding,3.2235646095269,0.488435230575017,0.718386153376567,0.67990624301327,0.496563828393607,0.979898950407309,0.169325131140279,0.998086042062166
SLFN11,ENSG00000172716.16,protein_coding,5.84826305456065,-0.473914888404509,0.697313817150515,-0.679629281319997,0.49673922430081,0.979898950407309,0.0194815095973225,0.998086042062166
IRF7,ENSG00000185507.21,protein_coding,6.42527300418853,-0.52524006662083,0.773207344827643,-0.679300410341953,0.496947536500913,0.979898950407309,-0.201806180748313,0.998086042062166
FURIN,ENSG00000140564.13,protein_coding,12.6366951831626,-0.356668046034609,0.525679520878933,-0.678489520455853,0.497461366112226,0.979898950407309,-0.24936859656238,0.995521320397187
KIAA0232,ENSG00000170871.12,protein_coding,10.0436285673228,-0.31609231872464,0.465988352471927,-0.678326651402048,0.497564604050899,0.979898950407309,-0.053764407863218,0.998086042062166
EZR,ENSG00000092820.18,protein_coding,45.039619830813,0.181917786537679,0.268310501606453,0.678012174135877,0.497763974282561,0.979898950407309,0.181586905198686,0.992587378328484
SGF29,ENSG00000176476.9,protein_coding,7.8623541284835,0.382091851546118,0.563664872600424,0.677870610924125,0.49785373547483,0.979898950407309,0.242907429995746,0.997878976321691
CDKN1B,ENSG00000111276.12,protein_coding,12.439819962821,-0.292515110681305,0.431751151381687,-0.67750858276857,0.498083326376353,0.979898950407309,-0.112398835278289,0.998086042062166
RBM47,ENSG00000163694.15,protein_coding,7.04896030028106,-0.362408241387529,0.534975603590813,-0.677429473334871,0.498133503470759,0.979898950407309,-0.422191823340863,0.992587378328484
KLHDC10,ENSG00000128607.14,protein_coding,5.83356641240291,0.448195184184926,0.661910454470343,0.677123591503884,0.498327541806933,0.979898950407309,0.0026450899911452,0.998795186857285
ATPAF1,ENSG00000123472.12,protein_coding,5.85651198734238,-0.49479242984601,0.731030493957325,-0.676842394313164,0.498505956723338,0.979898950407309,0.164030347315669,0.998086042062166
CDK13,ENSG00000065883.16,protein_coding,14.1511791831015,-0.303572485709811,0.448578354124704,-0.676743500702708,0.498568711138122,0.979898950407309,-0.0168940854920851,0.998086042062166
PDE4B,ENSG00000184588.18,protein_coding,5.9786808768068,-0.432235434159065,0.638864755992962,-0.6765679748404,0.498680104033375,0.979898950407309,-0.456004241487285,0.992587378328484
SEC23IP,ENSG00000107651.14,protein_coding,9.72489917892586,-0.306955113575724,0.453789317915752,-0.676426485721533,0.498769906030187,0.979898950407309,-0.647882644887245,0.937780004132405
PITPNB,ENSG00000180957.18,protein_coding,11.3107918212415,-0.288826765560108,0.427404285336269,-0.675769465748027,0.499187023890411,0.979898950407309,-0.475165926036497,0.953507896005218
ARRDC2,ENSG00000105643.11,protein_coding,9.04168160475003,-0.338068173114425,0.500315019900086,-0.675710621643816,0.499224390891433,0.979898950407309,-0.566672756241535,0.953507896005218
STRN3,ENSG00000196792.12,protein_coding,7.05862621361768,0.359325672721427,0.53221796989178,0.675147576836783,0.499582008977153,0.979898950407309,-0.304211326939457,0.995521320397187
GNB4,ENSG00000114450.11,protein_coding,10.1241110151238,0.274618126821773,0.406787590803693,0.675089734864351,0.499618755026764,0.979898950407309,0.215554297086178,0.995521320397187
PBRM1,ENSG00000163939.18,protein_coding,20.8202533136198,0.234604257805449,0.347877351122621,0.674387846890195,0.500064767192255,0.979898950407309,-0.177128919315355,0.995521320397187
KIF13A,ENSG00000137177.20,protein_coding,11.438143094108,-0.346831560253327,0.51451295745234,-0.674096842906924,0.500249746548484,0.979898950407309,-0.533956452958847,0.953507896005218
METTL14,ENSG00000145388.15,protein_coding,5.52337402012595,0.412353805941482,0.612026115199514,0.673751978389124,0.500469009834481,0.979898950407309,0.218778219623478,0.998086042062166
HSPB1,ENSG00000106211.10,protein_coding,19.5417249080332,0.280073841259246,0.41572489218639,0.673699955242699,0.500502090336674,0.979898950407309,0.114986558987397,0.998086042062166
RPL32P16,ENSG00000219747.1,processed_pseudogene,5.85405138134394,0.442631195658344,0.65724300360006,0.6734665766449,0.500650505492861,0.979898950407309,0.120131664375419,0.998086042062166
DGKE,ENSG00000153933.10,protein_coding,3.85698160266149,-0.553239556155926,0.822090052130811,-0.672967097365989,0.500968223525755,0.979898950407309,-0.672223271688916,0.992587378328484
DNAJC10,ENSG00000077232.19,protein_coding,4.17583897993441,0.488763453478626,0.726392597667613,0.672864033923261,0.501033795325087,0.979898950407309,0.581463281730781,0.992587378328484
SIRT2,ENSG00000068903.20,protein_coding,6.28244365305995,-0.43427145834753,0.645551123930322,-0.672714278155921,0.501129082170908,0.979898950407309,-0.0824154740592926,0.998086042062166
AARS1,ENSG00000090861.17,protein_coding,8.31064166492325,0.381370093849003,0.56692337071493,0.672701309469865,0.501137334359477,0.979898950407309,0.307083624885525,0.995521320397187
REPIN1,ENSG00000214022.12,protein_coding,6.34001361387265,-0.462010717712853,0.687579191259249,-0.67193819066385,0.50162304615716,0.979898950407309,-0.269891968766922,0.998086042062166
EIF4G1,ENSG00000114867.22,protein_coding,27.2300078102739,0.21908818568475,0.326060114901684,0.671925745198278,0.501630969543702,0.979898950407309,0.2200431249107,0.992587378328484
IRF8,ENSG00000140968.11,protein_coding,34.361975113884,-0.168253977891929,0.250638941744496,-0.671300224621314,0.502029291599641,0.979898950407309,-0.316220127081699,0.95182832588077
TRIP11,ENSG00000100815.12,protein_coding,9.91273216629432,-0.312883378394538,0.46683312183632,-0.670225319839753,0.502714165431284,0.979898950407309,0.0948724962171278,0.998086042062166
ARIH1,ENSG00000166233.15,protein_coding,12.3708005966146,-0.293374727041001,0.437888919419294,-0.669975224378959,0.502873584142815,0.979898950407309,-0.136103341966194,0.998086042062166
ZNF277,ENSG00000198839.10,protein_coding,8.02041196514279,0.33647105477176,0.502534635832383,0.669547988895213,0.503145979269465,0.979898950407309,-0.0217906175061673,0.998086042062166
SECISBP2,ENSG00000187742.15,protein_coding,10.9568395897781,0.307039477977396,0.458780105229798,0.669251945490537,0.503334775175302,0.979898950407309,0.0890792258343508,0.998086042062166
FGD2,ENSG00000146192.15,protein_coding,14.8687623922832,0.277311447524855,0.414373934707645,0.669229949804897,0.503348803987812,0.979898950407309,0.226826184193052,0.995521320397187
FCGR3A,ENSG00000203747.12,protein_coding,25.3413948692531,-0.245279971205588,0.366553383958045,-0.669152112461913,0.503398450176905,0.979898950407309,-0.311437215674734,0.992587378328484
ZNF33A,ENSG00000189180.16,protein_coding,13.0507844754358,-0.290067592866827,0.43377745369691,-0.668701405282128,0.503685970917312,0.979898950407309,0.0694789488550668,0.998086042062166
DDX42,ENSG00000198231.13,protein_coding,22.6628342679427,0.224534451535962,0.33580375750287,0.668647823376554,0.503720158319046,0.979898950407309,-0.017611409012492,0.998086042062166
HK2,ENSG00000159399.10,protein_coding,9.3241800986843,0.407101789259227,0.608962473838991,0.668517037992171,0.503803609775773,0.979898950407309,-0.0146313436123486,0.998086042062166
RBBP5,ENSG00000117222.14,protein_coding,5.80533238152909,0.450668900731762,0.674214461832688,0.668435529411115,0.503855622411302,0.979898950407309,0.475365832668776,0.992587378328484
OXA1L,ENSG00000155463.14,protein_coding,11.8813019717892,0.31700828061502,0.474284600979071,0.66839252204397,0.503883067614955,0.979898950407309,0.0553212258825835,0.998086042062166
LARP7,ENSG00000174720.16,protein_coding,13.9246204225866,-0.26671138818991,0.399410835735035,-0.66776202428029,0.504285511079094,0.979898950407309,-0.0147977494390765,0.998086042062166
RAB3IP,ENSG00000127328.22,protein_coding,3.02496110979786,0.571214368380687,0.855519651608556,0.667681177523724,0.504337127406632,0.979898950407309,0.567246122798875,0.992587378328484
DCAF1,ENSG00000145041.16,protein_coding,6.48393711153633,0.322300023318565,0.482930096314094,0.667384422255895,0.504526613646855,0.979898950407309,0.587232902464792,0.953507896005218
HDAC2,ENSG00000196591.12,protein_coding,9.37286612035563,0.344024231801814,0.515551871981561,0.66729314836843,0.504584902032626,0.979898950407309,0.0988684624011336,0.998086042062166
MLLT6,ENSG00000275023.5,protein_coding,53.6303170820816,-0.167977203818759,0.25177894867435,-0.667161431498469,0.504669023955826,0.979898950407309,-0.0736191942089857,0.998086042062166
HIVEP3,ENSG00000127124.16,protein_coding,15.9876429537355,-0.239966279351749,0.359851220042626,-0.666848591824488,0.504868850885025,0.979898950407309,-0.471619017506811,0.953507896005218
PPP1CA,ENSG00000172531.16,protein_coding,32.2244477813914,-0.199149130749226,0.298778128408869,-0.666545211357291,0.505062675547955,0.979898950407309,-0.180942156373952,0.995521320397187
NBR1,ENSG00000188554.15,protein_coding,27.7054920448337,0.187173601857044,0.280908659793423,0.666314815622592,0.505209897684739,0.979898950407309,0.28801748787611,0.958737704902255
RBIS,ENSG00000176731.12,protein_coding,4.96628355623808,-0.563774823338116,0.846528428915009,-0.665984512842296,0.505420999532345,0.979898950407309,-0.356918759413586,0.998086042062166
SMAP1,ENSG00000112305.15,protein_coding,8.6610186242436,0.375221797000935,0.564075145669195,0.665198245095142,0.50592370279995,0.979898950407309,0.118956272143407,0.998086042062166
S100A9,ENSG00000163220.11,protein_coding,164.017955064006,-0.161302668487587,0.242778142912648,-0.664403584904364,0.506432039027895,0.979898950407309,-0.283770231657059,0.953507896005218
ABRACL,ENSG00000146386.8,protein_coding,11.1220431708406,-0.273663873406651,0.41195801330077,-0.664300400941222,0.506498064480084,0.979898950407309,-0.267630261777588,0.992587378328484
TAOK3,ENSG00000135090.14,protein_coding,30.4693989874258,-0.208375683726803,0.313677243563868,-0.664299651958575,0.506498543756356,0.979898950407309,0.0078395903618844,0.998086042062166
UBE2M,ENSG00000130725.8,protein_coding,9.92852877142644,-0.362827297495121,0.546385490900167,-0.664050022443614,0.506658295725128,0.979898950407309,0.18033723589475,0.998086042062166
DNMT1,ENSG00000130816.17,protein_coding,31.6284555830707,-0.187240937399346,0.282009818614251,-0.663951837987117,0.506721136739046,0.979898950407309,-0.0098825246070601,0.998086042062166
INPPL1,ENSG00000165458.14,protein_coding,10.2293423325427,0.387074485421223,0.58304586369415,0.663883425857339,0.506764924987493,0.979898950407309,0.20511357767565,0.998086042062166
TBC1D20,ENSG00000125875.15,protein_coding,5.08211876342762,-0.521537773373373,0.785734820514314,-0.66375800048163,0.506845210616868,0.979898950407309,0.202372582743346,0.998086042062166
SREK1,ENSG00000153914.16,protein_coding,8.96773400167025,0.314200459106946,0.474028582177654,0.662830198262583,0.507439310631614,0.979898950407309,0.357774653604483,0.992587378328484
ZNF638,ENSG00000075292.19,protein_coding,20.9551996064886,-0.268121115275663,0.404672914483843,-0.662562542930874,0.507610766427418,0.979898950407309,-0.299888933696492,0.992587378328484
USP1,ENSG00000162607.13,protein_coding,8.03869955849625,-0.350968348810407,0.529837708705909,-0.662407267439728,0.507710247402781,0.979898950407309,0.0393025542842023,0.998086042062166
GRAP,ENSG00000154016.14,protein_coding,6.70801011276655,-0.447235288954987,0.675367885492677,-0.662209883771319,0.507836720765155,0.979898950407309,-0.61733877771533,0.983262496850266
CD3E,ENSG00000198851.10,protein_coding,11.6455695852895,-0.310467763837836,0.468850603803565,-0.662189109535439,0.507850032794919,0.979898950407309,0.14206561719387,0.998086042062166
NCF1B,ENSG00000182487.12,transcribed_unprocessed_pseudogene,16.3689597782788,0.291765930023784,0.440647181503821,0.66213048050837,0.507887602979277,0.979898950407309,0.487483430985902,0.953507896005218
MATK,ENSG00000007264.15,protein_coding,6.75981325201737,0.417606860893726,0.630721433670051,0.66210982947535,0.507900836756488,0.979898950407309,0.718188703744759,0.95182832588077
FCGRT,ENSG00000104870.13,protein_coding,2.0073786168919,-0.825074720654516,1.24751375547518,-0.661375248996951,0.508371694773819,0.979898950407309,0.14697134315015,0.998086042062166
CEBPZ,ENSG00000115816.15,protein_coding,6.46605683901646,0.414234963070981,0.626347626007925,0.661349937112621,0.508387923492477,0.979898950407309,0.196165127625553,0.998086042062166
NKAPD1,ENSG00000150776.18,protein_coding,4.79796518234852,0.441063037960027,0.667401415371396,0.660866201062195,0.508698123138606,0.979898950407309,0.786752212055731,0.95182832588077
GUCY1B1,ENSG00000061918.14,protein_coding,4.27206124790271,0.462961412969268,0.700604390658752,0.66080289981335,0.508738722914782,0.979898950407309,0.549146507473117,0.992587378328484
ABLIM3,ENSG00000173210.20,protein_coding,25.9199436583079,0.208295899816053,0.31551817079421,0.660170852574793,0.509144194710606,0.979898950407309,0.0123337545798764,0.998086042062166
MKLN1,ENSG00000128585.18,protein_coding,9.23363173279446,0.319223616074712,0.48367340704988,0.659998278635549,0.50925493399039,0.979898950407309,0.271004628699524,0.995521320397187
ZFAND6,ENSG00000086666.19,protein_coding,16.9406219685525,0.299544516517858,0.454060734160941,0.659701431949157,0.509445447579819,0.979898950407309,0.187610317353842,0.998086042062166
TRAPPC11,ENSG00000168538.16,protein_coding,8.15980051105246,0.346426137105224,0.525170591041828,0.659644966824946,0.509481690623312,0.979898950407309,-0.0051676428191435,0.998587857984255
GTPBP1,ENSG00000100226.16,protein_coding,10.4852297086982,0.293463914341867,0.445248548767578,0.659101338239412,0.509830696384495,0.979898950407309,0.22939449808933,0.995521320397187
PHRF1,ENSG00000070047.13,protein_coding,16.9393014320013,0.235097436573141,0.356806278445486,0.65889377731076,0.509963982049811,0.979898950407309,0.137218225733021,0.998086042062166
UBE2E3,ENSG00000170035.16,protein_coding,7.79212016441716,0.365657050385978,0.555068638628624,0.658760061259065,0.510049857734758,0.979898950407309,0.275557904101418,0.995521320397187
ISG20L2,ENSG00000143319.17,protein_coding,6.43823013811579,0.413308412363494,0.627790607740938,0.658353927674637,0.510310732930872,0.979898950407309,-0.106244805979879,0.998086042062166
ELOC,ENSG00000154582.17,protein_coding,5.40933076158629,0.46179793294147,0.701495177516978,0.658305213980311,0.510342028293371,0.979898950407309,0.401524980834571,0.995521320397187
DRAP1,ENSG00000175550.8,protein_coding,31.7973669251553,0.24795453140324,0.376846863252296,0.657971594252694,0.510556384118728,0.979898950407309,0.199321703167474,0.995521320397187
SHKBP1,ENSG00000160410.15,protein_coding,24.1704796616951,0.243211464467402,0.369717664319947,0.657830252484043,0.510647212579674,0.979898950407309,-0.200567898036056,0.995521320397187
COX5B,ENSG00000135940.7,protein_coding,14.6127906508593,0.288717378902468,0.438937150464159,0.657764736015533,0.510689317365601,0.979898950407309,0.178860579636631,0.998086042062166
NRGN,ENSG00000154146.13,protein_coding,147.015338929339,0.201892413479861,0.306961794392658,0.657711862413747,0.510723298415231,0.979898950407309,0.0833881427927738,0.998086042062166
MSH6,ENSG00000116062.17,protein_coding,6.41019568936768,-0.401925227091865,0.611322105721112,-0.657468825894585,0.510879509442537,0.979898950407309,-0.125569011891253,0.998086042062166
UBE2H,ENSG00000186591.13,protein_coding,38.9291519645947,-0.189087438892117,0.287618425288314,-0.657424637182309,0.510907914293041,0.979898950407309,-0.0413875688397323,0.998086042062166
E2F4,ENSG00000205250.9,protein_coding,17.4440644969233,-0.274391192846768,0.41770164281055,-0.65690714309979,0.511240624954496,0.980158053112163,-0.326142005224348,0.992587378328484
DARS1,ENSG00000115866.11,protein_coding,15.4846544737874,-0.276819213343521,0.421567597944476,-0.656642528252326,0.511410796567528,0.980158053112163,-0.296318482283771,0.992587378328484
TPM1,ENSG00000140416.23,protein_coding,12.2157536187605,0.29039109154216,0.442963872270969,0.6555638274819,0.512104805988524,0.98017693749722,0.398977309321975,0.983262496850266
LIMD1,ENSG00000144791.10,protein_coding,9.73850740043698,-0.318559933750723,0.485977765985825,-0.655503103325133,0.512143889011349,0.98017693749722,-0.15243293637577,0.998086042062166
NUP93,ENSG00000102900.13,protein_coding,7.16774981216524,-0.44006359051056,0.671396229819492,-0.65544542993468,0.512181009953419,0.98017693749722,-0.209513208361487,0.998086042062166
DAZAP2,ENSG00000183283.16,protein_coding,57.6236159897278,0.150654710998547,0.229970703597001,0.655103926900849,0.512400843962041,0.98017693749722,-0.0173229266508293,0.998086042062166
C7orf50,ENSG00000146540.15,protein_coding,12.7794532960751,0.300743717558786,0.459110509124378,0.655057358918594,0.512430824743305,0.98017693749722,-0.0065950360160904,0.998086042062166
RPA1,ENSG00000132383.12,protein_coding,15.7992119724731,0.299530793479674,0.457359961229738,0.654912582803059,0.512524038424907,0.98017693749722,0.110020162197544,0.998086042062166
BTBD7,ENSG00000011114.15,protein_coding,5.40924385525241,0.459295627858135,0.702309407745626,0.653979033731654,0.513125313483072,0.980974864011755,0.712275292047246,0.953507896005218
DTNBP1,ENSG00000047579.20,protein_coding,6.18516232073701,0.449540453330049,0.688059632899312,0.653345192531929,0.513533763687441,0.981193492742831,0.0315503329826887,0.998086042062166
SLC45A4,ENSG00000022567.10,protein_coding,5.4184912513731,-0.462518796414461,0.708910314621526,-0.652436262916264,0.514119777369249,0.981193492742831,0.0180590598717221,0.998086042062166
SNN,ENSG00000184602.6,protein_coding,12.1053989902932,-0.347993912519606,0.533376176783147,-0.6524361748183,0.514119834185452,0.981193492742831,-0.12350030229911,0.998086042062166
CXCR2P1,ENSG00000229754.1,transcribed_unprocessed_pseudogene,12.3797708489695,-0.340323183766549,0.521809068396762,-0.652198676447267,0.514273013679695,0.981193492742831,-0.343480910713211,0.992587378328484
ANKIB1,ENSG00000001629.10,protein_coding,9.2319933983419,0.403099560892691,0.618325897010488,0.651920876744152,0.514452216462775,0.981193492742831,0.333070518935902,0.995521320397187
BNIP2,ENSG00000140299.13,protein_coding,25.6140347246361,0.238280873797471,0.365674381367073,0.651620364835674,0.514646106960734,0.981193492742831,0.235832587119124,0.992587378328484
SEC23B,ENSG00000101310.17,protein_coding,5.75721725836393,0.490460300572558,0.752687426514762,0.651612187603002,0.514651383447816,0.981193492742831,0.725087287047374,0.983262496850266
AKAP8L,ENSG00000011243.19,protein_coding,6.40654559233137,-0.359619224674944,0.551971572288021,-0.65151765549131,0.51471238381031,0.981193492742831,-0.176202187353346,0.998086042062166
MAP4K5,ENSG00000012983.12,protein_coding,12.1419040328115,0.281405060830898,0.432292139923819,0.650960391924979,0.515072055205699,0.981248696134783,0.371182619159671,0.992587378328484
TEP1,ENSG00000129566.13,protein_coding,10.1294934536055,-0.361700714314525,0.555691231325383,-0.650902324752957,0.515109540672631,0.981248696134783,-0.0629744984926922,0.998086042062166
NOC2L,ENSG00000188976.11,protein_coding,6.29322576053162,-0.441145372945112,0.678453259339164,-0.650222203036952,0.515548701099296,0.981396414274435,-0.600013831369323,0.992587378328484
CNN2,ENSG00000064666.15,protein_coding,72.9333477488997,0.156343079763924,0.240490797978121,0.650100049891088,0.515627597014389,0.981396414274435,0.0862018512080771,0.998086042062166
SETD7,ENSG00000145391.14,protein_coding,7.74012619828593,-0.342479921289834,0.526951479994463,-0.649926860995689,0.51573946648831,0.981396414274435,-0.248144349633848,0.995521320397187
PTAR1,ENSG00000188647.13,protein_coding,7.78063601353799,-0.404784328592618,0.623140788909341,-0.649587277541399,0.515958853259828,0.981463486036718,-0.174320792668151,0.998086042062166
ME2,ENSG00000082212.13,protein_coding,11.9640418413641,-0.252046015951988,0.388297273432907,-0.649105809380705,0.51626998713266,0.981704970180905,-0.0857505582789834,0.998086042062166
CPT1A,ENSG00000110090.13,protein_coding,9.56117069741731,0.325308924036992,0.501691582349244,0.648424122473183,0.516710672478016,0.981996153326095,0.0417348990703234,0.998086042062166
FYTTD1,ENSG00000122068.13,protein_coding,17.176902912273,-0.243471796557083,0.376139385013554,-0.647291419770651,0.517443353616722,0.981996153326095,-0.176759264506621,0.995521320397187
BCL9L,ENSG00000186174.13,protein_coding,39.8154771531565,-0.167887924739432,0.259390364852409,-0.647240404765838,0.5174763649808,0.981996153326095,0.0423785577269529,0.998086042062166
FLOT1,ENSG00000137312.15,protein_coding,18.4836698859794,0.255033909129879,0.394114249924127,0.647106541260504,0.517562992068594,0.981996153326095,0.0434999134815876,0.998086042062166
GBP3,ENSG00000117226.12,protein_coding,3.85826073450805,-0.568274661327653,0.878285945456777,-0.647026932705961,0.517614512709535,0.981996153326095,-0.434078508616276,0.995521320397187
TADA2A,ENSG00000276234.5,protein_coding,10.1637183360265,0.313211797955613,0.484246188044717,0.646802815774959,0.517759569764557,0.981996153326095,-0.0848626936304828,0.998086042062166
PDXDC1,ENSG00000179889.19,protein_coding,15.4302349501068,0.233774722352517,0.36147537358805,0.646723786552979,0.517810725516877,0.981996153326095,-0.0008312106100453,0.999555803329497
RSU1,ENSG00000148484.18,protein_coding,36.0855816927831,0.269412000334832,0.416665596730535,0.646590461148789,0.51789703320819,0.981996153326095,0.208842427286017,0.995521320397187
NOP9,ENSG00000196943.14,protein_coding,5.30474093063522,0.35890666835285,0.555446996745275,0.646158266145857,0.518176864142818,0.982177342063023,0.467104912395347,0.992587378328484
NVL,ENSG00000143748.18,protein_coding,7.33281323563655,0.367166705599254,0.568513738026279,0.645836118004737,0.518385494479953,0.982223492917935,0.0353312317286329,0.998086042062166
MSH3,ENSG00000113318.11,protein_coding,3.13386782718012,0.606899303539856,0.940726690232727,0.6451388164502,0.518837231214275,0.982335741064446,0.272040332568756,0.998086042062166
HEG1,ENSG00000173706.14,protein_coding,3.6482813767793,-0.51929761324039,0.804993062300191,-0.645095762386506,0.518865129831058,0.982335741064446,0.233764188131148,0.998086042062166
PARP8,ENSG00000151883.19,protein_coding,13.3401439587391,0.316993079700529,0.491544995087279,0.644891277235451,0.518997644810034,0.982335741064446,0.411027680138382,0.983262496850266
TMF1,ENSG00000144747.17,protein_coding,11.7200310048574,-0.284077728313275,0.441222092958728,-0.643842937257105,0.51967728760268,0.982996848817791,0.0135187406194176,0.998086042062166
HNRNPD,ENSG00000138668.19,protein_coding,58.5398289462393,0.132933826427658,0.206488376520853,0.643783580787815,0.519715782358074,0.982996848817791,0.0404745554694447,0.998086042062166
FNDC3A,ENSG00000102531.16,protein_coding,10.1390478797202,0.32229322832581,0.500862934987786,0.643475900914228,0.519915347137869,0.983025470111686,0.203537914238778,0.998086042062166
TNFSF4,ENSG00000117586.11,protein_coding,3.50386508191783,-0.533999030030275,0.830993555288709,-0.642603094370268,0.520481674711692,0.9833001388619,-0.565703002003471,0.992587378328484
RNF123,ENSG00000164068.16,protein_coding,3.14822831102038,0.497326104821521,0.774121255325606,0.642439542126173,0.520587832260435,0.9833001388619,0.899308831904674,0.942191637017041
ARID5B,ENSG00000150347.17,protein_coding,10.0151988066589,0.354899471263088,0.553379969413014,0.641330533953984,0.521307955074453,0.9833001388619,0.339644121800431,0.992587378328484
NME4,ENSG00000103202.13,protein_coding,7.52253902459754,-0.390998975793468,0.609809365063763,-0.641182307445515,0.521404243229886,0.9833001388619,0.201617654062621,0.998086042062166
SAMD14,ENSG00000167100.15,protein_coding,5.00865629495597,0.493890206428442,0.770661681989535,0.640865139620564,0.521610306650374,0.9833001388619,0.489518502050818,0.992587378328484
IQSEC1,ENSG00000144711.16,protein_coding,41.9672074206278,0.159523961969591,0.249147453246924,0.640279320100015,0.521991022770097,0.9833001388619,0.175792347747151,0.992587378328484
PSIP1,ENSG00000164985.15,protein_coding,22.5359561455453,-0.202194033847276,0.315932702154523,-0.639990834973401,0.522178557811791,0.9833001388619,0.0210658379656144,0.998086042062166
CBFA2T2,ENSG00000078699.22,protein_coding,7.42920322217372,-0.355949270848744,0.556640192199481,-0.639460239912362,0.522523571258487,0.9833001388619,-0.414900825044465,0.992587378328484
ARAP1,ENSG00000186635.15,protein_coding,55.3780174373637,-0.175834924675822,0.275042493439545,-0.639300940290782,0.52262717689332,0.9833001388619,-0.362313792936692,0.95182832588077
DDX23,ENSG00000174243.10,protein_coding,21.6705225352316,-0.24143315215474,0.377706193634948,-0.639208877755614,0.522687057536702,0.9833001388619,-0.379524721990935,0.964670761257056
SRSF6,ENSG00000124193.16,protein_coding,7.98413203042246,0.287625972409843,0.450044466445713,0.639105674782334,0.522754188494031,0.9833001388619,0.0780178695050819,0.998086042062166
HECW2,ENSG00000138411.13,protein_coding,6.50274829341321,-0.45305285465828,0.708904480094195,-0.639088716999054,0.522765219532225,0.9833001388619,-0.646489715076723,0.983262496850266
RALGAPA2,ENSG00000188559.15,protein_coding,10.0554617739205,0.348087309916417,0.544965876300388,0.638732304267341,0.522997093676289,0.9833001388619,-0.008570655926388,0.998086042062166
ACSL1,ENSG00000151726.15,protein_coding,10.9207380658987,0.305104867490341,0.477685775906525,0.638714575311207,0.523008629116728,0.9833001388619,0.145323890784546,0.998086042062166
LEPROT,ENSG00000213625.9,protein_coding,4.87233830290766,-0.536821743812384,0.840681284454126,-0.638555602151837,0.523112071692722,0.9833001388619,-0.972907546850646,0.953507896005218
SUZ12,ENSG00000178691.11,protein_coding,22.9518080702824,0.217415587622676,0.34051685186194,0.638487013003471,0.523156705351355,0.9833001388619,0.210030057568658,0.992587378328484
CDC42SE2,ENSG00000158985.14,protein_coding,37.2834053274797,-0.191061844093777,0.29927046319914,-0.638425329554294,0.523196846869108,0.9833001388619,-0.344064654969655,0.953507896005218
GPATCH2L,ENSG00000089916.18,protein_coding,7.81176561934397,0.329096742607525,0.516014457146399,0.637766516131073,0.523625679114734,0.983421181796174,0.0515630668771283,0.998086042062166
MTOR,ENSG00000198793.13,protein_coding,8.65229342713632,-0.343195722968647,0.539179767645938,-0.636514468016931,0.524441153968297,0.983421181796174,-0.3182010992749,0.992587378328484
NOL9,ENSG00000162408.11,protein_coding,5.10430477954975,-0.492747771199834,0.774165183855206,-0.636489190518794,0.524457624222137,0.983421181796174,0.348669680332314,0.995521320397187
DCP1A,ENSG00000272886.6,protein_coding,7.66586666345541,-0.428219355662553,0.672797373256167,-0.636475962428452,0.524466243456304,0.983421181796174,0.0626394590627526,0.998086042062166
PITRM1,ENSG00000107959.17,protein_coding,3.55456678651108,0.509118365464504,0.800065998742457,0.636345459330525,0.524551281294769,0.983421181796174,0.581188950884438,0.992587378328484
GNA12,ENSG00000146535.14,protein_coding,10.3464827414044,-0.384524197338566,0.604439620173538,-0.636166433345595,0.524667948886447,0.983421181796174,-0.338164579185186,0.995521320397187
CD47,ENSG00000196776.17,protein_coding,5.26554033758372,-0.512911188128404,0.80684357822082,-0.635700899125243,0.524971390263398,0.983421181796174,-0.453066298102626,0.995521320397187
PIK3C2A,ENSG00000011405.13,protein_coding,11.6493923470989,-0.316980961366773,0.498653486864205,-0.635673809001348,0.524989050730964,0.983421181796174,-0.248722392707346,0.995521320397187
UBR3,ENSG00000144357.18,protein_coding,5.85943225790405,0.368703914214932,0.580025858999829,0.635668062887247,0.524992796750038,0.983421181796174,0.507240718537566,0.985998901411467
PTGS1,ENSG00000095303.17,protein_coding,17.5527964618387,-0.270324566881245,0.425907035892317,-0.634703219482834,0.525621993520111,0.983421181796174,0.06539776159862,0.998086042062166
APLP2,ENSG00000084234.18,protein_coding,11.0791071639484,0.307917383704487,0.485253732812496,0.634549232459934,0.525722447705361,0.983421181796174,0.0633588003077951,0.998086042062166
FCHSD2,ENSG00000137478.15,protein_coding,23.0961629158425,-0.206725965594812,0.325876305154099,-0.63436942890664,0.525839755852606,0.983421181796174,-0.0301095197124149,0.998086042062166
UVRAG,ENSG00000198382.9,protein_coding,5.42514324139018,-0.447704753652137,0.705751135314246,-0.634366324402426,0.525841781423077,0.983421181796174,-0.157825077362191,0.998086042062166
XRCC5,ENSG00000079246.16,protein_coding,30.31211438669,-0.21706272342968,0.342174640143257,-0.634362392662423,0.525844346739042,0.983421181796174,0.0417597240895528,0.998086042062166
ZNF141,ENSG00000131127.14,protein_coding,4.15924452350356,-0.522151438175548,0.82361096906274,-0.633978246756173,0.526095018683755,0.983544878844059,-0.0791494543492877,0.998086042062166
DDX24,ENSG00000089737.17,protein_coding,19.3773441981497,-0.201851300199019,0.318944618945992,-0.632872568491894,0.526816862635932,0.983663117579316,0.0974372557855815,0.998086042062166
IGHG1,ENSG00000211896.7,IG_C_gene,6.7005324545553,-0.442149626186094,0.698820211976677,-0.632708697613988,0.526923889026184,0.983663117579316,0.436208582494862,0.992587378328484
HMGN2,ENSG00000198830.11,protein_coding,62.0746426727626,-0.136931237662593,0.216573521762113,-0.632262136887628,0.527215600478649,0.983663117579316,-0.163015921986354,0.992587378328484
SCYL1,ENSG00000142186.17,protein_coding,13.4939239621127,-0.372549913711268,0.589390282049804,-0.632093750198256,0.527325618834962,0.983663117579316,-0.19903654840882,0.998086042062166
PIP5K1A,ENSG00000143398.20,protein_coding,4.07117597904776,-0.484868682955576,0.767175034161551,-0.63201832875791,0.527374900535091,0.983663117579316,-0.380911737270182,0.995521320397187
YWHAZ,ENSG00000164924.18,protein_coding,125.897187122526,-0.128871809324594,0.203931317361702,-0.631937315915148,0.527427838373126,0.983663117579316,-0.0680714138800781,0.998086042062166
ZFPM2,ENSG00000169946.14,protein_coding,2.3166194207437,-0.686061053704928,1.08607073632165,-0.631690948628732,0.527588843716589,0.983663117579316,-0.0980044760622642,0.998086042062166
ATF6,ENSG00000118217.7,protein_coding,4.04604136924961,-0.510525071751878,0.808490645216416,-0.63145451932251,0.52774337797877,0.983663117579316,-0.630656122201183,0.992587378328484
LYSMD2,ENSG00000140280.14,protein_coding,4.44513432664599,-0.473558092415297,0.750540727888749,-0.630955889292515,0.52806936678174,0.983663117579316,0.515702116793282,0.992587378328484
BRD9,ENSG00000028310.18,protein_coding,3.65654659009359,0.431460493169068,0.683964700421464,0.630822749921449,0.528156426514143,0.983663117579316,0.100790536091728,0.998086042062166
HLA-DRB5,ENSG00000198502.6,protein_coding,4.20511938567196,-0.515052354515867,0.816849585336911,-0.630535123921784,0.528344529894739,0.983663117579316,-0.0964433707066373,0.998086042062166
RPS6KA2,ENSG00000071242.12,protein_coding,9.75254739200128,0.353476951947672,0.560921088397,0.630172334860574,0.528581837520567,0.983663117579316,0.124819031504077,0.998086042062166
POU2F1,ENSG00000143190.23,protein_coding,9.51831510035408,0.278602551496669,0.442245221998153,0.629973005107633,0.528712246220548,0.983663117579316,0.133758668140735,0.998086042062166
FGD5-AS1,ENSG00000225733.6,lncRNA,12.5214066494798,-0.293465264561848,0.465871464335823,-0.629927538017877,0.528741994721339,0.983663117579316,-0.268850065045132,0.992587378328484
ALYREF,ENSG00000183684.8,protein_coding,5.09548534793345,0.43445604535453,0.691074261411892,0.628667669472915,0.529566648417086,0.984265418137052,0.268052317614978,0.998086042062166
MYO1F,ENSG00000142347.19,protein_coding,73.25587877315,-0.15318502714212,0.243807526005475,-0.628303111277542,0.529805393861416,0.984265418137052,-0.1217318617412,0.995521320397187
RP11-475C16.1,ENSG00000218426.5,processed_pseudogene,7.0580227144735,0.320321012750657,0.510149565140774,0.627896277167786,0.530071889942896,0.984265418137052,0.139941788204103,0.998086042062166
GIT1,ENSG00000108262.16,protein_coding,10.5404541214955,-0.319380555935083,0.508770945334861,-0.627749203966186,0.530168246782838,0.984265418137052,-0.28359078026214,0.995521320397187
WIZ,ENSG00000011451.21,protein_coding,3.15185805708775,-0.61255913105329,0.976980281744817,-0.62699231755149,0.530664271020952,0.984265418137052,-0.384276059702132,0.998086042062166
SEPTIN7,ENSG00000122545.20,protein_coding,49.2815315995773,-0.147484793157478,0.235257567450106,-0.626907753727228,0.530719704406504,0.984265418137052,-0.109879130125912,0.995521320397187
PTPN18,ENSG00000072135.13,protein_coding,75.9537732523147,-0.153448852672677,0.24485743832575,-0.626686506735947,0.530864750417594,0.984265418137052,-0.213804299191996,0.987407932503804
TCF7L2,ENSG00000148737.17,protein_coding,10.6339220563111,0.355363250121841,0.567160400055838,0.626565694796136,0.53094396129513,0.984265418137052,0.337739361676815,0.992587378328484
SKA2,ENSG00000182628.13,protein_coding,6.80076998680839,-0.42823809430009,0.683990496231011,-0.626087784347601,0.531257364143346,0.984265418137052,-0.783313671180484,0.953507896005218
WASHC2C,ENSG00000172661.19,protein_coding,12.8765523945125,0.261449992061166,0.417708531501282,0.625914896019698,0.531370763496851,0.984265418137052,0.313649435111675,0.992587378328484
SNF8,ENSG00000159210.10,protein_coding,8.65832334867592,-0.322004636332864,0.514549087919336,-0.625799644568301,0.531446365007181,0.984265418137052,-0.709157813560118,0.95182832588077
EIF3L,ENSG00000100129.18,protein_coding,33.3744416975422,-0.195904444869839,0.3132542741214,-0.625384746686382,0.531718570771742,0.984265418137052,-0.0256022418240594,0.998086042062166
CD9,ENSG00000010278.15,protein_coding,4.07689026371427,0.485925804361617,0.777085765715029,0.625318112621065,0.53176229456316,0.984265418137052,-0.131152505826565,0.998086042062166
CSNK2A1,ENSG00000101266.19,protein_coding,12.088231684966,0.308487336044984,0.493887659827821,0.624610333759965,0.532226835737369,0.984265418137052,-0.0201786623503039,0.998086042062166
SNRPD3,ENSG00000100028.12,protein_coding,3.1093383528098,-0.585983646195795,0.939062446583413,-0.624009242758857,0.532621515070971,0.984265418137052,-0.094339188671247,0.998086042062166
SDHB,ENSG00000117118.10,protein_coding,8.99120735856668,0.302126067771698,0.484564178379354,0.623500624379977,0.532955592076122,0.984265418137052,0.494847677421775,0.953507896005218
TUG1,ENSG00000253352.10,protein_coding,7.12386516512731,-0.337373841825739,0.541549609340689,-0.622978644997041,0.533298555192891,0.984265418137052,0.089476155118208,0.998086042062166
LINC00926,ENSG00000247982.6,lncRNA,4.45050729764733,0.481555399126108,0.772994914099249,0.62297356728052,0.533301892021007,0.984265418137052,0.0090233667123253,0.998086042062166
PRELID3B,ENSG00000101166.16,protein_coding,8.29062647860602,-0.369453470614663,0.593226635464446,-0.622786383024444,0.533424907768194,0.984265418137052,-0.93976057608231,0.922405531070794
MMP24OS,ENSG00000126005.17,protein_coding,9.96203620640225,-0.367006520654288,0.589584787441404,-0.622483022750588,0.533624303764814,0.984265418137052,0.119005230073149,0.998086042062166
SURF6,ENSG00000148296.7,protein_coding,7.77580119638205,-0.346993756001678,0.557621155923362,-0.622275091817656,0.53376099666048,0.984265418137052,0.044398951430347,0.998086042062166
PARP9,ENSG00000138496.17,protein_coding,8.67480705612263,-0.436866927565781,0.702302941784362,-0.622049120933226,0.533909568998413,0.984265418137052,-0.246024198625172,0.998086042062166
DDX11L10,ENSG00000233614.6,transcribed_unprocessed_pseudogene,6.33156759836521,0.401752956513905,0.6460010316443,0.621907608245303,0.534002622022691,0.984265418137052,-0.180500121781898,0.998086042062166
DENND4A,ENSG00000174485.16,protein_coding,23.7315679578017,0.199790760842332,0.32126670553567,0.621884426240829,0.534017866352646,0.984265418137052,0.172877556107863,0.995521320397187
USP25,ENSG00000155313.16,protein_coding,29.2910075893054,0.175212051099752,0.281825825937046,0.6217033180589,0.534136969437777,0.984265418137052,0.228436347237484,0.992587378328484
RNF14,ENSG00000013561.18,protein_coding,13.400372478573,-0.254786481472664,0.409932385487404,-0.621532941755082,0.53424902710666,0.984265418137052,-0.147409545718347,0.998086042062166
FGD4,ENSG00000139132.16,protein_coding,7.18602705902147,0.365813556265497,0.588698565677913,0.621393659833783,0.534340642601921,0.984265418137052,0.13076577547639,0.998086042062166
ID2,ENSG00000115738.10,protein_coding,9.9466202130485,-0.281023761619508,0.452744493503623,-0.620711605887836,0.534789391822712,0.984265418137052,-0.149439024779857,0.998086042062166
PDHB,ENSG00000168291.13,protein_coding,4.85259510064735,0.391955182709941,0.631918873915091,0.620261870454287,0.535085393828458,0.984265418137052,0.519086436136825,0.992587378328484
TAOK2,ENSG00000149930.18,protein_coding,9.34389747626124,-0.346189332920035,0.559631352314359,-0.61860246301135,0.536178278893982,0.984265418137052,0.12592850110229,0.998086042062166
ALDH3B1,ENSG00000006534.16,protein_coding,11.4000201310148,-0.316815891056829,0.512833805301409,-0.617774974624822,0.536723681940608,0.984265418137052,-0.465969099176168,0.992587378328484
BCL2A1,ENSG00000140379.9,protein_coding,9.20443269332454,0.331525725316584,0.537082126219666,0.617271938744412,0.537055372515645,0.984265418137052,0.15795527407822,0.998086042062166
CTR9,ENSG00000198730.9,protein_coding,16.8077949481292,0.217881137693416,0.352976876972608,0.617267452650516,0.537058331008818,0.984265418137052,0.154640409595264,0.997007468931721
AGPAT3,ENSG00000160216.21,protein_coding,4.69536760899258,0.407127773296666,0.659648661131499,0.617188811690025,0.537110194549579,0.984265418137052,0.50112632410615,0.992587378328484
UBA7,ENSG00000182179.13,protein_coding,5.55323939281862,-0.449419597203053,0.728406552495097,-0.616990052689124,0.537241286895132,0.984265418137052,-0.604333024612956,0.992587378328484
STX4,ENSG00000103496.15,protein_coding,4.13950057245171,0.444418335420397,0.720964572664425,0.616421877399589,0.537616117983999,0.984265418137052,0.677041378947884,0.979511700603372
BAZ1B,ENSG00000009954.11,protein_coding,28.3685567608076,-0.242333730882482,0.393161277458825,-0.61637232549653,0.537648814110681,0.984265418137052,-0.107623076945947,0.998086042062166
GFPT1,ENSG00000198380.13,protein_coding,7.01210976402543,-0.329852776441982,0.535321099985491,-0.616177424074863,0.537777426762297,0.984265418137052,-0.383636321864736,0.992587378328484
ARID1A,ENSG00000117713.20,protein_coding,73.1037565133347,-0.143742421811593,0.233375334665864,-0.615928080049236,0.537941987827935,0.984265418137052,-0.0857377084838266,0.998086042062166
CTDSPL2,ENSG00000137770.14,protein_coding,10.4317655541764,0.298816724450615,0.485188667736364,0.615877377855374,0.537975453150073,0.984265418137052,0.204369991805141,0.998086042062166
BDP1,ENSG00000145734.19,protein_coding,26.6052306179309,0.172338140088309,0.279924213115528,0.615659996576227,0.538118944673973,0.984265418137052,0.205609249839305,0.992587378328484
TAF2,ENSG00000064313.12,protein_coding,6.71238984005232,0.358115960894015,0.581887124554326,0.615438881154657,0.538264920776206,0.984265418137052,0.0059012561222258,0.998587857984255
RPL9P9,ENSG00000237550.5,transcribed_processed_pseudogene,20.7657281736113,0.208311402311705,0.33847839070888,0.615434863878416,0.538267573087633,0.984265418137052,-0.108687966449609,0.998086042062166
PDK4,ENSG00000004799.8,protein_coding,8.40398860167905,-0.309482638958701,0.503160715390931,-0.615077110537632,0.538503797543179,0.984265418137052,-0.585845688196065,0.953507896005218
CBX3,ENSG00000122565.19,protein_coding,17.2249657680189,-0.233035655017567,0.378936128926917,-0.614973440715416,0.538572260420721,0.984265418137052,-0.046970070387343,0.998086042062166
CARHSP1,ENSG00000153048.11,protein_coding,4.84048629161827,0.497559612033865,0.809187971821566,0.614887553152583,0.538628983315718,0.984265418137052,0.538165829235811,0.992587378328484
NSL1,ENSG00000117697.15,protein_coding,4.25301144829881,-0.399426641965457,0.649952992088739,-0.614546970053679,0.538853944783661,0.984265418137052,0.493933608483289,0.992587378328484
CAPZA1,ENSG00000116489.13,protein_coding,30.5086363895306,-0.22029309871796,0.358777768246314,-0.614009891958301,0.539208790522805,0.984265418137052,-0.317705553581833,0.983262496850266
NT5C3A,ENSG00000122643.23,protein_coding,19.7166935429907,-0.285771668104026,0.465601146180937,-0.613769253894775,0.539367817274151,0.984265418137052,-0.200899632173307,0.997878976321691
RP11-632K20.7,ENSG00000223509.8,transcribed_processed_pseudogene,15.7447889367927,0.247209256070822,0.402774327227924,0.613766169686704,0.539369855639458,0.984265418137052,0.442055655361217,0.953507896005218
ATP5MJ,ENSG00000156411.10,protein_coding,27.6994376570717,0.174862950916386,0.284922883448896,0.613720276868354,0.539400186840411,0.984265418137052,0.177817836364456,0.992587378328484
SRSF5,ENSG00000100650.16,protein_coding,15.9721285505795,-0.288577745953749,0.470583860006825,-0.613233411680467,0.539722015401615,0.984265418137052,-0.247750733852979,0.995521320397187
RGS3,ENSG00000138835.22,protein_coding,14.7171165137457,0.213317325784965,0.34842080457446,0.612240494781871,0.540378653027865,0.984265418137052,0.0389146562139906,0.998086042062166
RNF6,ENSG00000127870.17,protein_coding,14.8542447105776,-0.271755737800434,0.444228169411864,-0.611748098190679,0.540704433775884,0.984265418137052,-0.396988311547953,0.992587378328484
PLEKHM2,ENSG00000116786.13,protein_coding,14.1472456783846,0.47524957879235,0.777268479495898,0.611435548114052,0.540911274917592,0.984265418137052,0.0586001416210852,0.998086042062166
PTTG1IP,ENSG00000183255.12,protein_coding,8.56598820203057,0.323127426501442,0.528514813623477,0.611387643585793,0.540942980939017,0.984265418137052,0.5860803651156,0.953507896005218
CDK14,ENSG00000058091.17,protein_coding,8.51429573031269,0.302237193070697,0.494649191671845,0.611013215343944,0.541190831462176,0.984265418137052,0.158139524161497,0.998086042062166
KIAA0100,ENSG00000007202.15,protein_coding,9.64200347819787,0.303039907911244,0.496002477285319,0.610964504794044,0.541223079286907,0.984265418137052,0.0195432999893699,0.998086042062166
SLA2,ENSG00000101082.14,protein_coding,5.5635382791193,-0.34563621791489,0.565729343141863,-0.610956850842042,0.541228146516761,0.984265418137052,-0.0009105655515687,0.999655005903413
GVINP1,ENSG00000254838.5,transcribed_unprocessed_pseudogene,19.2207670330689,-0.223732214821546,0.366221910985546,-0.610919795103073,0.541252679269415,0.984265418137052,-0.342946881550868,0.983262496850266
MED12L,ENSG00000144893.12,protein_coding,3.80554571578475,0.503054989249174,0.823647134459475,0.61076517868214,0.541355049066725,0.984265418137052,0.712424457040739,0.983262496850266
ITPR1,ENSG00000150995.21,protein_coding,9.94838261634964,0.268891721986663,0.440390061703809,0.61057627174046,0.541480135354436,0.984265418137052,0.298647385247733,0.992587378328484
BRF1,ENSG00000185024.17,protein_coding,6.21452075665017,-0.519535601296547,0.851286400637872,-0.610294726789078,0.541666589439471,0.984265418137052,-0.781818508356344,0.983262496850266
MICAL3,ENSG00000243156.9,protein_coding,5.42787568127241,0.415758080627653,0.68178872062908,0.609804867766127,0.541991076579401,0.984265418137052,0.322960208676031,0.995521320397187
RNA5SP141,ENSG00000201413.1,rRNA_pseudogene,4.09179055894895,0.449912183407806,0.738053081617847,0.609593259094017,0.542131278104822,0.984265418137052,0.469347606026777,0.992587378328484
MAP3K14,ENSG00000006062.18,protein_coding,7.17737934596802,0.454431362078924,0.745742621107844,0.609367560893649,0.542280834593353,0.984265418137052,0.321815050074833,0.998086042062166
PIK3C2B,ENSG00000133056.14,protein_coding,10.6397466399331,-0.408635072941843,0.671069934108188,-0.608930682440563,0.542570385849853,0.984265418137052,-0.14439092961522,0.998086042062166
ZAP70,ENSG00000115085.14,protein_coding,10.4567405895556,-0.315957863271131,0.519421060736498,-0.608288510333268,0.542996140041063,0.984265418137052,0.164835924635519,0.998086042062166
MEF2A,ENSG00000068305.17,protein_coding,12.3873786397365,-0.234546348840613,0.386090516023745,-0.607490573081541,0.543525396834344,0.984265418137052,-0.302716150672381,0.992587378328484
RAB2A,ENSG00000104388.15,protein_coding,10.5733574561513,-0.256383532584735,0.422254692840177,-0.607177461688451,0.543733147856975,0.984265418137052,-0.34048108091194,0.992587378328484
NOL8,ENSG00000198000.12,protein_coding,9.34055417977583,-0.291793198300367,0.480617495345267,-0.607121465877451,0.543770305530163,0.984265418137052,-0.479184641708426,0.97236782393181
FUBP1,ENSG00000162613.17,protein_coding,14.9077420214701,0.219312202888947,0.361271014158932,0.607057290216109,0.543812892738005,0.984265418137052,0.317638183066809,0.983262496850266
MAN1A1,ENSG00000111885.7,protein_coding,9.76887305841795,-0.366750001290667,0.604909866628692,-0.606288674599825,0.544323077824084,0.984265418137052,-0.239802331367283,0.998086042062166
TM9SF3,ENSG00000077147.16,protein_coding,6.58887611868663,0.34889097690916,0.575493546550232,0.606246549593076,0.544351046075461,0.984265418137052,0.272787173548863,0.995521320397187
PPFIBP1,ENSG00000110841.14,protein_coding,10.4114897035241,-0.302888459857419,0.500169267940252,-0.605571911894436,0.544799058713274,0.984265418137052,0.14047062889953,0.998086042062166
TRERF1,ENSG00000124496.12,protein_coding,7.53430145842912,-0.366559629528851,0.60547583190935,-0.605407532738203,0.544908247178989,0.984265418137052,-0.312195002689306,0.995521320397187
CD4,ENSG00000010610.10,protein_coding,4.05950976758934,-0.469621861053876,0.777041441415966,-0.604371705321284,0.545596542998925,0.984265418137052,-0.933316591518014,0.953507896005218
BLK,ENSG00000136573.14,protein_coding,6.17745258277516,-0.411992091685976,0.681790705971453,-0.604279419002855,0.545657887151603,0.984265418137052,-0.158368963569565,0.998086042062166
AC114752.3,ENSG00000238201.1,lncRNA,4.33385668785818,0.520208351433775,0.861335960968416,0.603955221896105,0.545873413132035,0.984265418137052,-0.0564664571916524,0.998086042062166
MPP6,ENSG00000105926.16,protein_coding,5.89869307378404,0.370920195606316,0.614906175079091,0.603214296162511,0.546366138397502,0.984265418137052,0.279435918790423,0.995521320397187
ESAM,ENSG00000149564.12,protein_coding,2.52081901615804,-0.753186063932614,1.24902974797442,-0.60301691385179,0.546497437368134,0.984265418137052,-0.977215174572289,0.992587378328484
HERPUD2,ENSG00000122557.11,protein_coding,5.04133752909486,0.355088175214104,0.589088099456698,0.60277601184202,0.546657706876538,0.984265418137052,0.561447910386253,0.97236782393181
CS,ENSG00000062485.19,protein_coding,11.947226932491,0.281480568135981,0.467066815804497,0.602655891215792,0.546737630529763,0.984265418137052,-0.197514417920303,0.998086042062166
LSM 10.00,ENSG00000181817.6,protein_coding,4.51143674501289,0.416530437230093,0.691675629871006,0.602204876450214,0.547037770080878,0.984265418137052,0.554313310749033,0.992587378328484
LILRB2,ENSG00000131042.15,protein_coding,5.90799254484549,0.383936762729182,0.637769525543499,0.601999229113363,0.547174650535368,0.984265418137052,0.11920300670192,0.998086042062166
RP11-632C17__A.1,ENSG00000230202.1,processed_pseudogene,20.2866496660169,0.197472243934576,0.3281503020404,0.601773768625892,0.547324738250236,0.984265418137052,0.154127141447068,0.995521320397187
CDK9,ENSG00000136807.14,protein_coding,9.61778698823828,0.280348996786829,0.465881770346327,0.601759962787175,0.547333929377263,0.984265418137052,-0.0365800692399014,0.998086042062166
VAV3,ENSG00000134215.16,protein_coding,6.38658766051976,0.349733984187915,0.581268581280149,0.601673641843298,0.547391398588496,0.984265418137052,-0.0344157610098922,0.998086042062166
RIF1,ENSG00000080345.18,protein_coding,10.7250586251458,0.296934019892811,0.493657230902717,0.601498370336494,0.547508096894606,0.984265418137052,0.318474275091324,0.992587378328484
TRIM69,ENSG00000185880.13,protein_coding,9.16357413056316,0.324818647982074,0.540143751186786,0.601355930284101,0.547602944605723,0.984265418137052,0.467345812216267,0.991749341206479
MTHFD2,ENSG00000065911.13,protein_coding,6.37177984149431,-0.419411697783498,0.698310711203765,-0.600608999768178,0.54810044225632,0.984265418137052,-0.362977514216157,0.995521320397187
NHLRC2,ENSG00000196865.4,protein_coding,5.48451234018281,-0.345625414980027,0.575509446030726,-0.600555590118975,0.548136024634741,0.984265418137052,0.0450504102034097,0.998086042062166
RN7SL5P,ENSG00000265735.2,misc_RNA,48.721287462248,0.14655937650468,0.244410537777408,0.599644261812298,0.548743342231283,0.984265418137052,-0.0560001317126188,0.998086042062166
WHAMMP2,ENSG00000248334.6,transcribed_unprocessed_pseudogene,5.22981285175159,0.423210606957208,0.705774371557921,0.599640088974918,0.54874612381239,0.984265418137052,-0.227961567729007,0.998086042062166
LMO4,ENSG00000143013.13,protein_coding,4.47509068759244,0.399929962460762,0.66752038931892,0.599127710344273,0.549087724329422,0.984265418137052,0.0495678650881413,0.998086042062166
PABPC1,ENSG00000070756.17,protein_coding,379.798794879717,-0.0666333436892931,0.111236193558075,-0.599025744750109,0.549155716844626,0.984265418137052,-0.0150920980513311,0.998086042062166
H2BC21,ENSG00000184678.10,protein_coding,22.6076173606637,-0.206878379383983,0.345614773618752,-0.598580833851134,0.549452440124688,0.984265418137052,-0.165381720707318,0.995521320397187
SH3PXD2A,ENSG00000107957.16,protein_coding,14.7425866743273,-0.290877712957068,0.486287144411614,-0.598160400289867,0.549732911427512,0.984265418137052,-0.0029444852225828,0.998592526220086
MTCH1,ENSG00000137409.20,protein_coding,6.69734316085927,-0.353026767467298,0.590546048217482,-0.597797188776189,0.549975266688759,0.984265418137052,-0.422501454190163,0.992587378328484
STOML2,ENSG00000165283.16,protein_coding,5.27448167895957,-0.375624570202311,0.628571880989353,-0.597584113389053,0.550117467130274,0.984265418137052,-0.136019199957435,0.998086042062166
NUDT3,ENSG00000272325.2,protein_coding,25.8817190883706,0.177230819520705,0.296765429374029,0.597208441342175,0.550368224052991,0.984265418137052,0.049348791439152,0.998086042062166
CHMP1B,ENSG00000255112.3,protein_coding,5.0273017396822,-0.430285369812186,0.720937637932155,-0.596841317712807,0.550613329360913,0.984265418137052,-0.250462094927358,0.998086042062166
UBC,ENSG00000150991.15,protein_coding,132.143076963236,-0.0997240319336458,0.167096233500296,-0.596805983262747,0.550636922780045,0.984265418137052,-0.158082415939357,0.983262496850266
WDR1,ENSG00000071127.17,protein_coding,69.0123164429036,-0.141819367645441,0.237653304837051,-0.596748981642317,0.550674984789653,0.984265418137052,-0.171141121296138,0.992587378328484
MTIF3,ENSG00000122033.15,protein_coding,8.99942042839741,-0.339225872683611,0.568503286700255,-0.596699932295147,0.550707737819917,0.984265418137052,0.0428256949409493,0.998086042062166
ARHGAP25,ENSG00000163219.12,protein_coding,32.6613615393764,0.168883993102682,0.283136640238719,0.596475231747793,0.550857795370282,0.984265418137052,0.259005499913505,0.983262496850266
PDHX,ENSG00000110435.13,protein_coding,7.88633293607936,-0.369869749183799,0.620683044571337,-0.595907609235955,0.551236949629893,0.984265418137052,-0.737332260366818,0.953507896005218
PPM1G,ENSG00000115241.11,protein_coding,13.3892465488746,-0.28638660933516,0.480606328135625,-0.595886055945446,0.55125134908875,0.984265418137052,-0.103588529323456,0.998086042062166
HADHB,ENSG00000138029.14,protein_coding,7.29231001161489,-0.297523386200846,0.499310935636768,-0.59586795514786,0.551263442127139,0.984265418137052,-0.46609823291683,0.983262496850266
AATF,ENSG00000275700.6,protein_coding,25.6920248627184,-0.20968932365667,0.351979604921189,-0.595742823518486,0.551347045413863,0.984265418137052,0.109154689494313,0.998086042062166
MORF4L1,ENSG00000185787.15,protein_coding,33.3347066912015,0.162510238858382,0.272897392106916,0.595499420510086,0.551509686350075,0.984265418137052,0.216767576363446,0.992587378328484
ARID1B,ENSG00000049618.24,protein_coding,31.4040937298725,0.199349512553273,0.334900652312916,0.595249699206347,0.551676573648255,0.984265418137052,0.112189573668075,0.998086042062166
PCSK7,ENSG00000160613.14,protein_coding,3.77631015353847,-0.534808960356897,0.899035655001765,-0.594869577620753,0.551930654319639,0.984265418137052,0.291197709452885,0.998086042062166
ELP2,ENSG00000134759.14,protein_coding,6.49664782060542,0.370138628462266,0.622266648048001,0.594823183314356,0.551961669112628,0.984265418137052,0.0947298021808988,0.998086042062166
NLRC3,ENSG00000167984.18,protein_coding,8.77945723935474,-0.405918521791316,0.682594139779433,-0.594670387768757,0.552063819641815,0.984265418137052,-0.326053277221886,0.995521320397187
IMPDH1,ENSG00000106348.18,protein_coding,10.9440718776423,0.279777214875452,0.470725471535545,0.594353252146725,0.552275868350186,0.984265418137052,0.282345421764674,0.995521320397187
SSH1,ENSG00000084112.15,protein_coding,11.4438715726213,0.248917111869437,0.419264072094478,0.593700076960913,0.552712731578959,0.984265418137052,0.197898054182696,0.995521320397187
PARVG,ENSG00000138964.17,protein_coding,13.1655819024484,0.23547719509962,0.396712875972098,0.593570840176565,0.552799189114731,0.984265418137052,-0.252998610427459,0.995521320397187
TRNT1,ENSG00000072756.17,protein_coding,5.5717801357992,0.385615522156995,0.649954974755196,0.59329574683575,0.552983244656521,0.984265418137052,-0.004890232428844,0.998592526220086
EIF4A2,ENSG00000156976.17,protein_coding,33.5845779113378,-0.193141737771186,0.325613649757113,-0.593162288851398,0.553072547650759,0.984265418137052,-0.193869420378365,0.992587378328484
BEST1,ENSG00000167995.17,protein_coding,4.71687199564559,0.481391195174419,0.811682049959052,0.593078527729798,0.553128599755218,0.984265418137052,-0.0642144699675118,0.998086042062166
SAMSN1,ENSG00000155307.19,protein_coding,6.18828251988378,-0.368536469714136,0.622248458718079,-0.592265781539056,0.553672625929593,0.984265418137052,-0.850652470015884,0.95182832588077
TXN,ENSG00000136810.13,protein_coding,7.55532624357575,0.309724649243604,0.523133773038788,0.592056306065789,0.553812884542703,0.984265418137052,0.0690138172345677,0.998086042062166
GPX1,ENSG00000233276.8,protein_coding,34.3018223450967,0.153036913766728,0.258572368999755,0.591853315026376,0.553948817966452,0.984265418137052,0.0613709493230941,0.998086042062166
HPS1,ENSG00000107521.20,protein_coding,11.2772883044739,-0.332324857106232,0.56161988888159,-0.591725584661939,0.554034361275364,0.984265418137052,-0.292809151829859,0.995521320397187
ZBTB40,ENSG00000184677.18,protein_coding,5.77503364159337,-0.389574929606971,0.658910866307784,-0.591240711797575,0.554359148152611,0.984265418137052,-0.374279930075912,0.995521320397187
NOL11,ENSG00000130935.10,protein_coding,7.10520667724124,-0.351684819492166,0.595059881871728,-0.591007443462598,0.554515433619584,0.984265418137052,-0.202586522360807,0.998086042062166
XBP1,ENSG00000100219.16,protein_coding,8.98317325154681,0.257925987734863,0.436639341074938,0.59070716601003,0.554716645675558,0.984265418137052,0.289099972724003,0.992587378328484
HSPA4,ENSG00000170606.15,protein_coding,21.3639220403382,-0.206349740857328,0.349509100608857,-0.590398763573995,0.554923339333392,0.984265418137052,-0.0919537406939453,0.998086042062166
APC,ENSG00000134982.17,protein_coding,9.92080862871091,0.306514391056223,0.519307611157514,0.590236662183742,0.555031996009498,0.984265418137052,0.165203421051533,0.998086042062166
STK24,ENSG00000102572.15,protein_coding,38.6564825846622,0.15717461460048,0.266591027187375,0.589572035708499,0.555477604283374,0.984265418137052,-0.0147350550198448,0.998086042062166
SH2D2A,ENSG00000027869.12,protein_coding,2.74110947971168,-0.517743842865707,0.878294931322478,-0.589487453930906,0.555534325868916,0.984265418137052,0.588354809486683,0.992587378328484
HACD4,ENSG00000188921.14,protein_coding,6.86747458219353,0.320024366711943,0.542890496693848,0.589482351709713,0.555537747571966,0.984265418137052,0.152885800216443,0.998086042062166
ACIN1,ENSG00000100813.15,protein_coding,41.3694763004806,-0.172337819568491,0.292373297433233,-0.589444457074083,0.555563161176869,0.984265418137052,-0.124313723558523,0.998086042062166
PARG,ENSG00000227345.9,protein_coding,8.74666322787429,0.321566737393436,0.545656406168105,0.589320923860589,0.555646011258082,0.984265418137052,0.200123826125984,0.998086042062166
NDUFS7,ENSG00000115286.20,protein_coding,4.09146273473718,-0.527197627047158,0.894792948001632,-0.589183931572733,0.555737894996614,0.984265418137052,0.0646506193822536,0.998086042062166
TSN,ENSG00000211460.12,protein_coding,7.77970830697316,0.343215202572196,0.582891143665818,0.588815263882218,0.555985205352925,0.984265418137052,0.315060509849365,0.995521320397187
VAMP2,ENSG00000220205.9,protein_coding,6.56424076778931,-0.368421584909185,0.625857482388633,-0.588666901453467,0.556084745269835,0.984265418137052,-0.245768578770256,0.998086042062166
RRP12,ENSG00000052749.14,protein_coding,7.05297958129971,0.362821169373698,0.616518796578326,0.588499769005183,0.556196888856827,0.984265418137052,-0.242030495251646,0.998086042062166
HERC1,ENSG00000103657.14,protein_coding,42.5581963265104,0.154166056796628,0.261974067787178,0.588478310463421,0.556211288043959,0.984265418137052,0.0884474350506276,0.998086042062166
LSM14A,ENSG00000257103.9,protein_coding,46.4969091237569,-0.149153276802144,0.253485548823953,-0.588409388598841,0.556257537468928,0.984265418137052,-0.222335747662661,0.983262496850266
RAI1,ENSG00000108557.19,protein_coding,8.927941944401,-0.568252779661979,0.965754284005661,-0.588403063877735,0.556261781712637,0.984265418137052,-0.357735264230779,0.995521320397187
EIF2B1,ENSG00000111361.13,protein_coding,6.66733216426926,-0.403170508191676,0.685684600860071,-0.587982445115392,0.556544076015837,0.984265418137052,-0.239339627753893,0.998086042062166
SHC1,ENSG00000160691.19,protein_coding,6.05384005480267,-0.331901864967393,0.564543593601923,-0.587911843706843,0.55659146632787,0.984265418137052,0.0821287729509529,0.998086042062166
LSM 4.00,ENSG00000130520.11,protein_coding,14.6511361510602,0.434219080508997,0.739139901680527,0.587465349281977,0.556891215674032,0.984265418137052,0.11532752602893,0.998086042062166
IRAK4,ENSG00000198001.14,protein_coding,4.58779135871429,0.493379708983205,0.83988233149807,0.587439085786196,0.556908849845412,0.984265418137052,0.176328652182881,0.998086042062166
RAB22A,ENSG00000124209.4,protein_coding,7.11129960339353,0.295091816527959,0.502523041309427,0.587220470048571,0.55705564616985,0.984265418137052,0.545804783600822,0.953507896005218
TXNL1,ENSG00000091164.13,protein_coding,9.05969940015858,-0.301792169986519,0.514039720130691,-0.587098930623086,0.557137265742151,0.984265418137052,0.0292504780446539,0.998086042062166
MAP2K1,ENSG00000169032.10,protein_coding,11.3585815182256,-0.256588374025013,0.437324324866712,-0.586723306788884,0.557389552032261,0.984265418137052,0.0267890775510352,0.998086042062166
SLC38A2,ENSG00000134294.14,protein_coding,6.22088428729391,-0.404722747439507,0.690957100608137,-0.585742222032736,0.558048756032919,0.984265418137052,0.046635955753175,0.998086042062166
ZCCHC7,ENSG00000147905.18,protein_coding,20.8105430797362,0.195257127031579,0.333573086753534,0.585350361840936,0.55831215807334,0.984265418137052,0.127076627593221,0.998086042062166
NUP107,ENSG00000111581.10,protein_coding,6.29572053614559,-0.346953562888335,0.593034647679509,-0.585047710527425,0.558515636716393,0.984265418137052,-0.201039459719725,0.998086042062166
LCOR,ENSG00000196233.14,protein_coding,28.686184675715,0.174154911432091,0.298568452336117,0.583299776213575,0.559691513162252,0.984265418137052,0.174865740507402,0.992587378328484
SRRT,ENSG00000087087.20,protein_coding,11.147816123395,-0.280452995919136,0.481131978693888,-0.582902422492205,0.559958989757148,0.984265418137052,0.279282504175352,0.992587378328484
TNFRSF1B,ENSG00000028137.19,protein_coding,6.85413147250626,-0.355078914524359,0.609423186431108,-0.582647530370095,0.560130601688402,0.984265418137052,-0.235547669325588,0.998086042062166
FAM193A,ENSG00000125386.16,protein_coding,13.1502494175712,0.252150569537704,0.432928392172052,0.58243019884336,0.560276945224146,0.984265418137052,0.108054096176245,0.998086042062166
AP3B1,ENSG00000132842.14,protein_coding,8.06642855761801,-0.300538654398523,0.516193243493551,-0.582221209182251,0.560417689108511,0.984265418137052,-0.0867563273842256,0.998086042062166
XPO6,ENSG00000169180.12,protein_coding,24.9297468874705,-0.17446559422702,0.299683718494908,-0.582165741613303,0.560455046565099,0.984265418137052,-0.388501285932224,0.95182832588077
NDUFV3,ENSG00000160194.18,protein_coding,8.20418357082809,-0.33422837557044,0.574256217262229,-0.582019602963771,0.560553476850247,0.984265418137052,0.323934551629591,0.992587378328484
PPP1R12C,ENSG00000125503.13,protein_coding,13.9170594512858,-0.321233708170365,0.552471026607538,-0.581448967818111,0.560937902837712,0.984265418137052,-0.16797628642538,0.998086042062166
REV3L,ENSG00000009413.16,protein_coding,7.5830016747017,-0.299251238606696,0.514712729194102,-0.581394672471461,0.560974487222602,0.984265418137052,0.0766161095717495,0.998086042062166
PARD3,ENSG00000148498.16,protein_coding,6.09885554007701,-0.337473961685228,0.580584603014058,-0.581265779239165,0.561061340535428,0.984265418137052,-0.195399157890062,0.998086042062166
HELZ,ENSG00000198265.12,protein_coding,20.9503418933658,-0.180145596901321,0.310016430441908,-0.581084030431987,0.561183821063747,0.984265418137052,0.0994515217395621,0.998086042062166
ORC2,ENSG00000115942.9,protein_coding,4.5101822210492,0.425629837354678,0.733136193413822,0.58056039406914,0.561536771944078,0.984265418137052,-0.0322698061263954,0.998086042062166
ESF1,ENSG00000089048.15,protein_coding,7.14935582353277,0.315724039904013,0.543840668322062,0.580545108695406,0.561547076481296,0.984265418137052,0.169710516020448,0.998086042062166
LAP3,ENSG00000002549.13,protein_coding,15.0937979320632,-0.333650907014451,0.575266663343173,-0.579993467856163,0.561919022821257,0.984265418137052,-0.445141005226947,0.992587378328484
C11orf21,ENSG00000110665.12,protein_coding,4.07403333784757,-0.445091553476532,0.767638456032461,-0.57981924951622,0.562036515061854,0.984265418137052,-0.050620818465761,0.998086042062166
NUP188,ENSG00000095319.14,protein_coding,5.24672666081845,-0.413688471007424,0.713895383642677,-0.579480524018189,0.562264984325479,0.984265418137052,-0.0222091392051923,0.998086042062166
MKI67,ENSG00000148773.14,protein_coding,8.59476344106105,-0.295928900262438,0.511165361570856,-0.578929877707328,0.562636489207552,0.984265418137052,-0.44520927390161,0.992318415605086
FN3K,ENSG00000167363.14,protein_coding,2.54932179382565,-0.581232921711838,1.00399018463096,-0.578922912404252,0.562641189251608,0.984265418137052,0.0083672266091443,0.998587857984255
GOLGA3,ENSG00000090615.15,protein_coding,21.2195595444334,0.219305250831667,0.378913155414802,0.578774443952968,0.562741377233177,0.984265418137052,0.414549249848306,0.953507896005218
POLR2E,ENSG00000099817.12,protein_coding,10.1799372422656,0.314184737234639,0.543333539559476,0.578253898129267,0.563092714711704,0.984265418137052,-0.0381644098416073,0.998086042062166
RILPL1,ENSG00000188026.13,protein_coding,2.82947188595374,0.589407027309749,1.01932693813653,0.578231581309196,0.563107779603223,0.984265418137052,0.400882326829025,0.998086042062166
CREBL2,ENSG00000111269.3,protein_coding,14.295067893056,0.233101584769056,0.403329035653035,0.577943971704488,0.563301946858404,0.984265418137052,-0.0445967621093438,0.998086042062166
MINDY2,ENSG00000128923.11,protein_coding,4.97617853113809,-0.503239858784127,0.871754905630305,-0.577272184571499,0.563755600776687,0.984265418137052,-0.3597535615604,0.998086042062166
MPHOSPH10,ENSG00000124383.9,protein_coding,9.20279509988177,-0.339440857850102,0.588139532706794,-0.577143414060084,0.563842578850688,0.984265418137052,-0.0230213172200882,0.998086042062166
ZNF394,ENSG00000160908.15,protein_coding,10.4739344983257,0.302400482622154,0.524222485948698,0.576855229845573,0.564037256370615,0.984265418137052,0.0085769899078821,0.998086042062166
CDYL,ENSG00000153046.18,protein_coding,18.4797563012937,0.193102864345863,0.334874856737959,0.576641872211285,0.564181407029147,0.984265418137052,0.0059265029706733,0.998086042062166
PLXDC2,ENSG00000120594.17,protein_coding,4.99070906420267,0.418100760297952,0.72560459028003,0.576210192022898,0.564473117031557,0.984265418137052,0.455006351058617,0.992587378328484
IFNAR1,ENSG00000142166.13,protein_coding,5.41495317717947,-0.38489414314842,0.668764758863005,-0.575529942401264,0.564932946310912,0.984265418137052,0.220038250926623,0.998086042062166
THOC7,ENSG00000163634.12,protein_coding,7.87740698938619,-0.348108356595758,0.60525392687385,-0.575144317350811,0.56519369778893,0.984265418137052,-0.265868252502104,0.995521320397187
C20orf27,ENSG00000101220.18,protein_coding,7.35397331880484,0.365896029709468,0.636279538426841,0.575055471081346,0.565253781950356,0.984265418137052,0.204082821344807,0.998086042062166
CHASERR,ENSG00000272888.7,lncRNA,5.32068743663366,0.365290789369287,0.635571734882187,0.574743603783764,0.565464713078784,0.984265418137052,0.286233236365655,0.995521320397187
PDK2,ENSG00000005882.12,protein_coding,4.29489963496974,-0.480410513861044,0.836128344401691,-0.57456551626032,0.565585179355078,0.984265418137052,0.0466768965399403,0.998086042062166
ELF2,ENSG00000109381.20,protein_coding,8.40799109945113,0.290125873901337,0.505479776742755,0.573961387280159,0.565993930735585,0.984265418137052,0.175194378938306,0.998086042062166
AP2M1,ENSG00000161203.13,protein_coding,40.2535607387281,0.150842270330092,0.263262203680521,0.572973515458167,0.566662626446973,0.984265418137052,0.0589735383906858,0.998086042062166
MEAF6,ENSG00000163875.16,protein_coding,12.9908090153907,0.220911849843157,0.385696758940263,0.572760451630789,0.566806900139117,0.984265418137052,0.118210548853528,0.998086042062166
ACACB,ENSG00000076555.15,protein_coding,3.65397360281685,0.468742986613775,0.818450491083973,0.572720026098295,0.566834275805607,0.984265418137052,0.292244321724564,0.998086042062166
CDC16,ENSG00000130177.16,protein_coding,4.64691930746187,-0.422380108194619,0.738151716119466,-0.572213135824044,0.567177589367978,0.984265418137052,-0.716494051346434,0.983262496850266
IRF2,ENSG00000168310.11,protein_coding,18.9159856166144,0.274317452139301,0.479557005397939,0.572022614728921,0.567306653849821,0.984265418137052,-0.0740991983087835,0.998086042062166
ARL5A,ENSG00000162980.17,protein_coding,6.33720739432385,-0.38355997922879,0.670623355025293,-0.571945453963982,0.567358928778505,0.984265418137052,0.673713141157121,0.967795964188399
POLE3,ENSG00000148229.13,protein_coding,10.9533907266675,-0.3000753301163,0.524942384269302,-0.571634790995192,0.567569420283393,0.984265418137052,-0.0159215982542863,0.998086042062166
UNC119,ENSG00000109103.12,protein_coding,7.39517046830327,-0.443635973307403,0.776691331385745,-0.571186976576504,0.567872905331763,0.984265418137052,-0.110072135961959,0.998086042062166
POTEE,ENSG00000188219.15,protein_coding,14.8259196966325,0.21964311522486,0.384556991538344,0.571158814058279,0.567891993742096,0.984265418137052,0.0312659927437475,0.998086042062166
RFX7,ENSG00000181827.16,protein_coding,7.04086262817859,0.300352986977743,0.526120295057048,0.570882723589242,0.568079142703421,0.984265418137052,0.265712002253964,0.995521320397187
AUP1,ENSG00000115307.17,protein_coding,2.90863379870787,0.539153399352766,0.944893765848949,0.570596842565003,0.568272959316807,0.984265418137052,-0.0797075868388486,0.998086042062166
ARRB1,ENSG00000137486.17,protein_coding,25.6898087105437,0.169383294787251,0.297035950796182,0.570245097717069,0.568511472515975,0.984265418137052,0.0830190317959025,0.998086042062166
RING1,ENSG00000204227.5,protein_coding,4.57373971637316,-0.443239749264036,0.777387842923751,-0.570165527154392,0.568565434824191,0.984265418137052,-0.198409864838588,0.998086042062166
HIVEP2,ENSG00000010818.10,protein_coding,24.1682674913366,-0.194348759530703,0.340910525557597,-0.570087295523727,0.56861849149669,0.984265418137052,0.027742254784817,0.998086042062166
SF3B2,ENSG00000087365.16,protein_coding,57.806709788089,-0.145520688045076,0.255374530479091,-0.569832425230797,0.568791360877462,0.984265418137052,-0.0873180091837976,0.998086042062166
PACS1,ENSG00000175115.13,protein_coding,37.4269099046507,-0.197234643954525,0.346197602003165,-0.569716955904049,0.568869687846307,0.984265418137052,-0.0240709808367996,0.998086042062166
PPWD1,ENSG00000113593.12,protein_coding,5.63246465265574,-0.370471486057968,0.650661885409821,-0.569376344865546,0.569100766495969,0.984265418137052,-0.430283687645148,0.992587378328484
IER5,ENSG00000162783.11,protein_coding,14.5225666095631,0.266764960961747,0.468674077678906,0.56919077385908,0.5692266811532,0.984265418137052,-0.190147733573961,0.998086042062166
KLF7,ENSG00000118263.15,protein_coding,5.66451586368962,-0.39743292814136,0.698335431077479,-0.569114655299891,0.569278333382434,0.984265418137052,0.0432347499545138,0.998086042062166
CHP1,ENSG00000187446.12,protein_coding,10.0066632518352,0.239921004057696,0.421722800427479,0.568906883418445,0.569419333788794,0.984265418137052,0.286537351590147,0.992587378328484
HIPK1,ENSG00000163349.22,protein_coding,32.3184831993022,-0.161513497667037,0.284011747004633,-0.568685976444498,0.569569266355415,0.984265418137052,-0.136124650654661,0.995521320397187
IRF4,ENSG00000137265.15,protein_coding,6.19318521695454,-0.395968835958037,0.696331474536765,-0.568649918088875,0.569593741440035,0.984265418137052,-0.24123046652207,0.998086042062166
KDM1A,ENSG00000004487.17,protein_coding,26.3520360521747,0.226679083712412,0.398931944845149,0.56821492147088,0.56988904067275,0.984265418137052,0.105070303871002,0.998086042062166
DCAF7,ENSG00000136485.15,protein_coding,19.9550747366154,0.214864418630306,0.378197126168367,0.568128110351244,0.569947981495202,0.984265418137052,0.208130531206098,0.995521320397187
RAB12,ENSG00000206418.5,protein_coding,4.61456775267882,-0.435346790371649,0.766511964087969,-0.567958245621965,0.570063320369779,0.984265418137052,-0.119131099226992,0.998086042062166
NOC3L,ENSG00000173145.11,protein_coding,3.19212827840589,-0.467628846422372,0.823397324723003,-0.56792611826822,0.570085136231239,0.984265418137052,0.394774023940602,0.995521320397187
ESPN,ENSG00000187017.17,protein_coding,5.33692517404099,-0.470019529155512,0.82792552736587,-0.567707497377122,0.570233599832858,0.984265418137052,-0.155479309064211,0.998086042062166
HNRNPK,ENSG00000165119.21,protein_coding,113.68832361186,-0.112520537280706,0.19831775656726,-0.567375000748076,0.57045943081015,0.984265418137052,0.0986875080542988,0.995521320397187
ATP2B4,ENSG00000058668.15,protein_coding,7.62072730701238,0.303166783949702,0.534338594516858,0.567368307400331,0.570463977354722,0.984265418137052,-0.17273017319445,0.998086042062166
TADA3,ENSG00000171148.14,protein_coding,17.4648921935069,0.214963204580409,0.378986357186981,0.567205653987044,0.570574467134451,0.984265418137052,-0.235133977338323,0.995521320397187
C12orf57,ENSG00000111678.11,protein_coding,8.52602492079245,-0.296349363508075,0.522914978301542,-0.566725712219288,0.570900548969396,0.984265418137052,0.165883162864205,0.998086042062166
RNF166,ENSG00000158717.11,protein_coding,7.10170382353339,0.343076958542323,0.605565937980684,0.566539392367981,0.571027162230115,0.984265418137052,0.0175169601395946,0.998086042062166
WSB1,ENSG00000109046.15,protein_coding,9.93390535280271,0.290397960006635,0.512610462386711,0.566508062778399,0.571048453499175,0.984265418137052,0.448100131490857,0.983262496850266
DTX2,ENSG00000091073.20,protein_coding,2.56602836532825,-0.625955774580158,1.10494968814577,-0.566501607535257,0.571052840463429,0.984265418137052,-0.692498201664253,0.992587378328484
TRAF7,ENSG00000131653.13,protein_coding,9.16998781474666,0.291960300007354,0.515581615955037,0.566273681939845,0.571207748310272,0.984265418137052,0.35914759758354,0.992587378328484
ARHGDIB,ENSG00000111348.9,protein_coding,236.804025889492,-0.0740526939383549,0.130840305163754,-0.565977692009156,0.571408945392033,0.984265418137052,-0.0399001625580096,0.998086042062166
SAMD4B,ENSG00000179134.15,protein_coding,4.82034218512503,-0.39305693133453,0.696166476316777,-0.564601923111961,0.572344556925698,0.984265418137052,-0.059532097642249,0.998086042062166
PRDX1,ENSG00000117450.15,protein_coding,10.2186101456239,0.272185183773571,0.482282093825188,0.564369250400222,0.57250286127672,0.984265418137052,0.0125021335685295,0.998086042062166
SRSF3,ENSG00000112081.17,protein_coding,24.8502925573246,0.200095881133136,0.354809281460229,0.563953345046767,0.572785884053057,0.984265418137052,0.0023217475376821,0.998592526220086
OSBPL2,ENSG00000130703.17,protein_coding,9.95563615383455,0.255734734886918,0.453829163254163,0.563504410014515,0.573091457969257,0.984265418137052,0.0396417088458741,0.998086042062166
REPS1,ENSG00000135597.19,protein_coding,11.8955468484754,0.331313419961273,0.588128143346596,0.563335429037653,0.573206497266981,0.984265418137052,0.159090147246534,0.998086042062166
ATXN2L,ENSG00000168488.19,protein_coding,29.4328765391452,-0.182132270690269,0.323507420603577,-0.562992559337464,0.573439950622284,0.984265418137052,-0.231280748094936,0.992587378328484
PARP14,ENSG00000173193.15,protein_coding,36.0428255098205,0.165178037933213,0.293441407715842,0.562899555379605,0.573503282991801,0.984265418137052,0.0233334198336018,0.998086042062166
ZNF335,ENSG00000198026.8,protein_coding,8.01214977011735,0.408093873208475,0.725042777402997,0.562854890673087,0.573533699238289,0.984265418137052,-0.45505572189832,0.995521320397187
SLC12A6,ENSG00000140199.13,protein_coding,6.57917174223292,0.314247087066413,0.558536952025846,0.562625419726699,0.573689978857085,0.984265418137052,0.128906848767213,0.998086042062166
AP5B1,ENSG00000254470.3,protein_coding,5.4093585913781,0.386759114610735,0.687522466227127,0.562540329384621,0.573747934181314,0.984265418137052,0.326232685442056,0.995521320397187
GNL3,ENSG00000163938.17,protein_coding,9.51966916066979,0.272324034569337,0.48421199026473,0.562406631897842,0.573839001602569,0.984265418137052,-0.0325955352088703,0.998086042062166
KDM4B,ENSG00000127663.15,protein_coding,11.3488861497887,-0.246605420164931,0.439049642522192,-0.561680038613096,0.574334036942923,0.984265418137052,-0.350029897214564,0.992587378328484
ENTPD1,ENSG00000138185.20,protein_coding,3.59639137709351,-0.450100129608223,0.801484938906845,-0.561582766885327,0.57440032449381,0.984265418137052,-0.337158526986929,0.997878976321691
PTPN11,ENSG00000179295.18,protein_coding,26.4893397218518,-0.187974153748266,0.335114618019021,-0.560924960120948,0.574848693649972,0.984265418137052,-0.160051887062488,0.995521320397187
ZNF706,ENSG00000120963.12,protein_coding,6.2887529467795,-0.401881658388762,0.717135930786601,-0.560398163215657,0.575207884204911,0.984265418137052,0.4103407936663,0.992587378328484
SDCCAG8,ENSG00000054282.16,protein_coding,9.19845822166568,0.296554223723365,0.52932055688115,0.560254499599855,0.575305858036012,0.984265418137052,0.296283157127931,0.995521320397187
ROCK1,ENSG00000067900.8,protein_coding,53.7816883878819,-0.15326651948837,0.27394982874718,-0.559469302059008,0.575841476071262,0.984265418137052,-0.147167502084567,0.995521320397187
FKBP15,ENSG00000119321.9,protein_coding,17.2851824142356,0.217560829142968,0.38910274135101,0.559134660392192,0.576069821517885,0.984265418137052,0.152868201874371,0.998086042062166
MLX,ENSG00000108788.12,protein_coding,10.9421629997419,-0.283796722985943,0.507766137919959,-0.558912266478626,0.57622159743818,0.984265418137052,0.155839386621003,0.998086042062166
CTD-3092A11.1,ENSG00000215302.8,transcribed_unprocessed_pseudogene,2.70472993867966,-0.498079909711966,0.891166580297984,-0.558907751618582,0.576224678864673,0.984265418137052,0.0038140269992034,0.998592526220086
NPTN,ENSG00000156642.17,protein_coding,5.72164642264342,0.371765273948894,0.665166955467588,0.558905205517247,0.576226416601726,0.984265418137052,0.123417265371433,0.998086042062166
APOL2,ENSG00000128335.14,protein_coding,7.31537914028465,0.296746481202036,0.531203186988401,0.558630837447359,0.576413689765531,0.984265418137052,0.174907946658468,0.998086042062166
PARP6,ENSG00000137817.17,protein_coding,3.57864840122494,0.495716476738263,0.887653466622741,0.558457208108833,0.576532217351026,0.984265418137052,0.264566544159697,0.998086042062166
AHCYL1,ENSG00000168710.18,protein_coding,12.31228185371,-0.286735860401007,0.513576678790475,-0.558311684004615,0.576631567829951,0.984265418137052,-0.301191741648113,0.994480669180938
IFITM1,ENSG00000185885.17,protein_coding,9.04564691270033,0.288343708301416,0.516871093324894,0.557863869783426,0.576937344842701,0.984265418137052,0.115526052663383,0.998086042062166
LCN2,ENSG00000148346.12,protein_coding,4.9169376932701,0.39548312972753,0.709126698847892,0.557704469977038,0.577046204837831,0.984265418137052,0.295807275790821,0.998086042062166
MIEF1,ENSG00000100335.15,protein_coding,6.06395238411085,-0.367267160437372,0.658663115413194,-0.557594849086057,0.577121074595767,0.984265418137052,-0.0933951691493588,0.998086042062166
BCL11B,ENSG00000127152.18,protein_coding,24.3461101978902,0.259110197944639,0.465098778648719,0.557107887269557,0.577453719005636,0.984265418137052,0.0916809560902506,0.998086042062166
ZPR1,ENSG00000109917.11,protein_coding,7.91922822869978,-0.317841764790422,0.571640597342886,-0.55601678094212,0.578199383110346,0.984265418137052,0.20851504528568,0.998086042062166
ESCO1,ENSG00000141446.11,protein_coding,5.77738069218443,0.337262678153959,0.60664045158659,0.555951515056228,0.578244000288235,0.984265418137052,-0.0890933618993592,0.998086042062166
SELENOH,ENSG00000211450.10,protein_coding,4.17261251105303,-0.45543402584043,0.819391729557878,-0.555819651836333,0.578334149790491,0.984265418137052,0.224325118405047,0.998086042062166
SEC13,ENSG00000157020.18,protein_coding,7.89704454630809,-0.330954726992602,0.595637960214228,-0.555630683567532,0.5784633512033,0.984265418137052,0.0730602829459584,0.998086042062166
TUBB,ENSG00000196230.14,protein_coding,58.8560871805086,-0.136636360834675,0.246112858044068,-0.555177660852687,0.578773147201817,0.984265418137052,-0.0185943958359865,0.998086042062166
ARHGEF18,ENSG00000104880.19,protein_coding,35.4535625458683,0.161663706533601,0.29138530347852,0.554810776671577,0.579024095156931,0.984265418137052,-0.0873167081335281,0.998086042062166
PPP2R5A,ENSG00000066027.12,protein_coding,10.1696555770807,0.251476587210236,0.453355143153596,0.554701079292787,0.579099137839294,0.984265418137052,-0.0544776951285882,0.998086042062166
SZRD1,ENSG00000055070.17,protein_coding,27.2348189037751,0.159248764855028,0.287097869053643,0.554684593723935,0.579110415817118,0.984265418137052,-0.0430804165543449,0.998086042062166
PSMD8,ENSG00000099341.12,protein_coding,14.3006573867767,0.247661377984303,0.446697127314915,0.554427962125007,0.579285993907267,0.984265418137052,0.0549452771690667,0.998086042062166
RALGAPB,ENSG00000170471.15,protein_coding,11.3253396749694,-0.283173865365597,0.510934084700184,-0.554227783671475,0.579422966134895,0.984265418137052,-0.189404418482778,0.998086042062166
DUSP22,ENSG00000112679.15,protein_coding,5.43007790483564,-0.334758750736412,0.604131788582372,-0.554115438159515,0.579499845277384,0.984265418137052,0.0284512722536612,0.998086042062166
CCNY,ENSG00000108100.18,protein_coding,26.8783686837786,0.164782080012629,0.297494022633941,0.553900473541243,0.579646961026642,0.984265418137052,-0.189025080900726,0.992587378328484
MAN2A2,ENSG00000196547.15,protein_coding,4.751340130896,-0.391079474313402,0.706482256699332,-0.553558805766073,0.579880824906097,0.984265418137052,0.113915186551721,0.998086042062166
CCNG1,ENSG00000113328.19,protein_coding,7.28273528244674,-0.395086840062229,0.713920288797099,-0.553404695540899,0.579986324353687,0.984265418137052,-0.192084464072253,0.998086042062166
ADSS2,ENSG00000035687.10,protein_coding,6.95415002466091,0.345639544756945,0.624601359338866,0.553376228836263,0.580005812829199,0.984265418137052,0.305032918482917,0.995521320397187
UCHL5,ENSG00000116750.14,protein_coding,4.10247501515238,-0.427710066879367,0.773487793109054,-0.552962917695412,0.580288802679127,0.984265418137052,-0.51236523035979,0.992587378328484
PRKCD,ENSG00000163932.15,protein_coding,20.1180245361021,-0.206967167265133,0.374389434395944,-0.552812521536732,0.580391793421255,0.984265418137052,-0.397587945683499,0.953507896005218
RNASE6,ENSG00000169413.3,protein_coding,1.89308011346706,0.544907665200109,0.986179865983021,0.552543895891595,0.580575768590853,0.984265418137052,0.957068810890213,0.953507896005218
DAXX,ENSG00000204209.13,protein_coding,15.5201441439478,-0.28105595154288,0.508742694738402,-0.552452063586684,0.580638668566678,0.984265418137052,-0.128074220781251,0.998086042062166
CIDEB,ENSG00000136305.11,protein_coding,5.92464268064763,-0.416846599742518,0.754645676032658,-0.552373932537419,0.580692186463747,0.984265418137052,-0.788504444797102,0.953507896005218
CCDC7,ENSG00000216937.13,protein_coding,20.7526665585529,-0.178501761644202,0.323194612796394,-0.552304260580774,0.580739912033202,0.984265418137052,-0.277882332302497,0.992587378328484
ANKLE2,ENSG00000176915.15,protein_coding,2.74874577202135,-0.565998409763929,1.02495518155469,-0.55221771639361,0.580799197705634,0.984265418137052,-0.12430165676116,0.998086042062166
PCTP,ENSG00000141179.14,protein_coding,2.5535357636389,-0.505490289072225,0.915468515811011,-0.552165672922583,0.580834850594015,0.984265418137052,0.0476861821200155,0.998086042062166
MAN2B1,ENSG00000104774.13,protein_coding,8.65630157546433,0.271666160684608,0.492216779438619,0.551923810875459,0.581000553996385,0.984265418137052,0.299094374598716,0.992587378328484
CLEC2B,ENSG00000110852.5,protein_coding,7.42777056118599,0.251275125355139,0.455314548746322,0.551871505197907,0.581036392328763,0.984265418137052,-0.136999584969573,0.998086042062166
PTPRC,ENSG00000081237.20,protein_coding,27.1695255943489,0.168580543396302,0.30561829145096,0.551604887901001,0.581219086838419,0.984265418137052,0.0618758988474863,0.998086042062166
RP11-750H9.5,ENSG00000255197.6,lncRNA,9.65552327524563,0.273255967333018,0.495416113578483,0.551568590208419,0.581243961230803,0.984265418137052,0.322406879102395,0.992587378328484
PLCB4,ENSG00000101333.18,protein_coding,3.73791505971122,0.387170217137834,0.702123006973994,0.551427902649791,0.581340377506681,0.984265418137052,0.0563629225709389,0.998086042062166
SMC4,ENSG00000113810.16,protein_coding,12.6035998815601,-0.201295223082303,0.365044145023509,-0.551427069373595,0.581340948591455,0.984265418137052,-0.388023209618489,0.979511700603372
CCNDBP1,ENSG00000166946.14,protein_coding,17.3063511346512,0.212277768677918,0.385120885846335,0.5511977575857,0.581498117103351,0.984265418137052,-0.0597315306305802,0.998086042062166
CDK12,ENSG00000167258.15,protein_coding,18.6891489712181,-0.217229432636072,0.394275762829493,-0.550958118949895,0.581662384785128,0.984265418137052,0.287911089303757,0.992587378328484
F13A1,ENSG00000124491.16,protein_coding,38.0447275895213,0.329414984576642,0.598129934220364,0.550741512387304,0.581810883086349,0.984265418137052,0.198231099747103,0.998086042062166
FAM91A1,ENSG00000176853.16,protein_coding,5.36554666303034,0.329144995562443,0.597811347572814,0.550583385375355,0.581919300927695,0.984265418137052,0.666851112231596,0.953507896005218
ABCC1,ENSG00000103222.20,protein_coding,4.17285742255816,0.388538797121227,0.706052301116828,0.550297473015298,0.582115357184473,0.984265418137052,-0.092257846143617,0.998086042062166
SENP7,ENSG00000138468.16,protein_coding,4.21174974997311,-0.43873661529185,0.797404217746482,-0.550206037951178,0.582178062686066,0.984265418137052,0.285809314638897,0.998086042062166
CLEC1B,ENSG00000165682.14,protein_coding,5.79770339323547,0.411532695261817,0.748188866182592,0.550038518163921,0.582292954721295,0.984265418137052,0.181157713381431,0.998086042062166
MYBL1,ENSG00000185697.17,protein_coding,7.29002351042024,0.300365624562032,0.546291368493272,0.549826780881551,0.582438188100257,0.984265418137052,0.13665014858678,0.998086042062166
COPS6,ENSG00000168090.10,protein_coding,8.08369496108974,-0.300028018285548,0.54571406605903,-0.549789783599043,0.582463566757072,0.984265418137052,-0.045855757254446,0.998086042062166
RP11-269F19.10,ENSG00000225721.5,lncRNA,4.42149469946394,-0.363665877808658,0.661523810587664,-0.54973966467752,0.582497947157027,0.984265418137052,-0.0173246365442013,0.998086042062166
GRWD1,ENSG00000105447.13,protein_coding,6.1345283047306,-0.311201964787145,0.566265549738831,-0.549568952112089,0.582615059064925,0.984265418137052,-0.709656332068512,0.953507896005218
CDKN2D,ENSG00000129355.7,protein_coding,17.0592019922483,0.252375555669944,0.459426287161455,0.549327634753413,0.582780625881733,0.984265418137052,0.100829016349576,0.998086042062166
HNRNPU,ENSG00000153187.20,protein_coding,111.353028304461,-0.0977604462199213,0.177974536029489,-0.549294569891298,0.582803313253384,0.984265418137052,-0.150305272940787,0.992587378328484
HAUS1,ENSG00000152240.13,protein_coding,4.1363632767395,-0.404971396745195,0.738032433820695,-0.548717614819056,0.583199255829932,0.984602178889235,-0.103412629985011,0.998086042062166
PPIL2,ENSG00000100023.20,protein_coding,5.1873307283521,-0.416114221211259,0.758687770180113,-0.548465702976171,0.583372172782778,0.984602178889235,-0.0717094831083687,0.998086042062166
DNAJA1,ENSG00000086061.16,protein_coding,30.2966133813993,0.164163391751083,0.300040809065326,0.547136878688194,0.58428469762095,0.985587911542009,0.26818864146379,0.983262496850266
COA5,ENSG00000183513.9,protein_coding,5.5915064389272,0.415551376086257,0.759585225794812,0.547076696563488,0.584326041364493,0.985587911542009,-0.0882570928568781,0.998086042062166
SYNCRIP,ENSG00000135316.19,protein_coding,6.20708235954918,-0.334394605022819,0.612958788132234,-0.545541741952608,0.585380979903224,0.986979470238735,-0.119185438161385,0.998086042062166
NUDT21,ENSG00000167005.14,protein_coding,5.01426978227107,0.32456435116684,0.595257144894835,0.5452506600726,0.585581133436621,0.986979470238735,-0.0917930406811696,0.998086042062166
TOM1,ENSG00000100284.22,protein_coding,9.34325806864133,0.257199917198928,0.472097799621064,0.544802194387209,0.585889569294967,0.986979470238735,-0.126231101270806,0.998086042062166
MMRN1,ENSG00000138722.10,protein_coding,3.63653650056939,-0.456660597271525,0.838688305791942,-0.544493817450235,0.586101701730481,0.986979470238735,-0.655032114816107,0.992587378328484
APOBR,ENSG00000184730.11,protein_coding,13.0044423056532,0.202676018935031,0.372903083135158,0.543508563219819,0.586779696573096,0.986979470238735,0.0240134337847188,0.998086042062166
CHMP4B,ENSG00000101421.4,protein_coding,30.6749087288094,0.161779157661077,0.297697008477382,0.543435617605032,0.58682990796098,0.986979470238735,0.182806517662985,0.995521320397187
ARMC8,ENSG00000114098.18,protein_coding,11.8003281817336,0.231251721769408,0.4256360044873,0.543308647133747,0.586917311568661,0.986979470238735,0.174591654570683,0.998086042062166
RPS6KA5,ENSG00000100784.12,protein_coding,3.88628657573361,-0.449526267354846,0.827440199313422,-0.543273420517695,0.586941561844893,0.986979470238735,-0.0788340750303267,0.998086042062166
ATP8B2,ENSG00000143515.19,protein_coding,3.65554724380803,-0.453242711088003,0.835615827357747,-0.54240560823408,0.587539117056676,0.986979470238735,-0.215792800940488,0.998086042062166
ARF6,ENSG00000165527.7,protein_coding,44.396702747778,-0.143770259597929,0.265135392730591,-0.542252236177374,0.587644754726492,0.986979470238735,-0.155677643821808,0.992587378328484
VIM-AS1,ENSG00000229124.7,lncRNA,5.98081371645092,-0.479814491129578,0.885171313963983,-0.542058337815839,0.587778318167806,0.986979470238735,-0.441390071579502,0.995521320397187
UBE2K,ENSG00000078140.14,protein_coding,14.8992423888823,-0.248046437741819,0.457640620351131,-0.542011409632959,0.587810645922974,0.986979470238735,0.18037394380139,0.998086042062166
WDFY3,ENSG00000163625.16,protein_coding,7.27701275604184,-0.325793812114644,0.601152293562657,-0.541948879848508,0.587853722543513,0.986979470238735,-0.0807495761107636,0.998086042062166
NISCH,ENSG00000010322.16,protein_coding,6.37402882234818,-0.353976619910727,0.653331690361955,-0.541802311341455,0.587954698962102,0.986979470238735,-0.446144678738809,0.992587378328484
FBXL5,ENSG00000118564.15,protein_coding,12.3789359131294,0.223771540095604,0.413245999898757,0.541497171540504,0.588164946682988,0.986979470238735,0.220606512773369,0.995521320397187
DENND5B,ENSG00000170456.16,protein_coding,4.53213748080586,0.376699769974919,0.696029269917812,0.541212541276318,0.588361094221598,0.986979470238735,0.257122799577553,0.998086042062166
MICU1,ENSG00000107745.19,protein_coding,5.69948251556497,-0.358631878419853,0.663037283881523,-0.540892476393433,0.588581696948918,0.986979470238735,-0.206357545283087,0.998086042062166
ZNF720,ENSG00000197302.10,protein_coding,5.08679355488489,0.3540494891281,0.654658543920229,0.54081550209057,0.588634756705731,0.986979470238735,0.356850640217847,0.995521320397187
TSPAN14,ENSG00000108219.15,protein_coding,9.23695861142341,-0.259926720451197,0.48098015335099,-0.540410490204818,0.588913974988356,0.986979470238735,-0.722583798347188,0.91628069731862
CD3D,ENSG00000167286.10,protein_coding,4.27233286940085,0.376096402829527,0.696174166097285,0.540233207643862,0.589036214171806,0.986979470238735,0.339307884395436,0.995521320397187
ELP1,ENSG00000070061.16,protein_coding,5.3797030676895,-0.33405982986212,0.618368080505905,-0.540228126892992,0.589039717604018,0.986979470238735,-0.527877874036499,0.992587378328484
ARL2BP,ENSG00000102931.8,protein_coding,3.93286872924679,-0.511674100375245,0.947782657176007,-0.539864383992653,0.589290561536993,0.987089469827835,-0.169334545465775,0.998086042062166
PANK2,ENSG00000125779.24,protein_coding,6.06561536965577,0.342039971336447,0.633987707545768,0.539505683257676,0.589537976542103,0.987192738859391,0.231282807187884,0.998086042062166
CGGBP1,ENSG00000163320.12,protein_coding,10.8382194524743,-0.243510868715683,0.451684454728255,-0.539117222580054,0.58980597257293,0.987192738859391,-0.0482765938619342,0.998086042062166
PAIP1,ENSG00000172239.14,protein_coding,4.62230117880223,0.368136884134402,0.683038355137097,0.538969563518158,0.589907856147685,0.987192738859391,0.260093703705292,0.998086042062166
CABIN1,ENSG00000099991.18,protein_coding,14.5679239610275,-0.217545673773731,0.40417179004558,-0.538250514092529,0.590404110371113,0.987299493942888,-0.0166712994248658,0.998086042062166
DNAJC5,ENSG00000101152.11,protein_coding,12.3490754240781,-0.285650214273113,0.530826228388392,-0.538123775722909,0.590491599174619,0.987299493942888,-0.284748198684295,0.995521320397187
ARHGEF2,ENSG00000116584.20,protein_coding,26.0866889748127,-0.186945342783107,0.347810696575669,-0.537491643079574,0.590928055939216,0.987299493942888,0.150871636239645,0.997852416960843
PAWR,ENSG00000177425.11,protein_coding,4.22096154745174,0.468108681869292,0.873248676846014,0.536054269855867,0.591921043919232,0.987299493942888,-0.441804037701951,0.997007468931721
ZNF276,ENSG00000158805.12,protein_coding,5.35773983622146,0.321503760761354,0.599895049928783,0.5359333450068,0.592004617983562,0.987299493942888,0.136985064608265,0.998086042062166
SOS 1,ENSG00000115904.14,protein_coding,10.6273589299289,0.263957669169853,0.492541049824607,0.535909990170053,0.592020759695647,0.987299493942888,0.265949786972865,0.995521320397187
SESN3,ENSG00000149212.12,protein_coding,39.9113226294633,-0.139437990351661,0.26036768188036,-0.535542619362925,0.592274694870708,0.987299493942888,0.0522043784970767,0.998086042062166
ALDH5A1,ENSG00000112294.14,protein_coding,5.40157520233862,0.320085012893242,0.598658638562878,0.534670331763071,0.592877840297945,0.987299493942888,0.636297894249576,0.953507896005218
BTF3,ENSG00000145741.16,protein_coding,70.2800940543759,0.110306376066381,0.206450989409657,0.534298122676962,0.593135290858665,0.987299493942888,0.162756152058276,0.992587378328484
RUFY2,ENSG00000204130.14,protein_coding,7.12149174639217,0.344418721196578,0.644871301088074,0.534089081984963,0.59327990313074,0.987299493942888,0.237340667298357,0.998086042062166
CTCF,ENSG00000102974.16,protein_coding,21.1809510965912,-0.171190399268299,0.321238997665894,-0.532906653650895,0.594098199132335,0.987299493942888,-0.281264340323395,0.983262496850266
TNK2,ENSG00000061938.21,protein_coding,10.0786848043153,0.288849048017629,0.542180752025742,0.532754154289702,0.594203773428498,0.987299493942888,0.0799664552916648,0.998086042062166
EXOC7,ENSG00000182473.22,protein_coding,19.6805672523474,-0.200419241118844,0.376345748979359,-0.532540201828707,0.594351905756633,0.987299493942888,-0.12280976279243,0.998086042062166
SNRPF,ENSG00000139343.10,protein_coding,13.4983822273746,0.209164964850189,0.392839484891257,0.532443842573737,0.594418626654567,0.987299493942888,0.19118486073182,0.995521320397187
ITGAL,ENSG00000005844.19,protein_coding,30.3639373510885,0.170677248518752,0.32057730980311,0.532405891806806,0.594444905394385,0.987299493942888,-0.0400996585241814,0.998086042062166
YTHDC1,ENSG00000083896.13,protein_coding,33.3875562785517,-0.167851403018922,0.315347005999833,-0.53227523910283,0.594535378994446,0.987299493942888,-0.124584211145444,0.998086042062166
EHD3,ENSG00000013016.16,protein_coding,11.0732820056556,-0.256731998627206,0.482345495868902,-0.532257481050437,0.594547676469698,0.987299493942888,0.0311427382317226,0.998086042062166
THOC5,ENSG00000100296.14,protein_coding,6.484351697642,0.338484111804098,0.635944887015589,0.532253845757865,0.594550193929045,0.987299493942888,0.517427991376477,0.992587378328484
MTMR3,ENSG00000100330.16,protein_coding,14.9601988273584,-0.222067249301083,0.417263356785729,-0.532199259028435,0.594587996113781,0.987299493942888,-0.0106011456479434,0.998086042062166
VPS35L,ENSG00000103544.15,protein_coding,5.51745471660153,-0.346476406530018,0.651594304179701,-0.531736395342192,0.594908580761504,0.987299493942888,0.15023868852231,0.998086042062166
LSG1,ENSG00000041802.11,protein_coding,4.63835790914121,0.400670237839492,0.754110437316536,0.531315067412748,0.595200465881668,0.987299493942888,0.0684610981560115,0.998086042062166
MPIG6B,ENSG00000204420.10,protein_coding,5.38292294303663,0.378466709864307,0.712667481272312,0.531056516271287,0.595379615799718,0.987299493942888,0.689557984913368,0.979511700603372
H3C11,ENSG00000275379.2,protein_coding,11.6836818173307,-0.246040363337123,0.463917098081879,-0.530354161022318,0.595866401450005,0.987299493942888,-0.216818339091044,0.995521320397187
CNOT2,ENSG00000111596.14,protein_coding,11.889318807719,-0.291516587887283,0.549699241484246,-0.530320156709982,0.595889973631022,0.987299493942888,-0.0913303322865185,0.998086042062166
ADAM10,ENSG00000137845.15,protein_coding,5.95495895786747,0.355875410794504,0.67126512029159,0.530156267675455,0.596003589358839,0.987299493942888,-0.103166829879701,0.998086042062166
RPAIN,ENSG00000129197.15,protein_coding,3.76519034372101,-0.427124187458346,0.805988950324086,-0.52993801873661,0.596154905302269,0.987299493942888,0.210434368400006,0.998086042062166
SMARCA2,ENSG00000080503.24,protein_coding,48.8426725399874,-0.124938254878193,0.235790285521074,-0.529870238725445,0.596201901974016,0.987299493942888,0.144380507125394,0.992587378328484
IGFBP5,ENSG00000115461.5,protein_coding,35.0246492698483,0.19501752183671,0.368192478086309,0.52966188459449,0.596346379185725,0.987299493942888,0.448615110608538,0.953507896005218
PNPLA6,ENSG00000032444.17,protein_coding,3.18584747808543,0.463397211524417,0.875302171932744,0.529413985688159,0.596518298361903,0.987299493942888,0.493141696621535,0.995521320397187
CBLL1,ENSG00000105879.12,protein_coding,8.617431603333,-0.266983053652127,0.504541655159063,-0.529159586571613,0.596694748927086,0.987299493942888,-0.223971237879119,0.995521320397187
VGLL4,ENSG00000144560.15,protein_coding,4.47337438043718,0.489782611848541,0.925760152262711,0.529059941337323,0.596763869077245,0.987299493942888,0.557151666701417,0.992587378328484
SPATA5,ENSG00000145375.9,protein_coding,4.93800502288209,0.386172265067176,0.730178931147524,0.528873470041489,0.596893226989479,0.987299493942888,0.445770619273986,0.992587378328484
JAK2,ENSG00000096968.14,protein_coding,13.4731083082198,-0.261243083773744,0.493974282059588,-0.528859686145017,0.596902789589962,0.987299493942888,0.0763137907138149,0.998086042062166
ASAP1,ENSG00000153317.15,protein_coding,41.1168360632493,0.131782119003915,0.249341595270624,0.528520397332359,0.597138193725593,0.987299493942888,0.163786151709019,0.992587378328484
RGS14,ENSG00000169220.18,protein_coding,12.2709185263704,0.274855695391706,0.520463645971026,0.528097778815866,0.597431472415074,0.987299493942888,-0.156502013740354,0.998086042062166
SMAD3,ENSG00000166949.17,protein_coding,7.7090971081867,-0.284625256064259,0.539037140695645,-0.52802531509599,0.597481765629685,0.987299493942888,-0.0054425631885625,0.998086042062166
CRNKL1,ENSG00000101343.15,protein_coding,8.7776163142079,0.27483314227378,0.52075166137357,0.527762391672188,0.59766426295381,0.987299493942888,0.369226619848361,0.992587378328484
H4C9,ENSG00000276180.1,protein_coding,7.12262668164347,-0.292028367720778,0.553466834215333,-0.527634809653582,0.597752827815255,0.987299493942888,-0.202837117755017,0.998086042062166
VAMP8,ENSG00000118640.11,protein_coding,14.4560027681846,0.206572748745948,0.391667354837057,0.527418857341039,0.597902751136842,0.987299493942888,0.083545934743567,0.998086042062166
GPS2,ENSG00000132522.16,protein_coding,1.00011478242556,-0.731930812065763,1.38795129660483,-0.527346178397033,0.597953211805843,0.987299493942888,0.541703565257348,0.997878976321691
RETREG2,ENSG00000144567.11,protein_coding,3.15843096067636,-0.458299431664726,0.869515413732718,-0.527074534190608,0.59814183029718,0.987299493942888,-0.248019277885596,0.998086042062166
CAMK4,ENSG00000152495.11,protein_coding,6.75526486634353,-0.319407247767572,0.607295319015452,-0.525950452385169,0.598922633170416,0.987299493942888,-0.212762197820281,0.998086042062166
SMARCC2,ENSG00000139613.12,protein_coding,44.182381769516,-0.182538125126996,0.347075104784608,-0.525932637088095,0.598935011642822,0.987299493942888,-0.246359763571769,0.992587378328484
MYO1G,ENSG00000136286.16,protein_coding,29.7481627151987,-0.199344223562094,0.379144948563651,-0.52577312269961,0.599045851025338,0.987299493942888,-0.355296457588307,0.983262496850266
PDZK1IP1,ENSG00000162366.8,protein_coding,4.7824906788133,-0.487962347194372,0.929767291271416,-0.524822019203434,0.599706923009909,0.987299493942888,-0.508301644115825,0.995521320397187
FAM117A,ENSG00000121104.8,protein_coding,24.5913851101726,-0.214803623688469,0.409398577006754,-0.524680924049536,0.599805020433818,0.987299493942888,0.178694094049246,0.995521320397187
PPP6R3,ENSG00000110075.15,protein_coding,18.2781524016941,-0.184163328625925,0.351423444390825,-0.52404963745422,0.600244015912185,0.987299493942888,-0.126744958431429,0.998086042062166
UBE2R2,ENSG00000107341.5,protein_coding,18.9230558417955,0.18359454328759,0.350351787447701,0.524029132618586,0.600258277371581,0.987299493942888,0.211260297537093,0.992587378328484
ZNF398,ENSG00000197024.9,protein_coding,6.78565248806408,0.339218748105338,0.647426132723573,0.523949731034679,0.600313503959435,0.987299493942888,0.144715833594003,0.998086042062166
EIF4EBP2,ENSG00000148730.7,protein_coding,38.0227796928855,0.130957262586492,0.250011885417625,0.523804147821766,0.600414768160752,0.987299493942888,0.0814469042654559,0.998086042062166
RNVU1-28,ENSG00000277918.1,snRNA,8.18593174359656,-0.320598372919731,0.612333272706121,-0.523568434396667,0.600578741155266,0.987299493942888,-0.10676126963784,0.998086042062166
SMG1,ENSG00000157106.17,protein_coding,27.7331285527747,0.168566669543621,0.321985557295155,0.523522455353798,0.600610728630707,0.987299493942888,0.0510583362017794,0.998086042062166
EHMT1,ENSG00000181090.21,protein_coding,16.2078139081607,-0.218048973229172,0.416815483801257,-0.523130693803928,0.600883307133004,0.987299493942888,-0.115480866679878,0.998086042062166
SESTD1,ENSG00000187231.14,protein_coding,5.23598931266107,-0.406330561399611,0.777050507359212,-0.522913964473836,0.601034126325062,0.987299493942888,0.139198532361616,0.998086042062166
ZFP36L1,ENSG00000185650.10,protein_coding,46.3533548536601,-0.14251859418628,0.272613023486281,-0.522787181491541,0.601122360919208,0.987299493942888,-0.163087672061529,0.992587378328484
ARID5A,ENSG00000196843.17,protein_coding,7.90891653432383,0.255420030496349,0.489185429935789,0.522133356526738,0.601577483115321,0.987299493942888,-0.333498667467176,0.992587378328484
MRFAP1,ENSG00000179010.15,protein_coding,35.4922510397843,0.13827195030685,0.264924792934305,0.52192906815308,0.601719718446087,0.987299493942888,0.0056601244663547,0.998086042062166
PDE4DIP,ENSG00000178104.19,protein_coding,7.05160199146601,-0.276493218247284,0.531018149479024,-0.520685062306343,0.602586181998701,0.987299493942888,0.0408245096378477,0.998086042062166
TMEM245,ENSG00000106771.13,protein_coding,6.01569491650056,-0.322032464925975,0.618701104326863,-0.520497640417729,0.602716772062567,0.987299493942888,-0.0758923026364162,0.998086042062166
IQCB1,ENSG00000173226.17,protein_coding,4.42828225088909,-0.447499020971423,0.859897421074078,-0.520409772147546,0.602778000477628,0.987299493942888,-0.631119931358932,0.992587378328484
MAP2K3,ENSG00000034152.19,protein_coding,49.3812270533967,-0.144288583434741,0.277439178403264,-0.520072847191806,0.603012802653787,0.987299493942888,0.0172748278174648,0.998086042062166
CEP78,ENSG00000148019.14,protein_coding,6.47596079618103,0.331255971782686,0.637980636017635,0.519225746176926,0.603603327008648,0.987299493942888,0.400322282497192,0.992587378328484
MORC2,ENSG00000133422.14,protein_coding,4.83077440339681,-0.398445226363384,0.767747676404735,-0.518979397279654,0.603775108576989,0.987299493942888,0.112477368668269,0.998086042062166
NCKAP1L,ENSG00000123338.13,protein_coding,33.9173705969862,0.196101505103502,0.378042394115036,0.518728873153389,0.60394982409974,0.987299493942888,0.250940142176755,0.992587378328484
SEMA4D,ENSG00000187764.12,protein_coding,29.3428655714131,0.157275845927796,0.303339296452206,0.518481607122,0.60412228969264,0.987299493942888,0.0173891837065658,0.998086042062166
MTHFD1,ENSG00000100714.17,protein_coding,4.68525224515172,-0.40810049019981,0.787270886981138,-0.518373658861828,0.604197589462728,0.987299493942888,0.206575513026183,0.998086042062166
ATP6V1C1,ENSG00000155097.12,protein_coding,5.29413278481207,0.304447785787399,0.587477319741294,0.518229003157888,0.604298501273547,0.987299493942888,0.183109177968324,0.998086042062166
SETDB1,ENSG00000143379.12,protein_coding,6.09737350447183,-0.322998971042676,0.624390524534641,-0.517302807058784,0.60494479483966,0.987299493942888,0.106607650542822,0.998086042062166
WWP2,ENSG00000198373.13,protein_coding,14.8110876970695,-0.234350513252246,0.453321021237598,-0.516963701820959,0.605181497732428,0.987299493942888,-0.295540847404493,0.992587378328484
CIC,ENSG00000079432.9,protein_coding,26.513601101082,0.172655115245597,0.334539545619123,0.516097775305066,0.605786121669316,0.987299493942888,0.239334682459627,0.992587378328484
FARP2,ENSG00000006607.14,protein_coding,4.93007322636667,0.331270481264481,0.642028624617469,0.515974628797675,0.605872129360922,0.987299493942888,0.5342113204013,0.992587378328484
PCM1,ENSG00000078674.18,protein_coding,38.3256340243186,0.154953914191406,0.300332730357486,0.515940816730048,0.605895745261315,0.987299493942888,0.0439692993670643,0.998086042062166
GFI1B,ENSG00000165702.15,protein_coding,8.24459875856272,-0.323444459967449,0.626983216422333,-0.515874191677849,0.605942280462305,0.987299493942888,0.11125702732099,0.998086042062166
FIP1L1,ENSG00000145216.16,protein_coding,22.0653177675068,0.18630128300065,0.361551441831056,0.5152829208954,0.606355331887747,0.987299493942888,0.32651831615223,0.987407932503804
NAA60,ENSG00000122390.19,protein_coding,3.88266637259453,-0.399517733817321,0.775512424149248,-0.515166129357115,0.606436935302852,0.987299493942888,-0.251891222936565,0.998086042062166
PUS7L,ENSG00000129317.15,protein_coding,3.7651409293759,-0.358991400989746,0.697167549747415,-0.51492844312649,0.606603024211168,0.987299493942888,-1.16452191250499,0.91628069731862
ZNF271P,ENSG00000257267.3,transcribed_unitary_pseudogene,9.19459981872948,0.243300662716015,0.472953518603719,0.514428274969392,0.606952595001684,0.987299493942888,0.524950889656401,0.953507896005218
HIGD2A,ENSG00000146066.3,protein_coding,8.79377912227508,0.285772637454809,0.556143692191697,0.513846765623849,0.607359128765506,0.987299493942888,-0.0446679418831849,0.998086042062166
OCIAD2,ENSG00000145247.12,protein_coding,5.08143791481168,0.344686819434,0.671062125757057,0.513643679480708,0.607501135120307,0.987299493942888,0.464794235323996,0.992587378328484
DPM2,ENSG00000136908.18,protein_coding,3.25323394019731,0.415780181775711,0.809502820993091,0.51362412951895,0.607514806055818,0.987299493942888,0.778679054654649,0.983262496850266
EGLN1,ENSG00000135766.9,protein_coding,7.45063908035569,-0.257968279973505,0.502442672157752,-0.513428285988637,0.607651763477768,0.987299493942888,-0.0108259472062761,0.998086042062166
RIC8A,ENSG00000177963.15,protein_coding,10.0513337668191,-0.363435422691034,0.708431494849022,-0.513014208619407,0.607941381664003,0.987299493942888,-0.373209067694718,0.995521320397187
NFIC,ENSG00000141905.19,protein_coding,13.0844647657525,-0.227476435978881,0.443448171311405,-0.512971866151049,0.607971000730181,0.987299493942888,-0.175988796350024,0.998086042062166
DYRK1A,ENSG00000157540.22,protein_coding,34.1722296050317,0.141219909139448,0.275377841696781,0.512822339914139,0.608075601279442,0.987299493942888,0.0740306088833109,0.998086042062166
TLE4,ENSG00000106829.20,protein_coding,15.828538838761,0.19878614526456,0.388271452023604,0.511977237132734,0.608666940664705,0.987299493942888,0.288669783259465,0.992587378328484
TESK1,ENSG00000107140.16,protein_coding,4.05030538184797,-0.466345441265617,0.911097725811598,-0.511850077169494,0.608755939803893,0.987299493942888,0.173891475912032,0.998086042062166
RPL22P1,ENSG00000213178.3,processed_pseudogene,13.7534128516912,-0.18921607375484,0.370010170917677,-0.511380736603964,0.609084480966803,0.987299493942888,-0.0063671811724825,0.998086042062166
ING1,ENSG00000153487.13,protein_coding,6.93878293281942,-0.40189982480708,0.786835291599026,-0.510780120182878,0.609505031030731,0.987299493942888,-0.0670867634802458,0.998086042062166
RALA,ENSG00000006451.8,protein_coding,4.35938653472614,-0.395355565401035,0.774465327984122,-0.510488399048305,0.609709339978598,0.987299493942888,0.183863884788437,0.998086042062166
ATP11A,ENSG00000068650.19,protein_coding,2.01926033179847,-0.512070570680063,1.00366055713999,-0.510202943651835,0.609909290127517,0.987299493942888,0.159915781932325,0.998086042062166
ITCH,ENSG00000078747.16,protein_coding,16.1394066914939,0.188057573300099,0.368963612163121,0.509691381753271,0.610267691738777,0.987299493942888,0.0308116967367296,0.998086042062166
RALGPS2,ENSG00000116191.18,protein_coding,14.9127074198145,-0.211900437342513,0.416044294059946,-0.509321820700132,0.610526665335488,0.987299493942888,-0.113187421349385,0.998086042062166
MPST,ENSG00000128309.17,protein_coding,2.87256037207396,0.47476018818702,0.932643836071626,0.509047687686169,0.610718798275648,0.987299493942888,-0.189769435606976,0.998086042062166
CHMP2B,ENSG00000083937.10,protein_coding,8.19224932236553,-0.316154113578741,0.621481782199759,-0.50871018690154,0.61095538091955,0.987299493942888,-0.625605397489439,0.967795964188399
PDPK1,ENSG00000140992.19,protein_coding,7.95282089070779,-0.275913186743754,0.542516970930071,-0.508579826121824,0.611046772614615,0.987299493942888,-0.746926385426485,0.947543342162046
PURA,ENSG00000185129.8,protein_coding,12.0579044143415,-0.231202475971806,0.454623525576423,-0.508558099096745,0.611062005313102,0.987299493942888,0.0077249118888232,0.998086042062166
CD2,ENSG00000116824.5,protein_coding,5.62401882768,-0.334364205792332,0.657498858088252,-0.508539599239049,0.611074975594851,0.987299493942888,-0.378895177366997,0.995521320397187
MAP3K8,ENSG00000107968.10,protein_coding,3.93025974030607,-0.414986831318907,0.816656062944655,-0.508153738334556,0.611345531142346,0.987299493942888,0.265451780668103,0.998086042062166
HLA-DOA,ENSG00000204252.14,protein_coding,6.00019442215564,-0.362372878585768,0.713525984769152,-0.507862203088521,0.611549983199101,0.987299493942888,-0.395106503061997,0.995521320397187
PXN,ENSG00000089159.17,protein_coding,29.4220292499153,-0.139616052536924,0.274912397218916,-0.507856517018932,0.611553971109302,0.987299493942888,-0.224409547039066,0.992587378328484
MORF4L1P1,ENSG00000218283.2,processed_pseudogene,6.10375212587166,0.294540052940538,0.580127766752721,0.507715834029515,0.611652642427047,0.987299493942888,0.119739860297041,0.998086042062166
TXNRD1,ENSG00000198431.16,protein_coding,11.2947839425158,-0.236859989196199,0.466555254878738,-0.507678322598169,0.6116789531404,0.987299493942888,0.0149633427243951,0.998086042062166
CHMP3,ENSG00000115561.16,protein_coding,6.33570581412306,-0.301495236797833,0.594284918813575,-0.507324394836967,0.611927224578685,0.987299493942888,-0.097323715014212,0.998086042062166
KATNAL1,ENSG00000102781.14,protein_coding,4.44589727058232,-0.396076094957313,0.780989888941317,-0.50714625191143,0.612052204236963,0.987299493942888,-0.358900516521431,0.995521320397187
PSMD7,ENSG00000103035.11,protein_coding,16.9865326115542,-0.165136857709736,0.325805524973665,-0.506857143454162,0.612255057968781,0.987299493942888,-0.209078540709495,0.992587378328484
UBL3,ENSG00000122042.10,protein_coding,4.66339888269218,0.329791276197567,0.650701722211218,0.506824040786106,0.612278286442451,0.987299493942888,0.435904345703207,0.992587378328484
NSMCE2,ENSG00000156831.8,protein_coding,1.39873463249468,-0.674925895383215,1.33195381872786,-0.506718690913648,0.612352214096572,0.987299493942888,0.290376146490951,0.998086042062166
AGO1,ENSG00000092847.13,protein_coding,14.4768258987721,0.219851667728669,0.433886156960131,0.506703576968164,0.612362820399288,0.987299493942888,0.693924643594473,0.870378725940802
IFI16,ENSG00000163565.19,protein_coding,31.6230445826181,0.132625279214503,0.26243024226629,0.505373458749189,0.613296556831068,0.987299493942888,0.134060944266206,0.995521320397187
WTAP,ENSG00000146457.16,protein_coding,16.035386300041,0.207679796690909,0.410964084481658,0.505347801749761,0.61331457409455,0.987299493942888,0.38185515396123,0.979511700603372
GTF2IRD2B,ENSG00000174428.18,protein_coding,4.96945738437009,0.437659607992548,0.866101861515451,0.505321172300402,0.613333274494244,0.987299493942888,0.444948374678743,0.995521320397187
RBL1,ENSG00000080839.12,protein_coding,5.62005453072152,-0.335198777692826,0.663494583784485,-0.505201980370205,0.613416979524079,0.987299493942888,-0.0713262391573984,0.998086042062166
RNU6ATAC,ENSG00000221676.1,snRNA,9.08819895073569,0.221053351704427,0.437827766988252,0.50488655213674,0.613638519926316,0.987299493942888,-0.297583096988704,0.992587378328484
NCKAP1,ENSG00000061676.15,protein_coding,5.94088728393994,0.335637995719345,0.6650441371428,0.504685293763105,0.613779891790825,0.987299493942888,0.135865904855385,0.998086042062166
NEXN,ENSG00000162614.19,protein_coding,13.062963663369,0.299132700189715,0.592725494579953,0.504673247439275,0.613788354062028,0.987299493942888,0.340034473058327,0.995521320397187
MYLIP,ENSG00000007944.15,protein_coding,5.1260255277096,0.317313299025992,0.62883520077017,0.504604860919619,0.613836395027,0.987299493942888,0.767617733792253,0.937780004132405
PPP1R16B,ENSG00000101445.10,protein_coding,18.5901730888948,-0.188446537637431,0.373501023151144,-0.504540887324887,0.613881337449499,0.987299493942888,-0.0136835535239517,0.998086042062166
HSPD1,ENSG00000144381.18,protein_coding,9.65983694527325,-0.251440692596112,0.498530468412862,-0.50436374209305,0.614005792236392,0.987299493942888,0.31511675766391,0.992587378328484
NAE1,ENSG00000159593.15,protein_coding,4.58682780335151,-0.366090144377762,0.726686007761788,-0.503780367954695,0.614415724955181,0.987299493942888,0.0276963431842542,0.998086042062166
RAB27A,ENSG00000069974.16,protein_coding,12.86337242976,0.18556977661467,0.368558826861182,0.503501105088348,0.614612003571315,0.987299493942888,-0.119289313910328,0.998086042062166
SEC62,ENSG00000008952.17,protein_coding,55.5488860410289,-0.11489823426566,0.228209273450499,-0.503477499088497,0.614628596204609,0.987299493942888,0.0024917115443026,0.998086042062166
RANBP10,ENSG00000141084.11,protein_coding,8.33257062939345,-0.301176323587635,0.598352969854548,-0.503342239048045,0.614723674151605,0.987299493942888,0.228927900691946,0.998086042062166
CHMP5,ENSG00000086065.14,protein_coding,11.8997672764081,0.253478912379991,0.503634072216898,0.503299769342902,0.614753528593389,0.987299493942888,-0.0906278212221718,0.998086042062166
PSMD13,ENSG00000185627.18,protein_coding,8.56334773822639,-0.279329786344474,0.55577277039239,-0.502597106632734,0.61524756393514,0.987299493942888,-0.50687582250011,0.983262496850266
ERICH1,ENSG00000104714.14,protein_coding,11.4949562822865,0.247340774858991,0.492669386220861,0.502042103237381,0.615637904802588,0.987299493942888,-0.245411896074018,0.995521320397187
DNAJB14,ENSG00000164031.17,protein_coding,2.71243909612705,-0.458538526895197,0.914068170443369,-0.501645874697488,0.615916643873233,0.987299493942888,0.311927468077533,0.998086042062166
NOP58,ENSG00000055044.11,protein_coding,9.3689733610254,0.280241048512377,0.558765257970845,0.50153627934935,0.61599375185286,0.987299493942888,0.0494299619264801,0.998086042062166
CCDC88C,ENSG00000015133.19,protein_coding,49.3118671238667,-0.153769033526066,0.306734222222152,-0.501310327918673,0.61615273783707,0.987299493942888,-0.0891015635047674,0.998086042062166
GDE1,ENSG00000006007.12,protein_coding,8.54990214637065,0.286466611494907,0.571439301303585,0.501307156930596,0.616154969164471,0.987299493942888,0.207438047141561,0.998086042062166
GGTA1,ENSG00000204136.12,protein_coding,5.16130757194958,-0.314224546987047,0.627384182697389,-0.500848691524328,0.616477614580419,0.987299493942888,-0.267991871735161,0.998086042062166
DYM,ENSG00000141627.14,protein_coding,5.98135132128468,0.345693934085361,0.690703832554521,0.500495172883051,0.616726454219443,0.987299493942888,-0.0042054684745111,0.998592526220086
CAT,ENSG00000121691.7,protein_coding,22.6905436369953,-0.151323250036562,0.302367196559806,-0.500461861465952,0.616749904195369,0.987299493942888,-0.20306242114397,0.992587378328484
ETF1,ENSG00000120705.13,protein_coding,8.99533932280963,-0.256502656208107,0.512733019713488,-0.500265530687762,0.616888121568371,0.987299493942888,-0.0141204322970753,0.998086042062166
MNDA,ENSG00000163563.8,protein_coding,60.8319688356841,0.14057784079806,0.281518959426499,0.499354789760662,0.617529463017553,0.987299493942888,0.187437417616905,0.992587378328484
KPNA4,ENSG00000186432.10,protein_coding,15.3850643189014,0.213842596343127,0.42831855903302,0.499260636349502,0.617595782256579,0.987299493942888,-0.0241125526878231,0.998086042062166
CXCR2,ENSG00000180871.8,protein_coding,8.12946639451161,0.263181495821926,0.527596164820158,0.498831328524986,0.617898215145054,0.987299493942888,-0.10823019029582,0.998086042062166
MAPKAP1,ENSG00000119487.17,protein_coding,15.0928685672725,0.217711755466117,0.436955823807524,0.498246604357006,0.61831023779129,0.987299493942888,0.236800060437776,0.995521320397187
CTNNBIP1,ENSG00000178585.15,protein_coding,2.73730226830582,-0.513246671625022,1.03018557175436,-0.498207978928479,0.618337459213918,0.987299493942888,-0.220091531017566,0.998086042062166
TIAL1,ENSG00000151923.18,protein_coding,5.48436442142134,0.293479639327541,0.589337885260565,0.497981966996376,0.618496752511128,0.987299493942888,0.294281470198981,0.995521320397187
DAP,ENSG00000112977.16,protein_coding,20.6938340637897,0.181162162827854,0.364014469534843,0.497678466076782,0.618710688279608,0.987299493942888,-0.0248962541561745,0.998086042062166
SLC2A4RG,ENSG00000125520.14,protein_coding,8.03489524390824,-0.266018062306014,0.535156187678329,-0.497084904240912,0.619129179438105,0.987299493942888,-0.455566398847388,0.992587378328484
SNX30,ENSG00000148158.17,protein_coding,5.2544671006345,-0.327799361927771,0.659931021382359,-0.496717613366817,0.619388199966617,0.987299493942888,0.492403828370252,0.992587378328484
STK11,ENSG00000118046.16,protein_coding,10.4297817181027,-0.260526916411496,0.524755428511701,-0.496473027731025,0.619560712637041,0.987299493942888,-0.194582247053178,0.998086042062166
LETMD1,ENSG00000050426.16,protein_coding,4.78836732424066,0.328732730405867,0.662259741200691,0.496380362499263,0.619626077330388,0.987299493942888,-0.207489255286521,0.998086042062166
ZBTB7B,ENSG00000160685.13,protein_coding,14.5498049718889,-0.214363354833193,0.432057604158246,-0.496145312037326,0.619791891958544,0.987299493942888,-0.143440219738057,0.998086042062166
PRPF19,ENSG00000110107.9,protein_coding,11.8298633866175,0.22806579776398,0.459764705061476,0.496048946892268,0.619859877634588,0.987299493942888,-0.0933428105449362,0.998086042062166
CD2BP2,ENSG00000169217.9,protein_coding,8.86124538888642,0.243725515484377,0.492617338978906,0.494756266577157,0.620772178497194,0.987299493942888,0.0026210667715102,0.998592526220086
CRACR2A,ENSG00000130038.10,protein_coding,3.9027550863427,0.347792381063755,0.703523221292621,0.494358068842045,0.621053321641535,0.987299493942888,0.271875550334594,0.998086042062166
TMEM219,ENSG00000149932.17,protein_coding,7.25733786447127,0.24411303334693,0.493825495092079,0.494330559626965,0.621072746265528,0.987299493942888,-0.0166320759689028,0.998086042062166
SNHG16,ENSG00000163597.15,lncRNA,7.54381142236273,0.295307288173012,0.597534355045026,0.494209723139283,0.621158073650908,0.987299493942888,0.102059835803824,0.998086042062166
DHX29,ENSG00000067248.10,protein_coding,4.59414656768909,-0.32731674854379,0.662624620388724,-0.493970097808578,0.621327297570714,0.987299493942888,-0.189921510274348,0.998086042062166
MPRIP,ENSG00000133030.22,protein_coding,31.0810535612172,0.147729165882059,0.299272798962158,0.493627106754658,0.621569553440025,0.987299493942888,0.0652611508042983,0.998086042062166
PGM2L1,ENSG00000165434.8,protein_coding,3.66228942855824,-0.437996392941931,0.887899861789823,-0.493294809235605,0.621804295547065,0.987299493942888,0.495119621034631,0.992587378328484
RPS6KB1,ENSG00000108443.14,protein_coding,6.68528273105306,-0.292550557201129,0.593287831824003,-0.493100551719916,0.621941541054817,0.987299493942888,0.0808327872939937,0.998086042062166
VPS29,ENSG00000111237.19,protein_coding,6.38560871471899,0.269926288268874,0.547515139205306,0.493002419368092,0.622010877859665,0.987299493942888,0.12939907316118,0.998086042062166
TLK2,ENSG00000146872.19,protein_coding,13.1536351305383,0.201995243637657,0.409789082320768,0.492924902961524,0.622065650547534,0.987299493942888,0.224869677048753,0.995521320397187
INKA2,ENSG00000197852.12,protein_coding,2.29965312653407,-0.508704855997506,1.03241913732535,-0.49273094386393,0.622202710201959,0.987299493942888,0.374169963220073,0.998086042062166
ASCC3,ENSG00000112249.14,protein_coding,6.15585484799328,-0.313084702634961,0.635788052845772,-0.492435649323075,0.622411402893471,0.987299493942888,0.170005984864344,0.998086042062166
MAU2,ENSG00000129933.21,protein_coding,7.33163673198752,0.315337136749667,0.640448959812009,0.492368879546979,0.622458595119522,0.987299493942888,0.304803535477188,0.995521320397187
COP 1,ENSG00000143207.21,protein_coding,9.42246142512058,0.22240990094582,0.451732403352741,0.492348787235766,0.622472796472669,0.987299493942888,-0.108066489480862,0.998086042062166
CCDC25,ENSG00000147419.19,protein_coding,4.74775386419883,-0.350495874423336,0.713562869686537,-0.491191301163564,0.623291150852594,0.987299493942888,0.0916240003982124,0.998086042062166
CASP8,ENSG00000064012.22,protein_coding,7.77384961993079,-0.250104964493711,0.509352359685105,-0.491025436003345,0.623408457344907,0.987299493942888,0.192095640310329,0.998086042062166
ACVR2A,ENSG00000121989.15,protein_coding,4.32333239902493,0.323507209426462,0.658866034584017,0.491006050464739,0.623422168198781,0.987299493942888,-0.193965390903088,0.998086042062166
PCBP1,ENSG00000169564.7,protein_coding,60.046225302895,-0.0989260840624111,0.201482411141737,-0.490991166433975,0.623432695349558,0.987299493942888,0.0472778413616051,0.998086042062166
ATP5MC3,ENSG00000154518.10,protein_coding,5.99248649673711,0.301609450628984,0.615189767228379,0.490270590793193,0.623942434790509,0.987299493942888,0.302258030622242,0.995521320397187
PRR14L,ENSG00000183530.14,protein_coding,13.6360728688174,-0.228973926028626,0.467267120002327,-0.490027901016203,0.62411415552038,0.987299493942888,-0.214839444428743,0.995521320397187
GSAP,ENSG00000186088.16,protein_coding,7.43951536399395,-0.25945280267662,0.529576502196202,-0.489925065784917,0.624186925112769,0.987299493942888,0.0406858557537487,0.998086042062166
MTND2P28,ENSG00000225630.1,unprocessed_pseudogene,7.08065992327475,-0.40200264846015,0.820926635069319,-0.489693757379678,0.624350619946338,0.987299493942888,-0.217246625360148,0.998086042062166
RFFL,ENSG00000092871.17,protein_coding,6.77966104905154,0.268596554064991,0.548583048636212,0.489618763709026,0.62440369625898,0.987299493942888,0.239252726840559,0.998086042062166
SNRPA,ENSG00000077312.9,protein_coding,4.98974578260165,0.378597660599571,0.773909435110258,0.489201505271262,0.624699043953154,0.987299493942888,0.301923159776899,0.998086042062166
FOXP1,ENSG00000114861.23,protein_coding,5.5717552610365,-0.315547471027913,0.646911818911097,-0.487775090520147,0.625709157051586,0.987299493942888,-0.0371098488470459,0.998086042062166
PATL1,ENSG00000166889.14,protein_coding,7.8301163484182,-0.267540282644513,0.548663914288997,-0.487621430308959,0.62581801323511,0.987299493942888,0.102605374517858,0.998086042062166
TP53BP2,ENSG00000143514.17,protein_coding,7.96900183097881,-0.302558465851554,0.620584011035729,-0.487538287276523,0.625876916940281,0.987299493942888,0.0952932505777461,0.998086042062166
EMP3,ENSG00000142227.11,protein_coding,8.5075939613269,0.25163984398711,0.516840966446019,0.486880608008832,0.626342942036883,0.987299493942888,0.340031951471559,0.992587378328484
CCT5,ENSG00000150753.12,protein_coding,25.2957727768176,0.140308840361681,0.288307066157563,0.486664590749228,0.626496042323413,0.987299493942888,0.0660922735992746,0.998086042062166
PPP3CA,ENSG00000138814.17,protein_coding,13.6038326009435,0.202014826291751,0.415109923783491,0.486653810755717,0.6265036829684,0.987299493942888,0.321987475572249,0.992587378328484
LRP10,ENSG00000197324.9,protein_coding,8.96334669654698,-0.258469904762131,0.531967727349403,-0.485875160228216,0.627055680945468,0.987299493942888,-0.439898329899978,0.992587378328484
CD24,ENSG00000272398.6,protein_coding,11.3663276230909,-0.323915867115068,0.667293431764404,-0.485417436611949,0.627380266133025,0.987299493942888,-0.343503705932296,0.995521320397187
ILK,ENSG00000166333.14,protein_coding,14.922379911147,-0.205456962193457,0.423797667731364,-0.484799652846819,0.627818469007437,0.987299493942888,-0.0746501295666954,0.998086042062166
HP1BP3,ENSG00000127483.19,protein_coding,35.695682944482,0.11850415527846,0.244445198855477,0.484788229972654,0.627826572652071,0.987299493942888,0.0202193553850921,0.998086042062166
MINDY1,ENSG00000143409.16,protein_coding,7.17130750655926,-0.283869789333742,0.585820009881268,-0.484568271048433,0.627982625226086,0.987299493942888,-0.176989305381977,0.998086042062166
NCF2,ENSG00000116701.15,protein_coding,51.888520539583,0.151263206717864,0.312193043296482,0.484518185032757,0.628018161693426,0.987299493942888,0.0672702915097182,0.998086042062166
GMEB1,ENSG00000162419.13,protein_coding,6.15006101844203,0.257085483500433,0.531349290925891,0.483835186930342,0.628502840870802,0.987299493942888,0.128062188017224,0.998086042062166
CEBPG,ENSG00000153879.9,protein_coding,5.93317420004718,0.293124372437614,0.606164071790502,0.483572659745037,0.628689181910609,0.987299493942888,-0.0883000290162448,0.998086042062166
JCHAIN,ENSG00000132465.12,protein_coding,2.75287846765547,0.408006432214536,0.844900353188347,0.482904795429269,0.629163336701756,0.987299493942888,0.690089187663912,0.983262496850266
PFKFB3,ENSG00000170525.21,protein_coding,8.74957351076797,0.289221824041674,0.599558365496366,0.482391441243975,0.629527899952015,0.987299493942888,0.116685211130401,0.998086042062166
NOSIP,ENSG00000142546.14,protein_coding,9.89347723598889,0.244712136055815,0.507574945419553,0.48212020365493,0.629720558310109,0.987299493942888,-0.141272148835271,0.998086042062166
EAPP,ENSG00000129518.9,protein_coding,5.66689017120779,-0.271003900376342,0.562308496677319,-0.481948791415573,0.629842324341721,0.987299493942888,0.544834132624967,0.979511700603372
MX1,ENSG00000157601.15,protein_coding,22.4103573173491,-0.336312905449966,0.697872464099658,-0.481911699845976,0.629868674386534,0.987299493942888,-0.586678091700247,0.992587378328484
ELOF1,ENSG00000130165.10,protein_coding,6.99169256100883,0.315281716634884,0.654669245398275,0.481589319875686,0.63009771463577,0.987299493942888,0.246571412552854,0.998086042062166
ATG5,ENSG00000057663.16,protein_coding,3.79430596477772,0.401013738594095,0.832702817285946,0.481580859665074,0.630103725813051,0.987299493942888,0.574461440378887,0.992587378328484
GUCY1A1,ENSG00000164116.17,protein_coding,7.88343193440262,0.279720121551129,0.580900766561096,0.481528236237419,0.630141116537684,0.987299493942888,0.570511174139812,0.983262496850266
RNF144B,ENSG00000137393.10,protein_coding,6.78203300290069,-0.285668733741802,0.593683785319051,-0.481179949336634,0.630388610040351,0.987299493942888,-0.0459286261003131,0.998086042062166
CUL1,ENSG00000055130.17,protein_coding,5.58266704631709,0.303510927569116,0.63139507488826,0.480698915212206,0.630730502240637,0.987299493942888,0.655607145068476,0.953507896005218
CFL1,ENSG00000172757.13,protein_coding,112.502382697507,0.0781751377738556,0.162637742894453,0.480670331391582,0.630750820513843,0.987299493942888,-0.0772319504944484,0.998086042062166
OXNAD1,ENSG00000154814.14,protein_coding,6.94416140797485,-0.339693466880274,0.706775729378361,-0.480624125532789,0.630783665672996,0.987299493942888,0.0110279181000178,0.998086042062166
KXD1,ENSG00000105700.11,protein_coding,10.4226887547219,0.205078049147619,0.426861250286684,0.480432573839596,0.630919836831012,0.987299493942888,0.0611804206020126,0.998086042062166
NAP1L1,ENSG00000187109.15,protein_coding,207.132251506938,0.0680384688064073,0.141634539377945,0.480380485616222,0.630956867716772,0.987299493942888,0.0486677634712486,0.998086042062166
FAM168B,ENSG00000152102.18,protein_coding,13.8984402807339,-0.224727267272273,0.468031439234098,-0.480154212802508,0.631117741756034,0.987299493942888,0.0553816283281216,0.998086042062166
GLRX,ENSG00000173221.14,protein_coding,13.7159125342474,0.185084834930849,0.385491222744108,0.48012723509845,0.631136923362805,0.987299493942888,-0.0480370051472078,0.998086042062166
POM121,ENSG00000196313.12,protein_coding,9.94169150235653,-0.234474505084543,0.48922139000463,-0.479280975597417,0.631738754354631,0.987299493942888,0.353273079335631,0.992587378328484
NEDD9,ENSG00000111859.17,protein_coding,18.7735521453019,-0.171435018493357,0.357853455507445,-0.479064868188175,0.631892481746393,0.987299493942888,0.0952646819893134,0.998086042062166
TMSB4XP8,ENSG00000187653.11,processed_pseudogene,13.133017674794,0.221499106335317,0.463083693482188,0.478313336126652,0.632427205824824,0.987299493942888,0.136812728480788,0.998086042062166
FAR1,ENSG00000197601.13,protein_coding,7.5379830800973,0.251236759873199,0.525371009727248,0.47820826658028,0.632501979390857,0.987299493942888,0.0498100505288277,0.998086042062166
ADNP,ENSG00000101126.18,protein_coding,14.4409465262218,-0.204074485107852,0.426988800459737,-0.477938730215233,0.632693814237201,0.987299493942888,-0.0626733421156719,0.998086042062166
TASOR,ENSG00000163946.14,protein_coding,26.3296290938171,0.137208160003809,0.287194846908004,0.477752861797553,0.632826115198269,0.987299493942888,-0.115501491359536,0.998086042062166
TAF4,ENSG00000130699.19,protein_coding,4.08749971942979,0.342611307109299,0.718805867818178,0.476639552413842,0.633618813567706,0.987299493942888,0.399833450474145,0.995521320397187
UBE2Q2,ENSG00000140367.12,protein_coding,15.4146607218205,-0.174684581526717,0.366669989509939,-0.476408177719115,0.633783609774494,0.987299493942888,-0.0587424494012326,0.998086042062166
SMNDC1,ENSG00000119953.14,protein_coding,5.72481707838418,0.3153859072852,0.662529883508148,0.476032727180858,0.634051062392935,0.987299493942888,0.0746261535761527,0.998086042062166
NUP88,ENSG00000108559.12,protein_coding,10.4204928772082,0.204765625954721,0.430712714001643,0.4754111483088,0.634493949881989,0.987299493942888,0.138960694096724,0.998086042062166
LIN54,ENSG00000189308.11,protein_coding,7.46724374710966,0.268601165448169,0.564999429219257,0.475400773093408,0.634501343543349,0.987299493942888,0.0078980339761982,0.998086042062166
ZNF131,ENSG00000172262.12,protein_coding,6.40172323248986,-0.294740177138987,0.620030654597818,-0.475363879113638,0.634527635494625,0.987299493942888,0.0930976761804522,0.998086042062166
KLF9,ENSG00000119138.5,protein_coding,4.79388073008378,-0.342225335266296,0.720875044576379,-0.474736000144663,0.634975154870757,0.987299493942888,-0.509349672025015,0.992587378328484
PCNP,ENSG00000081154.12,protein_coding,17.8663972376795,0.170152896604189,0.358588675863539,0.474507166726429,0.635138288573938,0.987299493942888,0.363435691678163,0.979511700603372
H4C4,ENSG00000277157.2,protein_coding,11.3090618644573,0.2570909042327,0.542335110057664,0.474044367522811,0.635468268942447,0.987299493942888,0.0503102861118828,0.998086042062166
TPR,ENSG00000047410.14,protein_coding,40.464346142238,0.13329644902698,0.281215795372957,0.474000576141887,0.635499496376682,0.987299493942888,0.0374216404450919,0.998086042062166
STK10,ENSG00000072786.13,protein_coding,93.0705324639228,0.110845055402595,0.233864359208797,0.473971561026241,0.635520187280489,0.987299493942888,0.0651233841882432,0.998086042062166
RNF130,ENSG00000113269.14,protein_coding,10.7885266320386,0.207094832798249,0.437334567433392,0.473538677753367,0.635828913480111,0.987299493942888,-0.350372721417269,0.992587378328484
KCTD20,ENSG00000112078.14,protein_coding,15.4219912479588,-0.230396693631912,0.487244337254689,-0.472856585527603,0.636315500380899,0.987299493942888,0.014814465011412,0.998086042062166
NFATC2IP,ENSG00000176953.12,protein_coding,5.59119268679859,0.324272133585251,0.686001195724981,0.47269907925241,0.636427883586184,0.987299493942888,-0.0049150637513079,0.998592526220086
ATE1,ENSG00000107669.18,protein_coding,5.02746420817071,0.331911874790662,0.702691384054473,0.472343737695426,0.636681456107385,0.987299493942888,-0.0737147063626409,0.998086042062166
TAOK1,ENSG00000160551.12,protein_coding,29.9694220368507,-0.154542067913013,0.3272378294109,-0.472262232612966,0.636739624316597,0.987299493942888,-0.0175343534745676,0.998086042062166
STX7,ENSG00000079950.14,protein_coding,15.471316212581,-0.190787418179104,0.404043325218442,-0.472195446060038,0.636787289935755,0.987299493942888,-0.146035568880375,0.998086042062166
GOLGA4,ENSG00000144674.16,protein_coding,22.1726346937152,-0.14435910256235,0.305800719021774,-0.472069205802197,0.636877391820234,0.987299493942888,-0.0703267760611915,0.998086042062166
ZDHHC3,ENSG00000163812.15,protein_coding,5.96882203535455,-0.30204152848143,0.640328405414385,-0.471697844305322,0.63714247603991,0.987299493942888,0.13294885828674,0.998086042062166
COX7A2L,ENSG00000115944.15,protein_coding,5.8676864390631,0.306702102187797,0.650275537712478,0.471649453809543,0.637177021428058,0.987299493942888,0.167704660272059,0.998086042062166
GNG7,ENSG00000176533.13,protein_coding,3.92126409861039,-0.429038315495706,0.91028510252024,-0.47132301111801,0.637410085504017,0.987299493942888,0.085562607389336,0.998086042062166
VPS28,ENSG00000160948.14,protein_coding,9.24450829154221,0.228074760580298,0.484042627363487,0.471187345260457,0.637506954824438,0.987299493942888,0.178138523140728,0.998086042062166
SPCS3,ENSG00000129128.13,protein_coding,2.03538515866072,-0.468139958595308,0.994063568623792,-0.470935635679128,0.637686699099974,0.987299493942888,0.201354358010085,0.998086042062166
FMNL1,ENSG00000184922.14,protein_coding,65.062266409234,0.0988541829101686,0.210026099884834,0.470675706325903,0.637872335427419,0.987299493942888,-0.0025809272579671,0.998086042062166
CEP295,ENSG00000166004.15,protein_coding,4.42432304252196,0.296412926926556,0.632007411845419,0.4690022954969,0.639067995230116,0.987299493942888,-0.0193036930754611,0.998086042062166
SP140,ENSG00000079263.19,protein_coding,18.0434376325869,-0.193179552461437,0.412072182613042,-0.468800274836419,0.639212403487683,0.987299493942888,-0.0914979843620391,0.998086042062166
FTH1P23,ENSG00000242960.1,processed_pseudogene,11.0328399807145,0.186030636251018,0.396932398558166,0.46867082890377,0.63930494112239,0.987299493942888,0.26564651638641,0.992587378328484
MS4A1,ENSG00000156738.18,protein_coding,11.8692915061864,-0.239757268259431,0.511709047385907,-0.468542171541121,0.639396920591285,0.987299493942888,-0.418396845778467,0.992587378328484
ZC3HAV1,ENSG00000105939.14,protein_coding,25.2541378855822,-0.169362054626149,0.361727923988558,-0.468202876788428,0.639639515119014,0.987299493942888,-0.422414227366246,0.953507896005218
FRYL,ENSG00000075539.15,protein_coding,19.936135303716,0.154551110345173,0.330240768167784,0.467995248444466,0.639787987648324,0.987299493942888,0.0641070205806365,0.998086042062166
LACTB2,ENSG00000147592.9,protein_coding,2.33673473621585,0.494527676732967,1.05682439786832,0.467937414891691,0.639829346294979,0.987299493942888,0.693240308503165,0.992587378328484
BAG6,ENSG00000204463.13,protein_coding,25.2198269978345,0.169706511597855,0.362756275126631,0.467825157645073,0.639909628282446,0.987299493942888,0.231319775186342,0.992587378328484
PHAX,ENSG00000164902.14,protein_coding,9.29338429329758,0.232241917119055,0.49654792731116,0.467712992734982,0.639989848445504,0.987299493942888,0.0489985803911358,0.998086042062166
ZER1,ENSG00000160445.11,protein_coding,11.23734184684,0.232528909567612,0.49749500220652,0.467399488510007,0.640214088480262,0.987299493942888,0.0950801385168999,0.998086042062166
POLR2A,ENSG00000181222.19,protein_coding,57.2978245981704,-0.0978186736922262,0.209308427741327,-0.467342260165057,0.640255025721681,0.987299493942888,-0.003336093988775,0.998086042062166
RIC1,ENSG00000107036.12,protein_coding,4.59450048058437,-0.296594785600666,0.634801630841642,-0.467224359848336,0.640339366990718,0.987299493942888,-0.509411805474098,0.992587378328484
MED24,ENSG00000008838.20,protein_coding,8.71047463733827,-0.262511838124419,0.562218547020504,-0.466921341381584,0.640556155847688,0.987299493942888,0.0257875955937599,0.998086042062166
TIPRL,ENSG00000143155.13,protein_coding,5.38233597438174,-0.298919442043182,0.640729317548424,-0.466529989897943,0.640836186287313,0.987299493942888,-0.476694507016724,0.992587378328484
CYFIP1,ENSG00000273749.5,protein_coding,8.72377302146188,0.285087607442493,0.611289126939038,0.466371140723601,0.640949864952807,0.987299493942888,0.456966712302258,0.992587378328484
PSMA5,ENSG00000143106.13,protein_coding,9.45578009234878,0.207457637742189,0.445828954557759,0.465330112863524,0.641695073448947,0.987299493942888,-0.157016906022209,0.998086042062166
XPOT,ENSG00000184575.12,protein_coding,8.8877165020517,0.223831210613585,0.48123725716546,0.465116129893963,0.641848295594471,0.987299493942888,0.151516592388942,0.998086042062166
SUCLG1,ENSG00000163541.12,protein_coding,5.28029295981497,-0.337266150170726,0.72521911680805,-0.465054136541734,0.641892688679462,0.987299493942888,-0.0019108576490661,0.999404308199523
FBXO30,ENSG00000118496.5,protein_coding,5.07801337303567,0.337428714496983,0.725714478264153,0.46496070369725,0.641959597823107,0.987299493942888,0.220593285864571,0.998086042062166
RAB30,ENSG00000137502.10,protein_coding,5.02117218809492,-0.317148679350819,0.682206376551618,-0.464886712073737,0.642012586778929,0.987299493942888,-0.108137385949314,0.998086042062166
ZNF770,ENSG00000198146.4,protein_coding,5.38287297577806,-0.298555850777128,0.642448377047491,-0.464715705484704,0.642135059785684,0.987299493942888,-0.159303735700593,0.998086042062166
JAK1,ENSG00000162434.13,protein_coding,70.2888371983742,-0.10585765293991,0.227797789371656,-0.464700088758108,0.642146244795695,0.987299493942888,-0.239997346766381,0.974542098596117
ANXA7,ENSG00000138279.16,protein_coding,10.0048458328004,0.218123488412841,0.469655762116722,0.464432688805447,0.6423377745493,0.987299493942888,0.053535767755224,0.998086042062166
UFL1,ENSG00000014123.10,protein_coding,6.31495441639036,0.284086811987288,0.611754169196911,0.464380671667882,0.642375035470849,0.987299493942888,0.279445540886564,0.99774483465285
EMSY,ENSG00000158636.16,protein_coding,8.13197565579048,0.302415856484789,0.651932921122649,0.463875725073094,0.642736785634373,0.987299493942888,0.0407222942572312,0.998086042062166
ECHS1,ENSG00000127884.5,protein_coding,5.3722386176466,-0.338002157967047,0.728720447361772,-0.463829660867532,0.642769790836303,0.987299493942888,0.190981253259918,0.998086042062166
MAGOHB,ENSG00000111196.10,protein_coding,4.18430789811626,0.360937737661868,0.77883436670119,0.463433244722683,0.643053853855042,0.987299493942888,0.60291312575453,0.992587378328484
CDC42EP3,ENSG00000163171.8,protein_coding,14.446623350918,0.169801626272509,0.367166410377508,0.462465033492374,0.643747871885437,0.987299493942888,0.439583280610696,0.95182832588077
DNAJB12,ENSG00000148719.16,protein_coding,4.4554194801378,0.346877350062729,0.750767347772263,0.462030416069654,0.644059508657575,0.987299493942888,0.358105576614522,0.995521320397187
IDH2,ENSG00000182054.10,protein_coding,12.7836752029278,-0.23990625884719,0.519293321444911,-0.461986027818846,0.644091340198834,0.987299493942888,-0.0434951722291059,0.998086042062166
GHITM,ENSG00000165678.21,protein_coding,14.7915999661777,-0.196883677871986,0.426258730064764,-0.461887731524168,0.644161832404027,0.987299493942888,-0.0705019180694494,0.998086042062166
TSC22D1,ENSG00000102804.15,protein_coding,24.3696024636933,0.225544798803348,0.488553213696146,0.461658612573623,0.644326155192829,0.987299493942888,0.13274321689257,0.998086042062166
RASSF1,ENSG00000068028.18,protein_coding,4.72274554736849,-0.356960823928037,0.775191631427998,-0.46048075012171,0.645171185564588,0.987299493942888,-0.669954534720909,0.992587378328484
SEL1L3,ENSG00000091490.11,protein_coding,4.20497110297819,-0.405737835035535,0.881249651026541,-0.460411910022209,0.645220587502505,0.987299493942888,0.459467391575615,0.995521320397187
PTGES3,ENSG00000110958.16,protein_coding,55.3548710336532,0.117254170142343,0.254678069396694,0.460401519534468,0.645228044197032,0.987299493942888,-0.150545310521223,0.995521320397187
DYRK2,ENSG00000127334.11,protein_coding,12.8596956748996,-0.200153861265605,0.434956422584944,-0.460169917887617,0.645394261507361,0.987299493942888,-0.110162968450483,0.998086042062166
SWAP70,ENSG00000133789.15,protein_coding,37.5363856831256,-0.149298237865633,0.324463373435005,-0.46013895585518,0.645416483874005,0.987299493942888,-0.0111547951114983,0.998086042062166
PAFAH1B1,ENSG00000007168.14,protein_coding,11.4795046035812,0.187471767777833,0.407699610998532,0.459828174274388,0.645639558543677,0.987299493942888,0.268179930961328,0.992587378328484
ATXN7L3,ENSG00000087152.16,protein_coding,7.39588745070556,0.2586698365273,0.563050399532102,0.459407961955548,0.645941231758646,0.987299493942888,0.277392347150508,0.995521320397187
HIVEP1,ENSG00000095951.17,protein_coding,4.69462458407823,-0.314003425334445,0.683531273190813,-0.45938413888312,0.645958336245575,0.987299493942888,-0.4174365216828,0.992587378328484
COX4I1,ENSG00000131143.10,protein_coding,68.7725475116147,0.109151182954177,0.237615457644855,0.459360615828776,0.645975225509224,0.987299493942888,0.105686826508022,0.995521320397187
CBX5,ENSG00000094916.16,protein_coding,16.5911682818232,-0.196905096950274,0.42866147877006,-0.459348709184798,0.645983774402696,0.987299493942888,-0.258597270423765,0.992587378328484
PPP5C,ENSG00000011485.15,protein_coding,9.15524237004719,-0.239525971902147,0.521560018174069,-0.459249105674749,0.646055290911061,0.987299493942888,-0.187066225897747,0.998086042062166
VCAN,ENSG00000038427.16,protein_coding,13.1061451870444,-0.189653146860121,0.413019683628981,-0.459186703146304,0.646100098337745,0.987299493942888,-0.405570887409765,0.983262496850266
SNRPE,ENSG00000182004.13,protein_coding,8.75203317323109,0.213665015773423,0.466128144754848,0.458382567492886,0.646677613636492,0.987299493942888,-0.0194157074078926,0.998086042062166
USP19,ENSG00000172046.19,protein_coding,5.50582965431489,0.293513635458448,0.640425490081612,0.458310357729585,0.646729483770393,0.987299493942888,0.727598343709418,0.953507896005218
KCTD12,ENSG00000178695.6,protein_coding,22.6676882795206,-0.143553264744684,0.313381300784719,-0.458078591113193,0.646895979299843,0.987299493942888,-0.140131809504664,0.995521320397187
UCKL1,ENSG00000198276.16,protein_coding,2.91232369024653,-0.46288586432012,1.01319190527559,-0.456859023359662,0.647772378344916,0.987299493942888,0.292912836323467,0.998086042062166
ZBTB4,ENSG00000174282.12,protein_coding,20.1516482873555,0.141796812778853,0.310667334938366,0.45642652713065,0.648083293771944,0.987299493942888,0.156761013071808,0.995521320397187
ZNF445,ENSG00000185219.17,protein_coding,5.76451662489635,-0.263412671618444,0.577376140265292,-0.456223687209194,0.648229133672426,0.987299493942888,0.277485038211769,0.995521320397187
TRAP1,ENSG00000126602.11,protein_coding,6.34746334440369,0.353878177578707,0.775981509010549,0.456039446133112,0.648361612883998,0.987299493942888,0.0374814591875383,0.998086042062166
UQCC2,ENSG00000137288.10,protein_coding,2.20186490264711,0.402007619249058,0.881729422629811,0.455930820647956,0.648439725648072,0.987299493942888,0.444504567593269,0.995521320397187
KAT6B,ENSG00000156650.14,protein_coding,21.1827352049059,-0.186091767737632,0.408178460493887,-0.455907858323698,0.648456238388372,0.987299493942888,-0.104927443257285,0.998086042062166
ATP5F1D,ENSG00000099624.8,protein_coding,17.7638728765494,0.198339048550883,0.435410622742129,0.455521841203101,0.648733858133102,0.987299493942888,0.0384139511162745,0.998086042062166
NAGK,ENSG00000124357.13,protein_coding,11.3905123878317,0.208620247985976,0.457994878479707,0.455507818512036,0.648743944034779,0.987299493942888,-0.0557088212644425,0.998086042062166
TXNL4A,ENSG00000141759.15,protein_coding,9.74027497059081,0.218757028082063,0.480960889179017,0.454833299346801,0.649229171898494,0.987299493942888,0.0468396347879139,0.998086042062166
WDTC1,ENSG00000142784.16,protein_coding,13.7637841977345,-0.186928004759899,0.411154521115877,-0.45464173482168,0.649367004544495,0.987299493942888,0.207590554274728,0.995521320397187
BRD2,ENSG00000204256.14,protein_coding,45.711645857954,-0.125373653713819,0.275996526120986,-0.454258086055983,0.649643079868983,0.987299493942888,-0.0267059032587934,0.998086042062166
DEDD,ENSG00000158796.17,protein_coding,3.5836777698435,0.324292440489983,0.715145407305626,0.453463641347825,0.650214918692711,0.987299493942888,0.542646441227349,0.992587378328484
CAMTA2,ENSG00000108509.21,protein_coding,15.1643135691549,0.194486831689922,0.428928327716631,0.453425010945906,0.650242729990955,0.987299493942888,-0.14778467274254,0.998086042062166
USP12,ENSG00000152484.14,protein_coding,24.1790770347701,-0.186724453517022,0.412238121404869,-0.452952902270859,0.650582655916424,0.987299493942888,0.159793998784222,0.998086042062166
MTSS1,ENSG00000170873.19,protein_coding,22.2088891190855,0.147332554700314,0.325277811435652,0.452943759213222,0.650589239784429,0.987299493942888,0.0021789098222198,0.998592526220086
EEF1A1P6,ENSG00000233476.3,processed_pseudogene,9.46203946487445,-0.188387830810629,0.415946203962301,-0.452913932176919,0.650610718266894,0.987299493942888,-0.153652277452089,0.998086042062166
ARHGAP17,ENSG00000140750.17,protein_coding,25.2276332241543,-0.134443413337218,0.296882292032817,-0.452850900660511,0.650656108287363,0.987299493942888,0.20877754600724,0.992587378328484
SNX10,ENSG00000086300.16,protein_coding,8.14970218146411,-0.243407298101308,0.537563377715303,-0.452797396905668,0.65069463822838,0.987299493942888,-0.264431382983061,0.995521320397187
ANKRD17,ENSG00000132466.19,protein_coding,34.1698500535939,-0.117206372313521,0.258897708278964,-0.452713054482622,0.650755378077606,0.987299493942888,-0.152340080335513,0.992587378328484
NDRG3,ENSG00000101079.21,protein_coding,8.35775165847607,-0.24280972108946,0.536487898159143,-0.452591236303029,0.650843110477075,0.987299493942888,-0.10799374143824,0.998086042062166
RPIA,ENSG00000153574.9,protein_coding,16.3123538614007,0.224224957860836,0.496093346074808,0.451981385428669,0.651282392505489,0.987299493942888,0.197390847119262,0.998086042062166
URI1,ENSG00000105176.18,protein_coding,14.6409674813724,0.171668542155708,0.37985341657642,0.451933652994197,0.651316779794221,0.987299493942888,0.323084860652886,0.983262496850266
USO1,ENSG00000138768.15,protein_coding,12.9089133444157,-0.20447334774374,0.452489881427792,-0.451884906461426,0.65135189842289,0.987299493942888,0.0388784736314038,0.998086042062166
GARRE1,ENSG00000166398.14,protein_coding,7.37886977947102,0.30656615708627,0.678749266402852,0.451663334696433,0.651511535863881,0.987299493942888,0.178661126660152,0.998086042062166
NFKB2,ENSG00000077150.20,protein_coding,12.9355242780298,0.22175431794589,0.49161624796019,0.451071987278678,0.651937666494988,0.987299493942888,0.0574194052581531,0.998086042062166
LRRC59,ENSG00000108829.10,protein_coding,8.31266070604218,0.258643847546993,0.573510786480258,0.450983405446195,0.652001509207486,0.987299493942888,0.0508374118364152,0.998086042062166
DST,ENSG00000151914.21,protein_coding,9.15983529833157,-0.271875548320913,0.602914788947548,-0.450935278591359,0.652036196271315,0.987299493942888,-0.169104508325066,0.998086042062166
CWF19L2,ENSG00000152404.15,protein_coding,11.5404800843917,0.192215731589298,0.426346447194483,0.45084398581048,0.652101996915676,0.987299493942888,0.0590348131815217,0.998086042062166
ITPR2,ENSG00000123104.12,protein_coding,11.2443428178358,-0.225567127376138,0.5006863751232,-0.450515809064376,0.652338557603259,0.987299493942888,-0.188334856257684,0.998086042062166
CDC25B,ENSG00000101224.18,protein_coding,12.0306080790914,-0.193578263540533,0.429837052539177,-0.450352668289083,0.652456167904235,0.987299493942888,0.415028974555979,0.967795964188399
MMADHC,ENSG00000168288.13,protein_coding,5.71516999032919,0.318545044083485,0.707591051478996,0.450182408917788,0.652578919308428,0.987299493942888,0.330879245911529,0.995521320397187
LEO1,ENSG00000166477.13,protein_coding,9.0843921675938,-0.244593775843519,0.543781015411163,-0.449801977103921,0.652853232123354,0.987299493942888,-0.146612026439619,0.998086042062166
ZNF655,ENSG00000197343.11,protein_coding,7.28253206453281,-0.293062744706639,0.651566043796857,-0.449782101901567,0.652867564556908,0.987299493942888,-0.400502663437472,0.992587378328484
MAP2K5,ENSG00000137764.20,protein_coding,3.72697885364881,0.327001247196934,0.727319591861992,0.449597743352117,0.653000515556041,0.987299493942888,0.0311936306971766,0.998086042062166
SBNO2,ENSG00000064932.16,protein_coding,14.2974118252296,-0.192653752374366,0.428554066235952,-0.449543634170759,0.653039538728195,0.987299493942888,-0.0303763591668944,0.998086042062166
PAPSS1,ENSG00000138801.9,protein_coding,4.25520210449428,0.315372823102224,0.701573743570659,0.449521986808021,0.653055150924247,0.987299493942888,0.43938975101957,0.992587378328484
SRGAP2,ENSG00000266028.8,protein_coding,6.87920861805853,0.301896001756077,0.672421318554476,0.448968516353813,0.653454368415773,0.987299493942888,-0.287894936522694,0.998086042062166
DNAJC9,ENSG00000213551.7,protein_coding,5.04661683781806,-0.353568393758851,0.787736238494254,-0.448841092336557,0.653546293241282,0.987299493942888,-0.264273649940956,0.998086042062166
GMFG,ENSG00000130755.13,protein_coding,25.6078068733854,-0.144896155997381,0.323413793439294,-0.448020953146448,0.654138074755993,0.987299493942888,-0.0235021869736041,0.998086042062166
NFATC3,ENSG00000072736.19,protein_coding,28.4445025818664,0.135507422228621,0.302483382288915,0.447983030351043,0.654165443678323,0.987299493942888,-0.135059017562223,0.998086042062166
PLXNB2,ENSG00000196576.16,protein_coding,5.94954451489506,0.265389256114822,0.592542869276651,0.447881950615315,0.654238395303818,0.987299493942888,0.105452045889296,0.998086042062166
FAM126A,ENSG00000122591.13,protein_coding,8.49041376561688,-0.241889001123242,0.540275682663966,-0.447714026162619,0.654359597636396,0.987299493942888,-0.396831559725708,0.992587378328484
CDC42BPA,ENSG00000143776.19,protein_coding,6.29244654291596,0.274436382657105,0.613718313209794,0.447169942219554,0.654752362065434,0.987299493942888,0.187608052437339,0.998086042062166
TIAM1,ENSG00000156299.13,protein_coding,8.14971624927947,-0.203104551883657,0.454904455468755,-0.446477385398146,0.65525244463572,0.987299493942888,-0.193092030047582,0.998086042062166
NUBP1,ENSG00000103274.11,protein_coding,4.76537181782821,-0.34118669078678,0.764551915948234,-0.446257060730302,0.655411569470445,0.987299493942888,0.0717777405998382,0.998086042062166
FAM219A,ENSG00000164970.15,protein_coding,5.61606720058416,0.326181646394678,0.73156534196056,0.44586809637609,0.65569252894361,0.987299493942888,0.535462484248411,0.992587378328484
YWHAH,ENSG00000128245.15,protein_coding,24.4275457279828,0.155357698742824,0.348708865470846,0.445522652637614,0.655942093156659,0.987299493942888,0.0220767204538465,0.998086042062166
CCDC91,ENSG00000123106.10,protein_coding,15.6751236006556,-0.174352709750796,0.391481046897637,-0.445366924229118,0.65605461097964,0.987299493942888,-0.481145045346058,0.953507896005218
RPS6KC1,ENSG00000136643.12,protein_coding,5.29398720248771,0.279175700936296,0.627377457465358,0.444988415848064,0.656328125655277,0.987299493942888,-0.0755246697935276,0.998086042062166
METTL5,ENSG00000138382.15,protein_coding,5.00331044105088,0.267666118818972,0.601580133980419,0.444938427484183,0.656364251288681,0.987299493942888,0.18402424860336,0.998086042062166
H2BC11,ENSG00000124635.9,protein_coding,10.3677946455615,0.203817943436732,0.45850476175956,0.444527430106853,0.656661301678176,0.987299493942888,0.234545933076895,0.995521320397187
DENND2D,ENSG00000162777.17,protein_coding,14.9070702144313,-0.193995030959523,0.4364562162739,-0.44447764455205,0.656697288120745,0.987299493942888,-0.208044717275888,0.995521320397187
EFR3A,ENSG00000132294.15,protein_coding,12.4405752980584,-0.191999451733708,0.433089070699088,-0.443325552925601,0.657530275643365,0.987299493942888,-0.296828898023479,0.992587378328484
ANKRD13D,ENSG00000172932.16,protein_coding,7.44128082447512,0.266784766137691,0.602152311174913,0.443051967395332,0.657728146544623,0.987299493942888,-0.422270228531198,0.995521320397187
NCBP2,ENSG00000114503.11,protein_coding,6.65285302537246,0.242024806540714,0.546584773115171,0.442794637621046,0.657914282351157,0.987299493942888,0.185350180549591,0.998086042062166
ALDOA,ENSG00000149925.22,protein_coding,11.4211194974461,-0.208516220775911,0.471451366387785,-0.442285749161238,0.65828244196739,0.987299493942888,-0.0314501147758798,0.998086042062166
CORO1A,ENSG00000102879.16,protein_coding,97.7169321778633,0.0888567899857443,0.200936183000201,0.442213983858026,0.658334367846088,0.987299493942888,-0.0356199501234987,0.998086042062166
ZBTB1,ENSG00000126804.14,protein_coding,7.65626621634434,-0.245664721067379,0.555971941700577,-0.441865322044766,0.658586666003345,0.987299493942888,0.341481602414778,0.992587378328484
DDI2,ENSG00000197312.12,protein_coding,12.5406929867871,-0.180633792265708,0.409322718814423,-0.441299209555,0.658996398291822,0.987299493942888,-0.155299725431972,0.998086042062166
AFTPH,ENSG00000119844.15,protein_coding,12.1679040446127,-0.236896491105774,0.536942711824936,-0.441195095656707,0.659071763414039,0.987299493942888,-0.0248757529970753,0.998086042062166
DOCK2,ENSG00000134516.18,protein_coding,60.0338871996798,-0.102955731686149,0.233413635243714,-0.441087049514693,0.6591499786374,0.987299493942888,-0.161537064771272,0.992587378328484
EIF4E3,ENSG00000163412.13,protein_coding,3.88596891677133,-0.32256742142642,0.731887228966775,-0.440733775177082,0.659405741977144,0.987299493942888,-0.545458986958803,0.992587378328484
NDUFS4,ENSG00000164258.12,protein_coding,6.74570279804528,0.28610872289743,0.649330793273175,0.440620906726448,0.659487464805068,0.987299493942888,0.228923743248826,0.998086042062166
ORAI1,ENSG00000276045.3,protein_coding,2.98555758571782,0.434181542811537,0.985840381818391,0.440417689130045,0.659634615519305,0.987299493942888,-0.189621708512915,0.998086042062166
RNF220,ENSG00000187147.18,protein_coding,15.7481614453106,-0.168935064726454,0.383591838477577,-0.440403178015815,0.65964512358188,0.987299493942888,-0.423726439202511,0.979511700603372
SLC8A1,ENSG00000183023.18,protein_coding,7.81108487238929,0.216606163260913,0.491843074934262,0.44039689547294,0.659649673036518,0.987299493942888,0.358632284102826,0.992587378328484
SLC7A7,ENSG00000155465.20,protein_coding,6.20859959580992,-0.252020120784416,0.572383280406847,-0.440299584930716,0.659720141317376,0.987299493942888,-0.060934418885034,0.998086042062166
AIDA,ENSG00000186063.13,protein_coding,9.65717963444387,0.19088082153367,0.433564169248747,0.440259677972044,0.659749041163823,0.987299493942888,0.0200454293689171,0.998086042062166
SH3BP1,ENSG00000100092.24,protein_coding,7.41255434292593,0.238607530862822,0.542134641436559,0.440125962492556,0.659845879024687,0.987299493942888,0.24858239766255,0.995521320397187
FKBP1A,ENSG00000088832.18,protein_coding,9.85854628660382,-0.210446253928603,0.478620639637645,-0.439693227788773,0.660159308150954,0.987299493942888,0.0651809109722387,0.998086042062166
FCGR2A,ENSG00000143226.15,protein_coding,5.60675035890752,0.305748355747932,0.6969255905451,0.438710186418598,0.660871545171463,0.987299493942888,-0.223170338548246,0.998086042062166
APOL3,ENSG00000128284.19,protein_coding,17.4431289439031,-0.184519264240827,0.420793379981975,-0.438503248907412,0.661021515518613,0.987299493942888,-0.196147313269848,0.995521320397187
NLK,ENSG00000087095.13,protein_coding,7.21285229060188,0.237990733816355,0.543347382450069,0.438008429787963,0.661380172636707,0.987299493942888,0.0062282121087211,0.998086042062166
UBE2G2,ENSG00000184787.19,protein_coding,18.4523814969533,0.178357691871982,0.408142597708376,0.436998472772552,0.662112455619653,0.987299493942888,0.0481139698085615,0.998086042062166
FAM120A,ENSG00000048828.17,protein_coding,23.0805494602359,0.144779705534723,0.331340067627671,0.436952000919531,0.662146158448855,0.987299493942888,0.164389862811234,0.995521320397187
LAMTOR1,ENSG00000149357.10,protein_coding,18.5991348937252,-0.182872925586632,0.41880622882299,-0.436652831311932,0.662363141909202,0.987299493942888,-0.170650438396007,0.998086042062166
M6PR,ENSG00000003056.8,protein_coding,4.7968525367987,0.364468127188769,0.835106840796745,0.436432932151583,0.662522649718342,0.987299493942888,0.0449443928629848,0.998086042062166
RAB8A,ENSG00000167461.12,protein_coding,43.0259979944939,-0.124941361477304,0.286493574493463,-0.436105283332121,0.662760344076508,0.987299493942888,-0.121471536567588,0.998086042062166
USP6NL,ENSG00000148429.14,protein_coding,6.14572845204724,0.268038914727342,0.614768518503221,0.435999740812912,0.662836917621215,0.987299493942888,-0.0213819676983379,0.998086042062166
CHD8,ENSG00000100888.15,protein_coding,21.2952671473813,-0.195781159172993,0.449110612414699,-0.43593082363463,0.662886920533651,0.987299493942888,0.047141341375397,0.998086042062166
COMMD9,ENSG00000110442.12,protein_coding,4.18576066274455,0.349708002880873,0.803112019774334,0.43544112685443,0.663242263664487,0.987299493942888,0.0454187102273462,0.998086042062166
MARK3,ENSG00000075413.19,protein_coding,28.5544141735426,0.135829652686867,0.312199253660092,0.4350735983333,0.663509006513262,0.987299493942888,-0.0365418608037306,0.998086042062166
CSNK1G2,ENSG00000133275.16,protein_coding,17.7307313156406,-0.165477403450467,0.380752282441362,-0.434606464837021,0.663848101677868,0.987299493942888,-0.377748077186301,0.983262496850266
SENP1,ENSG00000079387.14,protein_coding,6.06164118428643,0.272604780862762,0.62726475466952,0.434592855462421,0.663857981841555,0.987299493942888,0.171219032843546,0.998086042062166
TRAC,ENSG00000277734.8,TR_C_gene,16.7614873068445,-0.201404504465941,0.463526645787795,-0.434504696323638,0.663921985222187,0.987299493942888,-0.0922260447645103,0.998086042062166
NCAPD2,ENSG00000010292.13,protein_coding,15.3484042922457,0.197439772547477,0.454696835061854,0.434222887257657,0.664126594554201,0.987299493942888,0.173137709727542,0.998086042062166
SRC,ENSG00000197122.12,protein_coding,6.2720849759037,-0.272762255844283,0.628377190966311,-0.434074087611029,0.664234641621404,0.987299493942888,-0.291167067805709,0.998086042062166
VDAC3,ENSG00000078668.14,protein_coding,11.9539252920398,-0.258941599733749,0.596560822611108,-0.434057333165759,0.664246807871579,0.987299493942888,-0.0756110375323849,0.998086042062166
MED10,ENSG00000133398.4,protein_coding,4.10562392923353,-0.340559951238909,0.784752874878744,-0.433970950780564,0.664309535894815,0.987299493942888,0.256795756069153,0.998086042062166
GNPTAB,ENSG00000111670.16,protein_coding,4.34842802852337,-0.342863550308128,0.790399617064468,-0.433785066320652,0.664444526998882,0.987299493942888,-0.0990379367359137,0.998086042062166
PRPF4B,ENSG00000112739.17,protein_coding,13.8194978911029,0.176548293781224,0.407193327747921,0.433573641193156,0.664598079215656,0.987299493942888,-0.159813138561614,0.998086042062166
CCDC12,ENSG00000160799.12,protein_coding,7.67921463799651,-0.286324358486619,0.660495868229003,-0.433499091000137,0.664652226314035,0.987299493942888,-0.692506766067383,0.967795964188399
VAV1,ENSG00000141968.8,protein_coding,16.319960305188,-0.172790139364583,0.398645757703566,-0.433442814893995,0.664693101785208,0.987299493942888,0.283885455949562,0.992587378328484
CARS2,ENSG00000134905.17,protein_coding,5.15986157397715,-0.31634471539797,0.72996744275487,-0.433368252978649,0.664747260469073,0.987299493942888,-0.384490627610083,0.995521320397187
AURKAIP1,ENSG00000175756.13,protein_coding,11.2125153343371,0.234885770878718,0.542356201982673,0.433083958512974,0.66495377623695,0.987299493942888,0.008630171685214,0.998086042062166
ZCCHC24,ENSG00000165424.7,protein_coding,5.5463746045154,0.337785125418151,0.780113244858607,0.432994988412706,0.665018410678235,0.987299493942888,0.77796637230457,0.953507896005218
JMJD1C,ENSG00000171988.19,protein_coding,23.8174931819382,-0.147324768078263,0.340449642914094,-0.432735857254041,0.66520667684563,0.987299493942888,0.0076833095651087,0.998086042062166
XRN1,ENSG00000114127.11,protein_coding,24.6099433743858,-0.122682672245748,0.284030214066557,-0.43193528776132,0.665788446706999,0.987299493942888,-0.270074412863836,0.983262496850266
PSMC5,ENSG00000087191.13,protein_coding,11.7014405690341,0.211016583327766,0.488605707035208,0.431874986905466,0.665832275190764,0.987299493942888,0.204277453495647,0.998086042062166
FZR1,ENSG00000105325.15,protein_coding,6.20307299841565,-0.276430497417257,0.64030375351582,-0.431717752550123,0.665946563238446,0.987299493942888,0.312929883949558,0.995521320397187
PTPN1,ENSG00000196396.10,protein_coding,14.0780264661966,-0.195951468888354,0.45398712028902,-0.431623409852697,0.666015141306213,0.987299493942888,-0.0788673177194678,0.998086042062166
RANBP1,ENSG00000099901.17,protein_coding,10.5918094819994,-0.223554083441098,0.518232935970324,-0.431377606331643,0.666193829941398,0.987299493942888,-0.569337264580184,0.953507896005218
PDCL,ENSG00000136940.14,protein_coding,4.83796396505475,0.293689184633073,0.681048611123116,0.431230869333616,0.66630051048865,0.987299493942888,0.442018800895981,0.992587378328484
RAC2,ENSG00000128340.15,protein_coding,77.3670375135829,0.0929632824249019,0.215589240902897,0.431205574246504,0.666318901173191,0.987299493942888,-0.042883807659798,0.998086042062166
GTF2F2,ENSG00000188342.12,protein_coding,3.74247365286837,0.341052579806967,0.79126999680843,0.431019223757498,0.666454392678369,0.987299493942888,0.455780602082288,0.992587378328484
SRRM1,ENSG00000133226.17,protein_coding,52.7289820991023,0.0903468889947287,0.209690111128785,0.43085908299815,0.666570836337561,0.987299493942888,0.0588984697599644,0.998086042062166
NFAM1,ENSG00000235568.7,protein_coding,4.72052859518926,0.293765581297258,0.682035667259058,0.430718795804087,0.666672850413084,0.987299493942888,-0.404197702837196,0.995521320397187
RP11-162D16.2,ENSG00000227355.3,lncRNA,1.45768813954134,-0.546475504079379,1.26897427676505,-0.430643484336411,0.66672761796725,0.987299493942888,-0.727254624207457,
ARFGAP3,ENSG00000242247.11,protein_coding,6.79851134888443,-0.258763617105738,0.601489754656445,-0.430204529840307,0.667046867165021,0.987299493942888,0.255152307859218,0.99774483465285
FLACC1,ENSG00000155749.13,protein_coding,2.45095419828116,0.433923333723502,1.0097463889331,0.429734969571899,0.667388442516993,0.987299493942888,0.965419036132837,0.953507896005218
CYB5B,ENSG00000103018.17,protein_coding,3.60578160268927,0.340367819605624,0.792171550391368,0.429664280972305,0.66743986996679,0.987299493942888,0.627805202175933,0.992587378328484
CD34,ENSG00000174059.17,protein_coding,6.24377856476403,-0.293709335796555,0.683721864236527,-0.429574292061763,0.667505341060508,0.987299493942888,-0.0111196956285616,0.998086042062166
PPDPF,ENSG00000125534.10,protein_coding,89.591183505928,0.0983620386820777,0.229145561839445,0.429255700579516,0.667737151435098,0.987299493942888,-0.0487919165416751,0.998086042062166
CFDP1,ENSG00000153774.9,protein_coding,10.800598405216,0.179891265673314,0.419129126989759,0.429202491760277,0.667775869798598,0.987299493942888,-0.0555830389071293,0.998086042062166
MTND1P23,ENSG00000225972.1,unprocessed_pseudogene,4.28105142389241,0.395332228560628,0.921841512086405,0.428850538164496,0.668031997487427,0.987299493942888,0.0549114826575666,0.998086042062166
YBX1,ENSG00000065978.19,protein_coding,226.887580102433,-0.0659008016914513,0.153747148095849,-0.428631051096749,0.668191744696919,0.987299493942888,-0.0933809689238339,0.992587378328484
WARS1,ENSG00000140105.18,protein_coding,49.3729975661753,-0.136236498514896,0.317858250066553,-0.428607715817887,0.668208729477601,0.987299493942888,-0.204867468398024,0.992587378328484
DCLRE1C,ENSG00000152457.18,protein_coding,7.61958809393461,-0.227358020546847,0.530596236625963,-0.428495350801216,0.668290517686523,0.987299493942888,-0.559278094208316,0.964670761257056
SMG7,ENSG00000116698.21,protein_coding,16.4491329880047,0.167351299876393,0.390652298083441,0.428389390507688,0.668367647635549,0.987299493942888,-0.249732696652826,0.992587378328484
AKIRIN2,ENSG00000135334.9,protein_coding,9.98396459757125,0.218677635687189,0.510673014099353,0.428214590647323,0.668494894499857,0.987299493942888,0.190075731553509,0.998086042062166
TMED8,ENSG00000100580.8,protein_coding,6.13771206334094,-0.246927443206246,0.576670681232745,-0.428194897438502,0.668509230915408,0.987299493942888,-0.0915818807470198,0.998086042062166
TENT5A,ENSG00000112773.16,protein_coding,8.03716090145265,-0.286816563667791,0.669978451020607,-0.42809819215957,0.668579632931956,0.987299493942888,-0.695343503422507,0.97620895704032
ARHGAP31,ENSG00000031081.11,protein_coding,16.7237037106725,0.145360909993112,0.339873817695117,0.42769081472321,0.668876238115602,0.987299493942888,0.0901969212752066,0.998086042062166
SNX29,ENSG00000048471.14,protein_coding,12.8560077175111,-0.16810102710007,0.393258639306138,-0.427456666677852,0.669046741062664,0.987299493942888,-0.267375027108912,0.992587378328484
CUL2,ENSG00000108094.16,protein_coding,4.07194995136616,-0.327469404601851,0.766912320281131,-0.426997188520597,0.669381375472203,0.987299493942888,0.079326961714648,0.998086042062166
CMPK1,ENSG00000162368.14,protein_coding,29.4948775399526,0.134192330691337,0.314865654456006,0.426189166052999,0.669970011250998,0.987299493942888,0.0100874949421629,0.998086042062166
HLA-DQA1,ENSG00000196735.13,protein_coding,9.09190290080191,-0.283221649060935,0.664793308970979,-0.42602963242715,0.670086253777797,0.987299493942888,-0.372073097219109,0.995521320397187
CARM1,ENSG00000142453.12,protein_coding,5.3336561697775,-0.297220139691334,0.698172163915466,-0.425711815871423,0.670317851070157,0.987299493942888,-0.285396615353094,0.998086042062166
VWA8,ENSG00000102763.18,protein_coding,3.44049829923618,-0.343215019283399,0.806318140516836,-0.425657072608343,0.670357746402636,0.987299493942888,-0.128868801572457,0.998086042062166
EIF3C,ENSG00000184110.15,protein_coding,6.94536199768267,-0.278665110012875,0.65474568415676,-0.425608166278736,0.670393388730332,0.987299493942888,2.84292528679191e-05,0.999947735981795
CEP70,ENSG00000114107.9,protein_coding,7.75358469821192,-0.228377337430638,0.536598659401924,-0.425601766663338,0.670398052745719,0.987299493942888,-0.263337981611242,0.995521320397187
EFCAB14,ENSG00000159658.15,protein_coding,21.6023329979093,-0.152447693413382,0.358289605268222,-0.425487346470063,0.670481443891674,0.987299493942888,-0.0654139318937405,0.998086042062166
HECA,ENSG00000112406.5,protein_coding,32.5632675886908,-0.119778914693815,0.281901866706666,-0.424895784100824,0.670912648118567,0.987299493942888,-0.184101016896759,0.992587378328484
PTPA,ENSG00000119383.21,protein_coding,4.90498006271179,-0.305040657277381,0.718493933838558,-0.424555647460654,0.671160631093988,0.987299493942888,0.245648689150282,0.998086042062166
RNASET2,ENSG00000026297.17,protein_coding,2.88918069658325,0.364771426940936,0.859363659508113,0.42446689815779,0.671225341324415,0.987299493942888,0.922175202538513,0.953507896005218
ABHD2,ENSG00000140526.18,protein_coding,8.7437586781818,0.212064137033572,0.499944746313619,0.424175148548401,0.671438083377048,0.987299493942888,0.274513406971377,0.995521320397187
DUSP1,ENSG00000120129.6,protein_coding,6.31474301365798,0.329053903523929,0.776151609144836,0.423955706136434,0.671598116808568,0.987299493942888,0.0512829895944854,0.998086042062166
RRM1,ENSG00000167325.15,protein_coding,6.04974348875015,0.259100921286168,0.611173003821312,0.423940389490634,0.671609287381139,0.987299493942888,0.0253032290941058,0.998086042062166
NDUFB4,ENSG00000065518.8,protein_coding,3.79612324532145,-0.305958567605322,0.721851478580496,-0.423852519090191,0.67167337348499,0.987299493942888,0.0676607490849529,0.998086042062166
TPTEP1,ENSG00000100181.22,transcribed_unprocessed_pseudogene,6.40490326575373,0.466633035314832,1.10110519789485,0.423786061683267,0.67172184413677,0.987299493942888,-0.127095823913553,0.998086042062166
CXCR5,ENSG00000160683.5,protein_coding,3.997197316866,-0.320748575336154,0.75691717852491,-0.423756501287543,0.671743404424272,0.987299493942888,0.0980699492843165,0.998086042062166
SUCO,ENSG00000094975.14,protein_coding,9.50159055212835,-0.220832354832598,0.521403273122418,-0.423534653916048,0.671905220521418,0.987299493942888,-0.269193040083197,0.995521320397187
MKNK2,ENSG00000099875.16,protein_coding,45.5608585836914,-0.113220390190117,0.267398184294357,-0.423414955074945,0.671992535508608,0.987299493942888,-0.251931649990924,0.983262496850266
MAP3K7,ENSG00000135341.18,protein_coding,7.21833509806608,0.260664371388846,0.615811455699103,0.423286005767666,0.672086603251563,0.987299493942888,0.211292164403579,0.998086042062166
XRN2,ENSG00000088930.8,protein_coding,21.356695604427,-0.145706479636426,0.34436355655132,-0.423118175150777,0.67220904236579,0.987299493942888,-0.183112511514163,0.995521320397187
ATP5F1B,ENSG00000110955.9,protein_coding,18.7104856844224,-0.189909450018367,0.449040285759278,-0.422922967139241,0.67235146531698,0.987299493942888,0.0111172318551792,0.998086042062166
XPO1,ENSG00000082898.19,protein_coding,24.0590144400488,0.135320429977674,0.320460801905977,0.422268274849344,0.67282921190536,0.987299493942888,-0.053623823122941,0.998086042062166
PDLIM2,ENSG00000120913.23,protein_coding,5.60978622549385,0.279022617543584,0.661083784008489,0.422068464380909,0.672975045300252,0.987299493942888,-0.124978317797979,0.998086042062166
GCLC,ENSG00000001084.13,protein_coding,7.53127946060487,0.261692996297158,0.620090831279014,0.422023650563231,0.673007754740609,0.987299493942888,0.139975287395244,0.998086042062166
OSTF1,ENSG00000134996.12,protein_coding,18.9062317991329,0.163346060571525,0.387506703722167,0.421530928374958,0.673367431630612,0.987299493942888,0.101169679566469,0.998086042062166
EVI2B,ENSG00000185862.7,protein_coding,27.8755411604976,-0.144187752982279,0.342297029365988,-0.421235770726224,0.673582926326634,0.987299493942888,-0.190141535334504,0.995521320397187
LGALS3,ENSG00000131981.16,protein_coding,18.9305849172692,0.138499170393657,0.329705471908197,0.420069371588169,0.67443477673141,0.987299493942888,0.394431294952084,0.95182832588077
SMC3,ENSG00000108055.10,protein_coding,21.0918100266007,-0.159342687341657,0.38037791203564,-0.418906256908859,0.67528464413528,0.987299493942888,0.0091658650419951,0.998086042062166
TMBIM1,ENSG00000135926.15,protein_coding,5.56965322073124,-0.280933731606299,0.670863664153095,-0.418764268535772,0.675388420924237,0.987299493942888,-0.228556480296005,0.998086042062166
EPS15L1,ENSG00000127527.14,protein_coding,9.49353131529142,0.281643280904864,0.672597629729932,0.418739627461893,0.675406431277446,0.987299493942888,0.218343352892448,0.998086042062166
IFI35,ENSG00000068079.8,protein_coding,7.68566766851406,-0.261177425482385,0.624224664862563,-0.418402924754486,0.675652548528827,0.987299493942888,-0.0953694788391271,0.998086042062166
SCP2,ENSG00000116171.19,protein_coding,11.5010086627156,0.194657245655491,0.465860944879662,0.417844096602203,0.676061107803712,0.987299493942888,0.107722855619964,0.998086042062166
MYSM1,ENSG00000162601.11,protein_coding,6.2947440244782,0.263880010298105,0.631609730703832,0.417789653120212,0.676100916536806,0.987299493942888,-0.17429723405279,0.998086042062166
MAPK1,ENSG00000100030.15,protein_coding,30.2975763786934,-0.11127939755589,0.266738323634473,-0.417185637367889,0.676542629799858,0.987299493942888,-0.347392821701711,0.95182832588077
YIPF3,ENSG00000137207.12,protein_coding,2.85323834869764,-0.349936873694682,0.839914569917253,-0.416633889002732,0.676946217512522,0.987299493942888,0.671605177198459,0.992587378328484
LATS1,ENSG00000131023.13,protein_coding,8.60828179384063,-0.201445355042026,0.484122441451327,-0.416104145963825,0.677333796286205,0.987299493942888,-0.333123626723592,0.992587378328484
TIMM8B,ENSG00000150779.12,protein_coding,6.80754585649289,-0.281117930857357,0.675941232961033,-0.415891082166847,0.677489705406538,0.987299493942888,-0.222763373501187,0.998086042062166
MAML3,ENSG00000196782.12,protein_coding,4.5743365173057,0.29756888372507,0.716608518974332,0.415246087432751,0.677961763549031,0.987299493942888,0.542673895990785,0.992587378328484
ZNF281,ENSG00000162702.8,protein_coding,5.15515159465945,0.265787598542438,0.640084807585717,0.415238098752789,0.677967611089758,0.987299493942888,0.180587822233917,0.998086042062166
TCP1,ENSG00000120438.12,protein_coding,13.659158797312,0.169675999282072,0.408655918475525,0.415205045640944,0.677991805457977,0.987299493942888,0.0181645125373805,0.998086042062166
TTC7A,ENSG00000068724.17,protein_coding,7.87142004803447,0.242751600374051,0.584949834696392,0.414995587613162,0.678145133222831,0.987299493942888,0.116793309008994,0.998086042062166
BCL11A,ENSG00000119866.22,protein_coding,13.1271974769353,-0.173453484278602,0.418486646309663,-0.414477942864284,0.678524117432054,0.987299493942888,-0.0450267344515245,0.998086042062166
NOB1,ENSG00000141101.13,protein_coding,9.50400637907741,-0.190811535079614,0.460366613223209,-0.414477352611796,0.678524549621134,0.987299493942888,-0.235294908628743,0.995521320397187
KIF1B,ENSG00000054523.19,protein_coding,8.95319130294747,-0.222829731149485,0.53766212501849,-0.414441934405965,0.678550483397509,0.987299493942888,0.0946150166678034,0.998086042062166
BST2,ENSG00000130303.14,protein_coding,12.5514624068299,0.214740934348144,0.518474246563532,0.414178593770964,0.678743317554974,0.987299493942888,-0.0688842720692867,0.998086042062166
RFX1,ENSG00000132005.9,protein_coding,4.61888147203616,-0.338770603483334,0.81822556156313,-0.41403082401404,0.678851532843759,0.987299493942888,-0.444758396558666,0.995521320397187
KPNB1,ENSG00000108424.11,protein_coding,40.1581769919589,-0.136571712326509,0.330038989313952,-0.413804782914888,0.679017080897727,0.987299493942888,0.0755813638401016,0.998086042062166
FAM177A1,ENSG00000151327.13,protein_coding,4.06677451242753,-0.281101533146476,0.679526311295522,-0.413672772450199,0.679113769928082,0.987299493942888,0.0072052512022288,0.998086042062166
ABCF1,ENSG00000204574.14,protein_coding,26.8615394202015,-0.151013985251629,0.365120611174486,-0.413600275168968,0.679166871690655,0.987299493942888,-0.0935617632407497,0.998086042062166
RFX3,ENSG00000080298.16,protein_coding,3.32321903739729,0.329477119051264,0.797004230663093,0.413394441805089,0.679317646220547,0.987299493942888,-0.109944111089992,0.998086042062166
NUTM2A-AS1,ENSG00000223482.8,lncRNA,4.19633012188811,0.29075891006581,0.703476046056951,0.413317428070992,0.679374062674546,0.987299493942888,0.455166310754822,0.992587378328484
PSMA4,ENSG00000041357.16,protein_coding,9.64082706364736,-0.197159136081669,0.477029499097491,-0.413305962114883,0.679382462220701,0.987299493942888,0.0223216417842621,0.998086042062166
IRS2,ENSG00000185950.9,protein_coding,5.30640698884116,0.328362755682921,0.795150049437992,0.412956970718931,0.67963813977763,0.987299493942888,0.425865651956182,0.995521320397187
MAPK8,ENSG00000107643.16,protein_coding,3.14045236230196,-0.367031283512909,0.88909793106868,-0.412813111680222,0.679743544299829,0.987299493942888,-0.425509357181143,0.995521320397187
PPP4C,ENSG00000149923.14,protein_coding,18.1780772144163,0.16698640399396,0.405047230811897,0.412264030689074,0.680145909669679,0.987299493942888,-0.0902523133624139,0.998086042062166
SNX18,ENSG00000178996.14,protein_coding,17.1744424393514,-0.157772414870357,0.382841113560253,-0.412109382409699,0.680259252041729,0.987299493942888,-0.116590491479829,0.998086042062166
LRRC8A,ENSG00000136802.12,protein_coding,4.19775239290314,-0.359727958730031,0.87317990895007,-0.411974617192665,0.680358027924479,0.987299493942888,0.16439845826896,0.998086042062166
CHERP,ENSG00000085872.15,protein_coding,9.63313045609091,-0.229940145451319,0.55814489762875,-0.411972135601719,0.680359846852778,0.987299493942888,0.379683866875657,0.992587378328484
MNT,ENSG00000070444.15,protein_coding,9.79516239409705,0.189654424250221,0.460530196513308,0.411817565245671,0.680473145738617,0.987299493942888,-0.102504938365131,0.998086042062166
CNPPD1,ENSG00000115649.16,protein_coding,6.42882719431169,-0.246473988017758,0.599034546518343,-0.41145204304208,0.68074109940063,0.987299493942888,-0.229691766384697,0.998086042062166
FAM117B,ENSG00000138439.12,protein_coding,8.35664874320227,0.232594738671779,0.565514922377547,0.411297261076508,0.680854577691328,0.987299493942888,0.915044512160446,0.870378725940802
FAM120AOS,ENSG00000188938.17,protein_coding,4.12810924415994,0.295421585359102,0.718373334982835,0.411236847155749,0.680898872075764,0.987299493942888,0.544865321942985,0.992587378328484
CAND1,ENSG00000111530.13,protein_coding,9.01250878209826,-0.238418179358506,0.579899075272901,-0.411137367733007,0.680971810971397,0.987299493942888,0.16662865270643,0.998086042062166
RIPK1,ENSG00000137275.16,protein_coding,11.6743511905457,0.227501751050899,0.553890642488991,0.410734057590477,0.681267550889246,0.987299493942888,0.337696257653632,0.992587378328484
TATDN3,ENSG00000203705.11,protein_coding,4.23306889529008,0.314468575539568,0.765650850168437,0.410720598651967,0.681277420926588,0.987299493942888,-0.281236716228394,0.998086042062166
SRSF4,ENSG00000116350.17,protein_coding,29.8132153519562,0.133526610319498,0.325157195887579,0.410652484423761,0.681327372951942,0.987299493942888,0.0800110689763581,0.998086042062166
YTHDF3,ENSG00000185728.17,protein_coding,9.15037630812101,-0.218230843347559,0.531733441870179,-0.410413989723895,0.68150228564687,0.987299493942888,0.0829276666240269,0.998086042062166
SLC25A38,ENSG00000144659.13,protein_coding,2.51472004056248,0.400568779449063,0.976225349962497,0.410324091117335,0.681568221985735,0.987299493942888,1.24549047033027,0.91628069731862
SYF2,ENSG00000117614.10,protein_coding,39.1417974561913,0.106466334878764,0.259522082750702,0.410239983242723,0.681629913301311,0.987299493942888,0.135972013518825,0.995521320397187
KLHL12,ENSG00000117153.16,protein_coding,5.93139930181436,-0.249616879800113,0.609443486113704,-0.409581668337895,0.682112846618944,0.987299493942888,0.0234863163229759,0.998086042062166
MGRN1,ENSG00000102858.13,protein_coding,12.4889565999097,-0.200533940850319,0.48980333848645,-0.409417260139533,0.682233475181163,0.987299493942888,-0.655582386065284,0.943319012471727
SOCS4,ENSG00000180008.9,protein_coding,5.03396658948726,-0.245510696770498,0.599672153916398,-0.409408199408782,0.682240123400363,0.987299493942888,0.0061858075289836,0.998086042062166
USP48,ENSG00000090686.16,protein_coding,12.8373913410834,-0.192898918986237,0.472057732175145,-0.408634168743299,0.682808151537297,0.987299493942888,-0.0100767538738388,0.998086042062166
GZMB,ENSG00000100453.13,protein_coding,10.1788729531816,-0.185239767504441,0.453323935930782,-0.408625604831784,0.68281443723278,0.987299493942888,0.127167479164019,0.998086042062166
NOL10,ENSG00000115761.16,protein_coding,3.10405977573098,0.32454092014382,0.794743490825904,0.408359330891222,0.68300988657511,0.987299493942888,0.610316283250839,0.992587378328484
PDK1,ENSG00000152256.14,protein_coding,2.8804408930444,0.388410244461171,0.95126185541363,0.408310542728828,0.683045700172852,0.987299493942888,-0.0029398900292171,0.999326418634063
ATIC,ENSG00000138363.15,protein_coding,5.12127094340184,-0.257217918420018,0.630579765740529,-0.407907028412102,0.683341932554576,0.987299493942888,-0.152765386012631,0.998086042062166
TRIM4,ENSG00000146833.16,protein_coding,5.06336948289205,0.273882443913344,0.671777011019731,0.407698446687839,0.683495077991313,0.987299493942888,0.333665664337456,0.995521320397187
UBE2D1,ENSG00000072401.15,protein_coding,3.41368485961782,0.326076359449452,0.79988090656466,0.407656135773873,0.683526145213877,0.987299493942888,0.670354976018157,0.983262496850266
PTMAP2,ENSG00000197744.5,processed_pseudogene,7.88095354522028,0.188082811045397,0.46138419192118,0.407649014289437,0.683531374289558,0.987299493942888,-0.181587195784379,0.998086042062166
RPAP3,ENSG00000005175.10,protein_coding,7.67682123642023,-0.232655212673392,0.570829328995012,-0.407574034577023,0.683586430388464,0.987299493942888,-0.0555952286947317,0.998086042062166
TLE1,ENSG00000196781.16,protein_coding,5.00895043594226,-0.272272729825102,0.668234601431934,-0.40745081030174,0.683676915156806,0.987299493942888,-0.329731369147597,0.995521320397187
LIN7C,ENSG00000148943.12,protein_coding,3.47474183368979,-0.300894752833664,0.738696846485716,-0.407331849682511,0.68376427339167,0.987299493942888,0.444649169407418,0.992587378328484
CARD19,ENSG00000165233.18,protein_coding,4.80797828969458,-0.312037758140989,0.76632464486243,-0.407187424067519,0.683870337429332,0.987299493942888,-0.434154929054715,0.995521320397187
RTF2,ENSG00000022277.13,protein_coding,10.3196005619019,-0.190746061163287,0.468624856683318,-0.407033597221641,0.683983312451894,0.987299493942888,-0.181923952975948,0.998086042062166
SP2,ENSG00000167182.15,protein_coding,15.4279401969894,0.194687313185826,0.478432683570282,0.406927285429125,0.684061395136364,0.987299493942888,0.144575513476374,0.998086042062166
ATP6V1E1,ENSG00000131100.13,protein_coding,12.5102902251703,-0.166487138384737,0.40920259275908,-0.406857486562304,0.684112662056641,0.987299493942888,-0.113452878641224,0.998086042062166
SDF4,ENSG00000078808.19,protein_coding,8.50918467710716,0.210168370210271,0.516708047190803,0.406744913985562,0.684195349121458,0.987299493942888,0.182952091739405,0.998086042062166
UHRF1BP1L,ENSG00000111647.13,protein_coding,6.70864103873536,0.236205419272883,0.580814514663594,0.406679608221728,0.684243319394859,0.987299493942888,0.167729512883866,0.998086042062166
YWHAE,ENSG00000108953.17,protein_coding,37.05795053446,-0.121269543835632,0.298763839782908,-0.405904355506179,0.684812877667414,0.987299493942888,-0.0650934587446551,0.998086042062166
AC004057.1,ENSG00000196656.7,transcribed_processed_pseudogene,6.26723379482205,-0.23003000297981,0.567052079624205,-0.405659393987683,0.684992881890314,0.987299493942888,-0.102891298907351,0.998086042062166
PDE8A,ENSG00000073417.15,protein_coding,4.01428743668701,0.277182703156713,0.683300052293577,0.405652981038588,0.684997594535771,0.987299493942888,0.106634878160636,0.998086042062166
RRP36,ENSG00000124541.7,protein_coding,7.17526700544223,-0.296749301777846,0.732479934735833,-0.40512959837578,0.685382250930401,0.987299493942888,-0.178910083496613,0.998086042062166
PPIA,ENSG00000196262.15,protein_coding,57.1388844177124,0.096641531365655,0.238993954371081,0.404368100523588,0.685942054057642,0.987299493942888,-0.0301046908416297,0.998086042062166
RHOBTB3,ENSG00000164292.13,protein_coding,8.46838925139464,-0.22143350251742,0.547608745901446,-0.404364437519907,0.685944747273852,0.987299493942888,-0.260310939743148,0.995521320397187
KDM5B,ENSG00000117139.18,protein_coding,5.24039347418417,-0.255383143497545,0.631652846500452,-0.404309336865091,0.685985260402605,0.987299493942888,-0.175063936872239,0.998086042062166
CDKN1A,ENSG00000124762.14,protein_coding,4.70863499607263,0.367267378208682,0.908889726085105,0.404083540244895,0.686151288319549,0.987299493942888,0.35076551343517,0.998086042062166
GLS,ENSG00000115419.13,protein_coding,15.2178210761435,0.1360828549728,0.337059897234739,0.403734932839036,0.686407648570329,0.987299493942888,0.184231657967633,0.995521320397187
GRK6,ENSG00000198055.11,protein_coding,29.5535206388937,-0.175157436192938,0.433941052250325,-0.403643387240293,0.686474975706886,0.987299493942888,-0.0375604135364256,0.998086042062166
HAGH,ENSG00000063854.13,protein_coding,8.48597679574463,0.195947877561092,0.485542339724648,0.403564965461538,0.68653265291914,0.987299493942888,-0.0740736953925629,0.998086042062166
ZNF121,ENSG00000197961.12,protein_coding,7.21865844443427,-0.26292525772269,0.651636247358906,-0.40348470298933,0.686591685804527,0.987299493942888,-0.0380923913703033,0.998086042062166
ARPC5,ENSG00000162704.16,protein_coding,41.0420696351398,0.099540827509906,0.246780716203948,0.403357397778366,0.686685322449603,0.987299493942888,-0.0895948890533166,0.998086042062166
ADH5,ENSG00000197894.12,protein_coding,5.84436329230883,-0.250045334128948,0.6202889902217,-0.403111030617484,0.686866546239647,0.987299493942888,0.180064409418318,0.998086042062166
TAF8,ENSG00000137413.16,protein_coding,8.36834320493571,0.18614628454911,0.461871792350679,0.403025877812813,0.686929187483101,0.987299493942888,-0.0611456915635401,0.998086042062166
SART1,ENSG00000175467.15,protein_coding,27.4285320385881,-0.120978615216214,0.300336287151714,-0.402810517382145,0.687087623392585,0.987299493942888,0.0475639605811193,0.998086042062166
RNF44,ENSG00000146083.12,protein_coding,18.959838045569,-0.150189818886924,0.372888404995514,-0.402774172848658,0.68711436261837,0.987299493942888,0.0152799606122253,0.998086042062166
HMGN1,ENSG00000205581.11,protein_coding,29.0667676149937,0.120059637674176,0.298105843546582,0.402741644530747,0.68713829452828,0.987299493942888,0.220045965388924,0.992587378328484
WBP1L,ENSG00000166272.18,protein_coding,7.4012809645169,-0.256554239514662,0.637179387797423,-0.402640519181747,0.687212697019085,0.987299493942888,-0.513393259727969,0.992587378328484
SFXN3,ENSG00000107819.13,protein_coding,3.52837464798977,0.295750977920864,0.734609721086934,0.402596058058241,0.687245410036422,0.987299493942888,0.750212711978727,0.953507896005218
CSK,ENSG00000103653.17,protein_coding,52.9017487443867,-0.10476290948702,0.260272162902521,-0.402512924619819,0.687306578429096,0.987299493942888,-0.171674652039809,0.992587378328484
NMI,ENSG00000123609.11,protein_coding,7.71055171404491,-0.2277393492893,0.566696558152703,-0.401871770726254,0.687778399016742,0.987299493942888,0.126474165657394,0.998086042062166
HSP90AB1,ENSG00000096384.20,protein_coding,116.929785783135,0.0691262138540106,0.172055699509082,0.40176648638345,0.68785588864184,0.987299493942888,0.254389547417316,0.911972164960405
BIN1,ENSG00000136717.15,protein_coding,19.4896567307608,0.175533562629916,0.437310951894919,0.4013930176441,0.688130789302493,0.987299493942888,0.0387991762935319,0.998086042062166
TP53INP1,ENSG00000164938.14,protein_coding,7.64664690608842,-0.202758182601285,0.506230376964788,-0.400525515313729,0.688769494279205,0.987299493942888,0.0147138488144989,0.998086042062166
CLK1,ENSG00000013441.16,protein_coding,7.119841972066,-0.256742681353048,0.641094138683592,-0.400475789531063,0.688806111982698,0.987299493942888,-0.0465961426775443,0.998086042062166
RSRC2,ENSG00000111011.18,protein_coding,19.6575981503832,0.154342628261965,0.385487908958006,0.400382540347792,0.688874781966654,0.987299493942888,0.243883351648588,0.992587378328484
IST1,ENSG00000182149.21,protein_coding,9.96438791939459,-0.175927639420706,0.439405172849565,-0.400376805488669,0.688879005279657,0.987299493942888,-0.0964442583853732,0.998086042062166
PRKDC,ENSG00000253729.8,protein_coding,24.297909816555,0.139244733435205,0.347881511806972,0.400264827848822,0.688961470734455,0.987299493942888,0.0902363201606622,0.998086042062166
LRRK2,ENSG00000188906.17,protein_coding,15.0043021194589,0.183700373158139,0.459034500054459,0.400188598321794,0.689017611758835,0.987299493942888,0.144729822820891,0.998086042062166
VPS13C,ENSG00000129003.19,protein_coding,14.9911922364177,0.136708240638537,0.34188140955305,0.399870355095525,0.689252007949373,0.987299493942888,0.0207343380296051,0.998086042062166
IFITM3,ENSG00000142089.17,protein_coding,20.8867040771867,0.189151503203355,0.473664026208249,0.399336856373792,0.689645013521916,0.987299493942888,-0.0778622807046342,0.998086042062166
SECISBP2L,ENSG00000138593.9,protein_coding,12.831216837257,0.163319110685071,0.409154156942957,0.399162779880641,0.68977326631421,0.987299493942888,0.215193472244487,0.995521320397187
CDA,ENSG00000158825.6,protein_coding,5.18853429588907,-0.262251438913316,0.657249010781823,-0.399013820654302,0.689883020756835,0.987299493942888,-0.214434304078925,0.998086042062166
GRHPR,ENSG00000137106.18,protein_coding,6.96901575527464,0.229037820911483,0.574265469578459,0.39883613597664,0.690013948891542,0.987299493942888,0.163865890942191,0.998086042062166
TAF1D,ENSG00000166012.17,protein_coding,6.35137148055252,-0.238933851739968,0.599339140485571,-0.398662185730752,0.690142134273771,0.987299493942888,0.145880843392211,0.998086042062166
NADSYN1,ENSG00000172890.13,protein_coding,4.17255880784167,0.266589052461987,0.6687505025201,0.398637535908205,0.690160299652106,0.987299493942888,0.41612861492629,0.992587378328484
GPSM3,ENSG00000213654.10,protein_coding,62.2264759306953,-0.0812129738628233,0.204035121670504,-0.398034285459804,0.690604913137922,0.987299493942888,-0.24625187881397,0.95182832588077
RABGAP1,ENSG00000011454.18,protein_coding,8.97102480176008,-0.190236960537524,0.47826842113878,-0.397761909691969,0.690805697159136,0.987299493942888,-0.0772690072917376,0.998086042062166
ACTR3,ENSG00000115091.12,protein_coding,69.1090067202594,-0.0867690367727141,0.218150647954874,-0.397748242263589,0.690815772788853,0.987299493942888,-0.0166301984409984,0.998086042062166
XAB2,ENSG00000076924.12,protein_coding,7.16328782061775,0.258773294500747,0.650663665749222,0.397706692600972,0.690846403541092,0.987299493942888,0.145044592208827,0.998086042062166
SND1,ENSG00000197157.11,protein_coding,20.560917817512,0.133525622234949,0.335900170091198,0.397515792262612,0.690987143341616,0.987299493942888,0.24113519694691,0.992587378328484
HSD17B11,ENSG00000198189.11,protein_coding,6.80586209599219,0.2414835811052,0.609315183668607,0.396319651270232,0.691869232001508,0.987299493942888,0.134167927159204,0.998086042062166
PFDN2,ENSG00000143256.5,protein_coding,8.10663895493074,-0.218642403777637,0.552276819943204,-0.395892776742145,0.69218412997711,0.987299493942888,-0.300390701102632,0.995521320397187
MYADM,ENSG00000179820.16,protein_coding,6.39898391420909,-0.294338783307413,0.743546028645468,-0.39585818761431,0.692209648111625,0.987299493942888,-0.33852729224664,0.998086042062166
RNPEP,ENSG00000176393.11,protein_coding,6.77533929474451,-0.212692811094067,0.537369421634866,-0.395803710689344,0.692249839180112,0.987299493942888,-0.492290805113768,0.983262496850266
RAD23A,ENSG00000179262.10,protein_coding,28.1379814441962,0.137828911746672,0.348579148503337,0.395402055282009,0.692546192486884,0.987299493942888,0.176316814080707,0.995521320397187
HERC2,ENSG00000128731.18,protein_coding,8.07655742708804,-0.235307623010908,0.595338177070732,-0.395250350260925,0.692658137212459,0.987299493942888,0.154486025915393,0.998086042062166
NEK7,ENSG00000151414.15,protein_coding,17.028902134378,-0.187928324198004,0.475693567588099,-0.39506173091819,0.6927973307641,0.987299493942888,-0.122185245849636,0.998086042062166
GTF2IP4,ENSG00000233369.7,transcribed_processed_pseudogene,3.44391844307177,-0.299559776862627,0.759141758669712,-0.394603212695825,0.693135742170462,0.987299493942888,-0.0523845550156561,0.998086042062166
WHAMMP3,ENSG00000276141.4,transcribed_unprocessed_pseudogene,3.47034578981876,-0.293276048453046,0.745483645914572,-0.393403732007092,0.694021313681103,0.987299493942888,-0.1013763131126,0.998086042062166
NPLOC4,ENSG00000182446.14,protein_coding,11.1269078718807,-0.171850143113638,0.437029308139166,-0.393223383221965,0.694154500599099,0.987299493942888,-0.21656424324528,0.995521320397187
ARAP2,ENSG00000047365.12,protein_coding,11.8635478578483,-0.167507767547417,0.426564715146235,-0.392690163062344,0.694548336970053,0.987299493942888,0.244900356442868,0.992587378328484
PSMD11,ENSG00000108671.11,protein_coding,7.87121741842648,-0.245453576960888,0.625135239555466,-0.392640762237992,0.694584828591171,0.987299493942888,-0.330085688659563,0.995521320397187
ISCA1,ENSG00000135070.15,protein_coding,16.7097361222186,-0.145865538073704,0.371536134846555,-0.392601215313679,0.694614041799617,0.987299493942888,-0.0734025606921191,0.998086042062166
CUX1,ENSG00000257923.12,protein_coding,34.9617585656437,0.105299329003936,0.268977423674908,0.391480175418747,0.695442339524414,0.987299493942888,0.148133289784254,0.995521320397187
ELAVL1,ENSG00000066044.15,protein_coding,6.29149252856453,-0.303674002110674,0.775849459864856,-0.391408408228538,0.695495378219393,0.987299493942888,-0.508670775090457,0.992587378328484
EIF4G3,ENSG00000075151.23,protein_coding,26.6365047850818,-0.122313066753712,0.312602909060841,-0.391272963905484,0.695595480807012,0.987299493942888,-0.0133456705809985,0.998086042062166
NUP214,ENSG00000126883.17,protein_coding,19.5939672274441,0.120757015149067,0.309092560369774,0.390682373605507,0.696032029277001,0.987299493942888,0.119656011895683,0.998086042062166
ZDHHC7,ENSG00000153786.13,protein_coding,3.38017870995288,0.276375942670829,0.708133534361943,0.39028788958548,0.696323677381931,0.987299493942888,0.662632090449758,0.983262496850266
PTCRA,ENSG00000171611.10,protein_coding,1.8128921769615,-0.53852204434786,1.3801159590391,-0.390200577582484,0.696388234559879,0.987299493942888,-0.155592875524417,0.998086042062166
CERS2,ENSG00000143418.20,protein_coding,8.62190669546631,-0.238085370992171,0.610247329454071,-0.390145699130159,0.696428811985397,0.987299493942888,-0.273511824131592,0.995521320397187
ACBD3,ENSG00000182827.9,protein_coding,15.6376660819898,-0.211132071452174,0.541617685490215,-0.389817535705244,0.696671475930342,0.987299493942888,-0.229342643881639,0.998086042062166
KTN1,ENSG00000126777.18,protein_coding,16.268587975296,-0.151143445465034,0.387870204864913,-0.389675318107186,0.696776649893734,0.987299493942888,-0.0970693913124887,0.998086042062166
PIK3R1,ENSG00000145675.15,protein_coding,23.711121997421,-0.123755452415411,0.317738710868914,-0.389488117695761,0.696915098813947,0.987299493942888,-0.0797628227678164,0.998086042062166
BTRC,ENSG00000166167.18,protein_coding,4.91054770151282,-0.270458478480864,0.694406180657789,-0.389481669395089,0.696919868001856,0.987299493942888,0.232105247310264,0.998086042062166
ARAP3,ENSG00000120318.16,protein_coding,5.87378823905782,-0.227965484122131,0.585461312879653,-0.389377537178091,0.696996886247331,0.987299493942888,-0.194305372029431,0.998086042062166
PPP1R2,ENSG00000184203.8,protein_coding,11.2388913897315,0.183297228625951,0.471392841043839,0.388841774134844,0.697393196533342,0.987299493942888,0.337119848013805,0.992587378328484
ARPC5L,ENSG00000136950.13,protein_coding,14.0887313808952,0.195172771427931,0.502366289779685,0.388506903027917,0.69764094660811,0.987299493942888,-0.322389646767587,0.992587378328484
SLC7A6OS,ENSG00000103061.13,protein_coding,4.42080170839156,-0.324898453271478,0.8369540150352,-0.388191522395426,0.697874306381572,0.987299493942888,-0.0044702759786966,0.998592526220086
SERP1,ENSG00000120742.11,protein_coding,26.7047150085157,-0.132107291761213,0.340641913086108,-0.38781866436917,0.698150232291314,0.987299493942888,-0.151911102670636,0.995521320397187
CDC42BPB,ENSG00000198752.11,protein_coding,14.1051235167688,-0.182137602679539,0.469793986537319,-0.387696751978477,0.698240459705215,0.987299493942888,-0.159294758775141,0.998086042062166
MICAL1,ENSG00000135596.18,protein_coding,7.86129030352463,-0.219650616089749,0.566969921165389,-0.387411409124252,0.698451658747317,0.987299493942888,-0.257411991100955,0.997878976321691
ATP8A1,ENSG00000124406.16,protein_coding,4.25609911838615,0.29645403638344,0.765610136828633,0.387212789020054,0.698598682960832,0.987299493942888,0.0317950339727781,0.998086042062166
CCDC82,ENSG00000149231.16,protein_coding,6.01971457969105,0.214207338170456,0.553370334624547,0.387095810468033,0.698685279081873,0.987299493942888,0.212271874752988,0.998086042062166
REXO1,ENSG00000079313.15,protein_coding,7.93514924194286,-0.275421631330942,0.711735804496089,-0.386971724045752,0.69877714125679,0.987299493942888,0.0509974525905927,0.998086042062166
NUP50,ENSG00000093000.19,protein_coding,27.7985924236958,0.115751518522074,0.299203133579594,0.386865996813773,0.698855415456179,0.987299493942888,0.0490921656068611,0.998086042062166
SELENOK,ENSG00000113811.11,protein_coding,4.66054088599935,-0.257284749286671,0.665987795145194,-0.386320516925659,0.699259307409355,0.987299493942888,0.441087686441581,0.992587378328484
FAM214B,ENSG00000005238.20,protein_coding,5.36827132437565,-0.235392887689589,0.609376257150688,-0.386284967501418,0.699285632373694,0.987299493942888,0.11321959303197,0.998086042062166
HSH2D,ENSG00000196684.12,protein_coding,6.67307849062951,-0.219205963726584,0.567563708756086,-0.386222657200919,0.699331775102488,0.987299493942888,-0.401375862640484,0.992587378328484
MAP2K2,ENSG00000126934.14,protein_coding,27.4395205191072,-0.150046852554283,0.388752147382729,-0.385970479042938,0.699518532265416,0.987299493942888,-0.328079978161245,0.992587378328484
AP1G2,ENSG00000213983.12,protein_coding,4.69068555147976,0.304759293526881,0.790166851111443,0.385689798424483,0.69972641905078,0.987299493942888,0.203271937405532,0.998086042062166
ZMIZ1,ENSG00000108175.18,protein_coding,26.9295202793262,-0.116270946304654,0.301615798620595,-0.385493554503462,0.699871780959648,0.987299493942888,-0.173035279181143,0.995521320397187
CDC27,ENSG00000004897.12,protein_coding,15.0951093001685,-0.151265867246166,0.392597347092329,-0.385295184408346,0.700018728945905,0.987299493942888,-0.256668641120797,0.992587378328484
EMC4,ENSG00000128463.13,protein_coding,3.70781879280436,0.36874809837853,0.957130563992402,0.385264155436016,0.700041715508142,0.987299493942888,-0.465099529963466,0.998086042062166
PABPC4,ENSG00000090621.15,protein_coding,19.0538459366004,-0.143226230472326,0.371971401811203,-0.385046349732611,0.700203075808968,0.987299493942888,0.262075981593718,0.992587378328484
MOB3C,ENSG00000142961.15,protein_coding,7.09459458850546,0.278649155609278,0.723732528792466,0.385016763132367,0.700224995942679,0.987299493942888,-0.119492571030334,0.998086042062166
HNRNPM,ENSG00000099783.12,protein_coding,69.4796363395419,-0.0731102680465648,0.18994399517147,-0.384904339726904,0.700308290522865,0.987299493942888,-0.0640087347361547,0.998086042062166
MDN1,ENSG00000112159.12,protein_coding,13.8812996251019,-0.184647006386041,0.479998908401555,-0.384682138134302,0.700472930440505,0.987299493942888,-0.0309683846949732,0.998086042062166
BRD4,ENSG00000141867.19,protein_coding,59.7325721682774,-0.0895667692870463,0.232852968534554,-0.384649462923876,0.700497142272951,0.987299493942888,-0.11039373278048,0.995521320397187
PLCL2,ENSG00000154822.18,protein_coding,17.31298308306,-0.174507105192507,0.453688594187447,-0.384640714860924,0.700503624505785,0.987299493942888,0.118012497200925,0.998086042062166
NBPF8,ENSG00000270231.4,transcribed_unprocessed_pseudogene,10.3826588638042,-0.222290547114872,0.578122112031931,-0.384504488737829,0.700604569603142,0.987299493942888,-0.314298726702429,0.995521320397187
TBCEL,ENSG00000154114.13,protein_coding,8.99302805614388,-0.220868520362358,0.574555776676407,-0.384416151274295,0.700670031488573,0.987299493942888,0.198287724798496,0.998086042062166
CD247,ENSG00000198821.11,protein_coding,7.81825762717093,0.199209752220236,0.518654375300701,0.384089601297086,0.700912038455249,0.987299493942888,0.326843069891331,0.992587378328484
SNX1,ENSG00000028528.15,protein_coding,19.1953524445521,-0.12956021161444,0.337686610328283,-0.38366996988269,0.701223072861599,0.987299493942888,-0.0666494758683309,0.998086042062166
ZNF264,ENSG00000083844.10,protein_coding,3.66101798270334,0.267424482444644,0.697195889884857,0.383571513149352,0.701296057092778,0.987299493942888,0.292867460856786,0.998086042062166
PPP2R5D,ENSG00000112640.16,protein_coding,4.92256743785161,-0.276035663848288,0.719793243132061,-0.3834929911917,0.701354266003832,0.987299493942888,-0.195630469157059,0.998086042062166
FYB1,ENSG00000082074.19,protein_coding,114.760044305812,0.0665194929405257,0.173467610886719,0.383469240168215,0.701371873159437,0.987299493942888,-0.0169879268663151,0.998086042062166
DDX46,ENSG00000145833.16,protein_coding,19.2057720267096,-0.135360647630595,0.35326856031112,-0.38316641455833,0.701596378492142,0.987299493942888,0.142243532525036,0.998086042062166
MEX3C,ENSG00000176624.12,protein_coding,9.30382284929833,-0.182874720679657,0.477887094883512,-0.382673486347719,0.701961875590565,0.987299493942888,-0.214899255910977,0.998086042062166
LARP1B,ENSG00000138709.19,protein_coding,5.12020243643888,0.260832764851117,0.68327495981981,0.381739095078066,0.702654898502587,0.987299493942888,-0.0862862511369602,0.998086042062166
STK17A,ENSG00000164543.7,protein_coding,14.3221110178799,0.15514800753717,0.406582316957813,0.381590642451054,0.702765026192271,0.987299493942888,0.260536530128022,0.992587378328484
JUND,ENSG00000130522.6,protein_coding,25.0825521372219,-0.145683419597073,0.381848214634744,-0.381521803726192,0.702816095440465,0.987299493942888,0.0819866210778738,0.998086042062166
ATP6V1B2,ENSG00000147416.11,protein_coding,21.3069106699115,-0.15844632254484,0.415330876552487,-0.381494204957854,0.702836570460637,0.987299493942888,-0.1392311236389,0.998086042062166
ORAI2,ENSG00000160991.17,protein_coding,9.11040127440966,0.186087112676221,0.488477650207577,0.380953176869289,0.703237992797774,0.987299493942888,0.0272533394592431,0.998086042062166
PRR14,ENSG00000156858.12,protein_coding,10.5926682434164,0.231693016184754,0.608399334308594,0.380823914687642,0.703333912687614,0.987299493942888,-0.130287568091939,0.998086042062166
ALKBH5,ENSG00000091542.9,protein_coding,11.9820200315594,-0.179624273048078,0.471797407244742,-0.380723315325256,0.703408566403008,0.987299493942888,-0.0037295400238736,0.998587857984255
BLZF1,ENSG00000117475.14,protein_coding,3.34477628334672,-0.2649621914923,0.696422336458392,-0.380461937564708,0.703602545419461,0.987299493942888,0.280437997209651,0.998086042062166
DHX15,ENSG00000109606.13,protein_coding,11.9273821472608,0.158679395985088,0.417771589507022,0.379823329231967,0.704076563635112,0.987299493942888,0.0035921128531988,0.998587857984255
EPN1,ENSG00000063245.15,protein_coding,19.8931871932791,-0.14061592558975,0.370260594413695,-0.379775562701763,0.704112023802709,0.987299493942888,-0.230967907357042,0.992587378328484
MRTFB,ENSG00000186260.17,protein_coding,3.10180447131044,-0.322333434139101,0.848775619847706,-0.379762833193697,0.704121473843837,0.987299493942888,0.142147944120102,0.998086042062166
GNB2,ENSG00000172354.10,protein_coding,19.4182509250842,-0.138313049930248,0.36464090219374,-0.379313042223553,0.704455415762326,0.987299493942888,-0.0914174685049147,0.998086042062166
CCDC93,ENSG00000125633.11,protein_coding,7.9926542144834,0.191374467769922,0.504618784560549,0.379245627838808,0.704505471676238,0.987299493942888,-0.204803601857266,0.998086042062166
LMAN2,ENSG00000169223.15,protein_coding,4.09388997386255,-0.319731976389344,0.843477760555615,-0.379063908192114,0.704640406864172,0.987299493942888,-0.795754175300702,0.985425634239731
TMED3,ENSG00000166557.14,protein_coding,3.59556531500893,0.363568621314329,0.959300912613851,0.378993302866456,0.704692837070463,0.987299493942888,0.0335525914974363,0.998086042062166
TMEM50A,ENSG00000183726.11,protein_coding,5.3491049931759,-0.256280822246348,0.676446163861598,-0.378863590242465,0.704789162917285,0.987299493942888,0.0151905699827343,0.998086042062166
AXIN1,ENSG00000103126.15,protein_coding,13.9654291603747,-0.2048642717694,0.541079872744927,-0.378621128023323,0.704969230395361,0.987299493942888,-0.25091459097049,0.995521320397187
GIMAP7,ENSG00000179144.5,protein_coding,65.9561898179255,-0.0897414320527783,0.237120483649674,-0.378463432055764,0.705086354071895,0.987299493942888,-0.114283094764015,0.995521320397187
SUGT1,ENSG00000165416.15,protein_coding,10.1094434713613,-0.191300488405192,0.505695219024966,-0.378292064485086,0.705213639823524,0.987299493942888,-0.488997014682402,0.983262496850266
MBOAT2,ENSG00000143797.12,protein_coding,15.5358711933811,0.137933426834349,0.364801265801922,0.378105669483185,0.705352096786773,0.987299493942888,-0.0810137794899222,0.998086042062166
PPM1A,ENSG00000100614.18,protein_coding,30.1671094971896,-0.109663396931067,0.290475886173201,-0.377530122640466,0.705779683058789,0.987299493942888,0.148075009305364,0.995521320397187
TULP4,ENSG00000130338.13,protein_coding,17.072244982382,-0.173268869264497,0.459120084913173,-0.377393355155145,0.705881304267554,0.987299493942888,0.194287721703899,0.99774483465285
CYBC1,ENSG00000178927.18,protein_coding,3.58462468731068,0.361604615527209,0.958496518315546,0.377262315112725,0.705978674782448,0.987299493942888,0.702134239052679,0.992587378328484
TBL1XR1,ENSG00000177565.18,protein_coding,21.2775778381953,0.125038763384218,0.331751211878663,0.37690521965584,0.706244042291344,0.987299493942888,0.0568742910039455,0.998086042062166
SPOPL,ENSG00000144228.9,protein_coding,3.80968332797919,-0.307218466531951,0.815198075919307,-0.376863581511153,0.706274987073898,0.987299493942888,-0.302751332297985,0.998086042062166
FPR1,ENSG00000171051.9,protein_coding,4.13218897249341,-0.270390371962126,0.717786202091053,-0.376700431374168,0.706396242243995,0.987299493942888,-0.467435957131049,0.992587378328484
PRDX3,ENSG00000165672.7,protein_coding,6.13051435136948,0.232879108266515,0.618350179915722,0.376613633876932,0.706460754238932,0.987299493942888,0.673494182212894,0.953507896005218
CCT3,ENSG00000163468.15,protein_coding,26.6311314639612,-0.121617416955002,0.322935650619805,-0.376599538395913,0.706471230864486,0.987299493942888,-0.0770872082643817,0.998086042062166
DRG2,ENSG00000108591.10,protein_coding,5.08280336220627,0.255702813803631,0.679028669932682,0.376571454382009,0.70649210479097,0.987299493942888,-0.148089361015972,0.998086042062166
IGKC,ENSG00000211592.8,IG_C_gene,12.0436549523194,0.156463640053402,0.41606642430858,0.376054473305348,0.706876399291094,0.987299493942888,-0.137857157172692,0.998086042062166
NEK4,ENSG00000114904.13,protein_coding,6.57075734140715,-0.256305756639888,0.681780411383215,-0.375935935325404,0.706964524256193,0.987299493942888,0.223697738581885,0.998086042062166
RASGRP1,ENSG00000172575.12,protein_coding,9.11316804658798,-0.202802621655368,0.539602149721634,-0.375837312286448,0.707037846803535,0.987299493942888,-0.246865464427196,0.997878976321691
UBE2D3,ENSG00000109332.20,protein_coding,64.0488345941635,0.0889327246790337,0.236671159135058,0.375764943240437,0.707091652216241,0.987299493942888,-0.0259604035696422,0.998086042062166
NOM1,ENSG00000146909.8,protein_coding,5.69037790339904,-0.305293711132562,0.812765268664406,-0.375623470764496,0.70719683932578,0.987299493942888,0.0454063031976595,0.998086042062166
SRRM2,ENSG00000167978.17,protein_coding,118.387168473572,-0.0706534373813855,0.188296323284049,-0.375224731684237,0.707493338455296,0.987299493942888,-0.113784269247117,0.992587378328484
THRAP3,ENSG00000054118.15,protein_coding,53.6471609626049,0.0884084107965123,0.235851619401759,0.374847588584558,0.707773819815784,0.987299493942888,-0.006861219507813,0.998086042062166
TP53,ENSG00000141510.18,protein_coding,10.2805313941575,0.169096220046309,0.45133748608485,0.37465582908511,0.70791644658378,0.987299493942888,0.390871725784527,0.992587378328484
SC22CB-1E7.1,ENSG00000232346.1,processed_pseudogene,6.01230666145113,-0.217545204361375,0.580950245372648,-0.374464433218083,0.708058813107559,0.987299493942888,-0.0738994561130081,0.998086042062166
MAPK1IP1L,ENSG00000168175.15,protein_coding,17.894667875572,0.135120641210668,0.361277043194636,0.374008378766189,0.708398082483303,0.987299493942888,0.0361312484132746,0.998086042062166
TCL1A,ENSG00000100721.11,protein_coding,7.93681052221335,-0.211661584881819,0.566086440751435,-0.373903293993148,0.708476265664475,0.987299493942888,0.0447987952744685,0.998086042062166
NDUFA2,ENSG00000131495.9,protein_coding,5.06486489322369,0.230583323700868,0.61684498148218,0.373810812478061,0.708545074549993,0.987299493942888,-0.441056163971278,0.992587378328484
FEM1C,ENSG00000145780.8,protein_coding,5.13036326618011,-0.248814849803668,0.665760374193132,-0.373730338194458,0.708604951648346,0.987299493942888,-0.142118349350147,0.998086042062166
FAM168A,ENSG00000054965.11,protein_coding,7.17394987474654,-0.252912825873818,0.677110482669287,-0.373517811859582,0.708763091073332,0.987299493942888,0.0122393967428338,0.998086042062166
PEBP1,ENSG00000089220.5,protein_coding,8.69830137542263,-0.244865723895706,0.655621090137231,-0.373486648888083,0.7087862802876,0.987299493942888,0.026407260186834,0.998086042062166
SF1,ENSG00000168066.21,protein_coding,50.8584100226225,0.0859959077257211,0.230285859928602,0.373431124917455,0.70882759785242,0.987299493942888,0.058029234962181,0.998086042062166
ZNF652,ENSG00000198740.9,protein_coding,28.9936095212149,0.131256331224051,0.351785567339261,0.373114599944538,0.709063152861572,0.987299493942888,-0.163676535850134,0.99774483465285
RCC2,ENSG00000179051.14,protein_coding,18.1684000263508,0.156170021740315,0.42005029271948,0.371788865398099,0.710050054519567,0.987299493942888,0.357362027368976,0.985998901411467
FRY,ENSG00000073910.23,protein_coding,7.1415254172701,-0.24481439712995,0.659261344561298,-0.371346506434197,0.710379463162469,0.987299493942888,-0.270434899589112,0.998086042062166
PLEKHO1,ENSG00000023902.14,protein_coding,45.5666665363676,-0.132151007967535,0.355966735197181,-0.371245385876668,0.710454771567645,0.987299493942888,-0.0351897619559813,0.998086042062166
MYC,ENSG00000136997.21,protein_coding,13.1657933326648,-0.196999625105188,0.530759945422404,-0.371165207179315,0.710514485766064,0.987299493942888,-0.341782197666757,0.992587378328484
PPP2R5E,ENSG00000154001.14,protein_coding,8.72152403246599,-0.192468315030845,0.518801502338042,-0.370986425759108,0.71064764211037,0.987299493942888,0.206205674541358,0.998086042062166
LSP1,ENSG00000130592.17,protein_coding,94.0269788585308,-0.079824790089054,0.215316522186344,-0.370732302744376,0.710836928048276,0.987299493942888,-0.201867325032089,0.983262496850266
GPCPD1,ENSG00000125772.14,protein_coding,8.91837361820672,-0.17873435874365,0.482231842530759,-0.370639893470431,0.710905764394691,0.987299493942888,0.114232536706463,0.998086042062166
BANP,ENSG00000172530.21,protein_coding,11.4567579079711,0.163908421732011,0.442508641144493,0.370407279071618,0.711079051003731,0.987299493942888,0.347211208815,0.992587378328484
MTMR14,ENSG00000163719.20,protein_coding,14.1392125766844,0.166264437715801,0.449158954504505,0.370168369234045,0.711257042956669,0.987299493942888,-0.121350233711972,0.998086042062166
RILPL2,ENSG00000150977.11,protein_coding,16.9204367556757,-0.120877842064896,0.326562589028423,-0.370152142731742,0.711269132551967,0.987299493942888,-0.210557259021952,0.992587378328484
FAM136A,ENSG00000035141.8,protein_coding,5.3254361402376,0.309074413406067,0.836042421631439,0.369687476866239,0.711615363795326,0.987299493942888,-0.126390136495542,0.998086042062166
USP20,ENSG00000136878.14,protein_coding,7.59378711856036,-0.212362418600794,0.57461711828346,-0.369572036480882,0.711701389816389,0.987299493942888,-0.332696978095753,0.995521320397187
EXOC6,ENSG00000138190.17,protein_coding,4.23433008127616,0.263962857404155,0.715393945679154,0.368975525999964,0.712145967090059,0.987299493942888,0.254716077124138,0.998086042062166
DUSP3,ENSG00000108861.9,protein_coding,8.31080339010837,-0.183973906663876,0.498935683843012,-0.368732709688816,0.71232696531086,0.987299493942888,0.471459217806065,0.979511700603372
PCNA,ENSG00000132646.11,protein_coding,6.04002686001457,0.230145768725958,0.624238666205899,0.368682334474371,0.712364517636324,0.987299493942888,0.115442884806309,0.998086042062166
PPIB,ENSG00000166794.6,protein_coding,10.7467545468471,0.181226050043502,0.49171267485983,0.368560867574063,0.712455068299184,0.987299493942888,0.16960553702722,0.998086042062166
PBX1,ENSG00000185630.19,protein_coding,5.62468240073784,-0.24670863619724,0.670035264313306,-0.36820246535842,0.71272227218379,0.987299493942888,0.262350637791009,0.998086042062166
ZNF800,ENSG00000048405.10,protein_coding,5.70346629655222,0.215523452848455,0.586370442598623,0.367555110542949,0.713204991701435,0.987299493942888,0.363046693039492,0.992587378328484
GGA2,ENSG00000103365.15,protein_coding,17.6145877761333,0.13144011656587,0.357697341543054,0.367461821211354,0.713274565161028,0.987299493942888,-0.19471461194414,0.995521320397187
NOA1,ENSG00000084092.7,protein_coding,6.4110585959861,-0.299917609993671,0.817274270512513,-0.366973023395919,0.713639140513984,0.987299493942888,-1.12124826092313,0.951021959589088
CDC14B,ENSG00000081377.17,protein_coding,3.94647119609278,0.287628847289816,0.784193610698347,0.366782951768345,0.71378092524173,0.987299493942888,0.0061800289765759,0.998587857984255
VRK3,ENSG00000105053.11,protein_coding,3.2959804401851,-0.343800705521348,0.937731714172046,-0.3666301355979,0.713894926273683,0.987299493942888,0.254633411565147,0.998086042062166
PAIP2,ENSG00000120727.13,protein_coding,34.22899488909,0.0968779534400993,0.264267952173286,0.366589867002013,0.71392496775411,0.987299493942888,0.20340998524656,0.992587378328484
CDIP1,ENSG00000089486.17,protein_coding,4.5658102551566,0.276638763543958,0.756485519008629,0.36568943699873,0.714596829058112,0.987299493942888,0.37937799831811,0.995521320397187
TOB1,ENSG00000141232.5,protein_coding,4.43022276704166,-0.247422927815885,0.67689540585691,-0.365526085234191,0.714718738692566,0.987299493942888,-0.523281400768776,0.992587378328484
WDR45B,ENSG00000141580.16,protein_coding,5.96337163160939,0.298375859588917,0.817174152213623,0.365131298855518,0.715013398330417,0.987299493942888,0.0155761910081224,0.998086042062166
CBX1,ENSG00000108468.15,protein_coding,10.9877211993978,0.173771220445929,0.475993632978188,0.365070472389894,0.715058801608323,0.987299493942888,0.0483432826603771,0.998086042062166
CHRAC1,ENSG00000104472.10,protein_coding,8.61746904650254,-0.205135673774773,0.562386043551183,-0.36475953862483,0.715290910605943,0.987299493942888,-0.294695722890445,0.995521320397187
ARF5,ENSG00000004059.11,protein_coding,7.73232970387661,0.199219072372413,0.546515336358122,0.364526041849021,0.715465230961805,0.987299493942888,0.026063478999286,0.998086042062166
CEBPZOS,ENSG00000218739.10,protein_coding,3.76211207089818,0.274382870230705,0.752857431655103,0.364455285547882,0.715518058019712,0.987299493942888,0.181070246616491,0.998086042062166
PITPNC1,ENSG00000154217.15,protein_coding,14.2116208518518,-0.20357508348588,0.559277448293986,-0.363996589004015,0.715860556506655,0.987299493942888,-0.0297811321335068,0.998086042062166
PEAK1,ENSG00000173517.11,protein_coding,14.1774282129675,0.155288459699473,0.426735259035653,0.36389882582095,0.715933561492279,0.987299493942888,0.723558182817025,0.821049128875632
ITPRID2,ENSG00000138434.17,protein_coding,22.8923090015926,0.135700203332749,0.37295441821722,0.363851979503063,0.715968545058157,0.987299493942888,0.15141705701876,0.998086042062166
ATP6V0E1,ENSG00000113732.9,protein_coding,6.16918308748062,-0.219437651156879,0.603217819554683,-0.363778462842619,0.716023446518204,0.987299493942888,-0.028391265902182,0.998086042062166
MON2,ENSG00000061987.16,protein_coding,6.65127133193092,-0.218288222345621,0.600692629162058,-0.363394208199498,0.716310427686027,0.987299493942888,0.0409987361248392,0.998086042062166
PXK,ENSG00000168297.16,protein_coding,8.95812185205467,0.157153008363396,0.432618681096748,0.363259875798687,0.716410763500866,0.987299493942888,-0.310977304857383,0.992587378328484
ADD3,ENSG00000148700.15,protein_coding,36.3235605665546,-0.10453458029186,0.287805550814025,-0.363212523164324,0.716446133388736,0.987299493942888,-0.0501433219623298,0.998086042062166
GIMAP4,ENSG00000133574.10,protein_coding,95.6345344249166,-0.0851353092511936,0.23485290210335,-0.362504821054878,0.716974821500423,0.987299493942888,-0.0154581032770584,0.998086042062166
HNRNPR,ENSG00000125944.21,protein_coding,27.8493435915547,-0.123365542969056,0.340377157316695,-0.36243778501938,0.717024907736558,0.987299493942888,0.0890178900449011,0.998086042062166
ARRB2,ENSG00000141480.18,protein_coding,34.2449402463131,0.104103722010327,0.287320303910367,0.362326367449491,0.717108156501756,0.987299493942888,0.0168077827892454,0.998086042062166
MAPK13,ENSG00000156711.17,protein_coding,5.15010363956231,0.220678205403997,0.609177443846513,0.362256034974923,0.717160709114997,0.987299493942888,0.459620312534194,0.992587378328484
ARFRP1,ENSG00000101246.20,protein_coding,4.85778224007852,0.298429397344417,0.824651216071337,0.361885596635804,0.717437523726428,0.987299493942888,0.0803179793284992,0.998086042062166
HSP90AA1,ENSG00000080824.19,protein_coding,93.9610776310781,-0.0742269879649938,0.205162884760648,-0.361795400038317,0.717504929864186,0.987299493942888,0.0606141524765243,0.998086042062166
CDKN1C,ENSG00000129757.15,protein_coding,5.73464612011913,-0.28157903902516,0.778839021688935,-0.361536891685971,0.717698131704786,0.987299493942888,-0.480632578327052,0.992587378328484
API5,ENSG00000166181.13,protein_coding,14.5854365828186,-0.167888117494482,0.46466428387272,-0.361310570494523,0.717867292595858,0.987299493942888,-0.0352539835929074,0.998086042062166
ATM,ENSG00000149311.20,protein_coding,58.6175641780042,0.0955810535456892,0.264626500706568,0.361192296653896,0.717955700375152,0.987299493942888,0.115118397200555,0.998086042062166
VDAC1,ENSG00000213585.11,protein_coding,9.86398943148743,0.161781511246273,0.447971088256025,0.361142751145162,0.717992735962578,0.987299493942888,-0.0109984408761693,0.998086042062166
ZNF467,ENSG00000181444.13,protein_coding,5.41655920573515,-0.215841150983953,0.597724691073497,-0.361104625937918,0.718021235252128,0.987299493942888,0.025514651381807,0.998086042062166
PPP4R3B,ENSG00000275052.5,protein_coding,18.640609209811,-0.147133659054836,0.40779641141723,-0.360801750421238,0.718247654175595,0.987299493942888,0.194378396616501,0.995521320397187
GNG11,ENSG00000127920.6,protein_coding,18.1592356908473,0.120999299696245,0.335577194823276,0.360570687051505,0.718420405541937,0.987299493942888,0.396534971551415,0.95182832588077
CBR1,ENSG00000159228.13,protein_coding,3.30250684480464,-0.323331367776711,0.897519264998199,-0.360250058562654,0.718660142885563,0.987299493942888,-0.273790632593374,0.998086042062166
AKT1S1,ENSG00000204673.11,protein_coding,3.62371759216213,0.28539652762594,0.79240885711636,0.360163222638022,0.718725075799874,0.987299493942888,0.573389192484094,0.992587378328484
UBE3A,ENSG00000114062.22,protein_coding,18.6366494163682,-0.142181667891672,0.395367330478911,-0.359619161551478,0.719131952150935,0.987299493942888,-0.0888906544817092,0.998086042062166
BACH2,ENSG00000112182.15,protein_coding,14.233585159984,0.155883717745715,0.433573933454296,0.359532032988665,0.719197118688091,0.987299493942888,0.0706847943912781,0.998086042062166
TRIM27,ENSG00000204713.11,protein_coding,6.51266996003932,-0.236645176017507,0.658528508428853,-0.359354489575715,0.719329916010756,0.987299493942888,0.554993506100605,0.983698296397999
PRPF40A,ENSG00000196504.19,protein_coding,24.03480769781,-0.117928846065947,0.328633826332644,-0.358845732291049,0.719710498615324,0.987299493942888,-0.0270203202296016,0.998086042062166
ZNF44,ENSG00000197857.15,protein_coding,4.37611872446466,0.266865187550709,0.743738429866309,0.358815918116104,0.719732803658772,0.987299493942888,-0.0839248940190772,0.998086042062166
YEATS2,ENSG00000163872.16,protein_coding,7.81035197491568,-0.162503522604312,0.453112981650011,-0.358637975925023,0.719865933494868,0.987299493942888,0.0985881284002222,0.998086042062166
SLC25A39,ENSG00000013306.16,protein_coding,20.7749249579044,-0.137321748505203,0.384808807634886,-0.356857082739895,0.721198800030124,0.987299493942888,0.183985378701193,0.995521320397187
PPBP,ENSG00000163736.4,protein_coding,139.540411562185,0.160483480488373,0.449801408403714,0.35678741215575,0.721250960544678,0.987299493942888,0.0363243869741664,0.998086042062166
CALCOCO1,ENSG00000012822.16,protein_coding,9.3196640791071,-0.202598130667104,0.568168048287898,-0.356581351727904,0.721405240097752,0.987299493942888,-0.0091550815420682,0.998086042062166
NAT10,ENSG00000135372.9,protein_coding,8.47778435479599,0.210614245728122,0.59094331921532,0.356403463546697,0.721538435918957,0.987299493942888,0.133651047439751,0.998086042062166
TRAK1,ENSG00000182606.17,protein_coding,12.1959222337424,0.147461024810541,0.414266100535592,0.355957256989874,0.721872575359427,0.987299493942888,0.0795004232265832,0.998086042062166
FAM107B,ENSG00000065809.14,protein_coding,35.9886586789518,-0.0914020683138355,0.256991990527195,-0.355661155533807,0.72209433868255,0.987299493942888,-0.0885335447804543,0.998086042062166
PDLIM5,ENSG00000163110.15,protein_coding,8.81333743227882,0.19595335422454,0.55118652390988,0.355511874337078,0.722206150752544,0.987299493942888,0.282018088652515,0.995521320397187
PLCG1,ENSG00000124181.14,protein_coding,14.3167249130852,0.138575193052681,0.389995478061555,0.355325127720608,0.722346032890533,0.987299493942888,-0.0627104226048324,0.998086042062166
CLEC2D,ENSG00000069493.15,protein_coding,7.5244343806607,-0.208907641975416,0.588415792190068,-0.35503405032327,0.722564082276024,0.987299493942888,-0.102102319075922,0.998086042062166
CERT1,ENSG00000113163.19,protein_coding,9.81450927809828,-0.181605123649535,0.511642429130987,-0.354945394106559,0.722630500133098,0.987299493942888,-0.304186735047557,0.992587378328484
HSBP1,ENSG00000230989.7,protein_coding,11.5919724903911,-0.171828100555251,0.484592445148168,-0.354582706097931,0.722902233919693,0.987299493942888,-0.0850510530596858,0.998086042062166
BBS9,ENSG00000122507.21,protein_coding,4.72411198600125,-0.227094740637159,0.641688767771331,-0.353901691977387,0.723412558983971,0.987299493942888,-0.315021200291439,0.995521320397187
H2BC9,ENSG00000275713.2,protein_coding,12.9048723865606,-0.174748324450489,0.493950103928378,-0.35377728045954,0.723505801352747,0.987299493942888,-0.313668327926336,0.992587378328484
CCNT2,ENSG00000082258.13,protein_coding,4.0366767319201,-0.282955139879014,0.80049888295193,-0.353473497471459,0.723733494021963,0.987299493942888,-0.150642361241507,0.998086042062166
SMIM14,ENSG00000163683.12,protein_coding,13.629769051607,0.157168115305916,0.445048669636028,0.353148152166036,0.723977375282707,0.987299493942888,0.05436305321389,0.998086042062166
POGZ,ENSG00000143442.22,protein_coding,9.33518987438055,0.1905559820619,0.540011776540994,0.352873752647568,0.72418308898745,0.987299493942888,0.315074182757704,0.992587378328484
ZNF641,ENSG00000167528.13,protein_coding,8.39738450674573,0.177285187418409,0.503087178892072,0.352394564713093,0.724542377629414,0.987299493942888,0.142291264527378,0.998086042062166
GABPA,ENSG00000154727.11,protein_coding,9.30433983543297,0.147605217619211,0.419046696009083,0.352240499746147,0.724657906354545,0.987299493942888,-0.210583091549676,0.997878976321691
SLC25A11,ENSG00000108528.14,protein_coding,5.31376616434607,-0.26814813700157,0.761322642203447,-0.352213532262072,0.724678129111629,0.987299493942888,-0.739379201062061,0.983262496850266
SELENOW,ENSG00000178980.15,protein_coding,4.97735722154656,-0.22603622677066,0.642164948489797,-0.351990913397309,0.724845077020445,0.987299493942888,0.215382033102371,0.998086042062166
KRT1,ENSG00000167768.4,protein_coding,6.53624952783631,-0.407616902089576,1.15886300500437,-0.351738644110085,0.725034276394991,0.987299493942888,-0.267072079617878,0.998086042062166
CLIP2,ENSG00000106665.16,protein_coding,8.77807980011916,-0.238946290826818,0.680079216564182,-0.351350673578874,0.725325283069839,0.987299493942888,-0.714880557247504,0.971702390968324
RPRD1B,ENSG00000101413.12,protein_coding,3.9806961661758,-0.246006603201439,0.700787031683062,-0.351043315699794,0.725555852441298,0.987299493942888,-0.0631407667815373,0.998086042062166
CDC42,ENSG00000070831.17,protein_coding,36.4708474023403,-0.0953425395773168,0.271965932878948,-0.350567950066576,0.72591250447293,0.987299493942888,-0.101733056954629,0.998086042062166
CTDSP2,ENSG00000175215.11,protein_coding,35.1899286784052,-0.109415701331116,0.312218025294366,-0.350446458778144,0.72600366514317,0.987299493942888,-0.275552624358567,0.985145195417245
CAVIN2,ENSG00000168497.5,protein_coding,70.1864072814166,0.181080795420206,0.51761579230909,0.349836303510761,0.726461552222403,0.987299493942888,0.190292509335461,0.998086042062166
SENP6,ENSG00000112701.18,protein_coding,19.1122851606448,-0.123422671295345,0.353305492644443,-0.349336972860352,0.726836344419693,0.987299493942888,-0.0361423665365724,0.998086042062166
ASXL2,ENSG00000143970.18,protein_coding,18.7341871130487,0.137676124918182,0.3944810544383,0.349005670536493,0.727085052455376,0.987299493942888,0.15526674815413,0.998086042062166
RBM17,ENSG00000134453.16,protein_coding,14.4256553208994,0.128084910506482,0.367151606138749,0.348861092706423,0.727193595777241,0.987299493942888,0.244776025253012,0.992587378328484
ZFP91,ENSG00000186660.15,protein_coding,4.38074797972532,-0.296703374286533,0.850664141135996,-0.348790268613308,0.727246769705742,0.987299493942888,0.549557446758654,0.992587378328484
PUM3,ENSG00000080608.10,protein_coding,6.91652042603168,-0.185434104095716,0.531707720430529,-0.348751949558995,0.727275539766176,0.987299493942888,-0.320577437861663,0.992587378328484
NDUFS8,ENSG00000110717.13,protein_coding,3.85418281008085,0.270109345109059,0.774729914710345,0.348649690660322,0.727352317934699,0.987299493942888,-0.717066435947198,0.992587378328484
MLF 2.00,ENSG00000089693.11,protein_coding,4.68058662457801,-0.283469819551387,0.813865144496057,-0.348300724595978,0.727614349726296,0.987299493942888,-0.293503778644642,0.998086042062166
ZNF680,ENSG00000173041.12,protein_coding,4.40767389272054,-0.238112687153518,0.684134141955207,-0.34804970626522,0.727802854177816,0.987299493942888,0.316079934417082,0.995521320397187
MARK2,ENSG00000072518.22,protein_coding,13.6052004903623,-0.156937561740262,0.452240460907012,-0.347022381468275,0.728574504406502,0.987299493942888,0.278312008772176,0.992587378328484
PSME3,ENSG00000131467.11,protein_coding,15.0665642153111,0.161763169355298,0.466263211236785,0.346935304902597,0.728639922526558,0.987299493942888,-0.0196605613753524,0.998086042062166
PLAC8,ENSG00000145287.11,protein_coding,65.8393448458598,0.0777253961289188,0.224218144915434,0.346650785815009,0.728853687312463,0.987299493942888,-0.0098411997536928,0.998086042062166
BRPF1,ENSG00000156983.17,protein_coding,9.84191961117647,-0.161523789462037,0.466029255988261,-0.346595814289619,0.728894990931418,0.987299493942888,0.289545225885239,0.992587378328484
LGALS8,ENSG00000116977.19,protein_coding,9.70005296397922,0.158539789034948,0.457880708614189,0.346246928626412,0.729157149361382,0.987299493942888,0.237121591757073,0.995521320397187
ZNFX1,ENSG00000124201.15,protein_coding,39.0832273260884,0.109446969395134,0.316497271600397,0.345806991768699,0.729487770301487,0.987299493942888,0.22061226774628,0.992587378328484
C3orf38,ENSG00000179021.10,protein_coding,3.38869013227826,0.263523319346241,0.762100685649187,0.345785437946118,0.729503969703342,0.987299493942888,0.0145585076639953,0.998086042062166
LDHA,ENSG00000134333.14,protein_coding,19.6797801754623,-0.147177452083479,0.425853524955639,-0.345605809177723,0.729638979620682,0.987299493942888,-0.203211700602587,0.995521320397187
UBE2I,ENSG00000103275.21,protein_coding,14.5376840815896,0.150602350326918,0.436584070809552,0.344956127344862,0.730127353819802,0.987299493942888,0.128526176952471,0.998086042062166
PLEKHA2,ENSG00000169499.15,protein_coding,36.5369041579489,0.0953345708924578,0.276579439795012,0.344691459940462,0.730326339105433,0.987299493942888,0.185688759196198,0.992587378328484
PINK1,ENSG00000158828.8,protein_coding,10.261940732848,0.175744812306371,0.510125942393799,0.344512595226341,0.730460825508369,0.987299493942888,0.254591298548095,0.995521320397187
EIF4A3,ENSG00000141543.12,protein_coding,11.6588927675688,-0.173590103638861,0.5039135184043,-0.34448391896402,0.730482387644218,0.987299493942888,-0.213993359942811,0.998086042062166
TCF3,ENSG00000071564.17,protein_coding,17.0051974083406,0.162985441235704,0.473549382975717,0.344178341467845,0.730712169428994,0.987299493942888,0.16820678414266,0.998086042062166
HAUS6,ENSG00000147874.11,protein_coding,4.7839911768078,-0.202410080997032,0.588171395845443,-0.344134520017054,0.730745123350393,0.987299493942888,0.0671117071721058,0.998086042062166
AFF3,ENSG00000144218.21,protein_coding,9.43376800465165,-0.174822069825561,0.508225899920165,-0.343984967812588,0.730857590999688,0.987299493942888,0.286844197229328,0.992587378328484
ZNF292,ENSG00000188994.13,protein_coding,10.6312500863199,-0.160908218498216,0.468150573186554,-0.343710395146939,0.731064092768183,0.987299493942888,-0.161512675733897,0.998086042062166
MALAT1,ENSG00000251562.8,lncRNA,124.72786306421,-0.208019976600717,0.605344429812757,-0.343639036482191,0.731117763685005,0.987299493942888,-0.384701064997853,0.992587378328484
SPIDR,ENSG00000164808.17,protein_coding,9.91839855411494,-0.148723369576781,0.433049982480248,-0.343432341747212,0.731273232203157,0.987299493942888,-0.0865853901091388,0.998086042062166
PGGT1B,ENSG00000164219.10,protein_coding,4.48614024626595,-0.226406415632748,0.659620925907517,-0.343237163559137,0.731420048510591,0.987299493942888,-0.411992160830695,0.992587378328484
SAP30BP,ENSG00000161526.15,protein_coding,8.0141114825697,-0.201949517395359,0.588694041627721,-0.34304664751995,0.731563367357751,0.987299493942888,0.0147740485601637,0.998086042062166
PIK3AP1,ENSG00000155629.15,protein_coding,41.9346269428281,-0.0791632961041581,0.23078765509184,-0.343013564016914,0.731588255925737,0.987299493942888,-0.0139571369560801,0.998086042062166
RDH11,ENSG00000072042.13,protein_coding,2.46312905691399,0.34733583410832,1.01292873930875,0.342902536604254,0.73167178340465,0.987299493942888,0.0735187943171617,0.998086042062166
HTATIP2,ENSG00000109854.14,protein_coding,3.4322975708594,0.315175074462829,0.920185920256552,0.342512385295959,0.7319653249186,0.987299493942888,0.250470577331017,0.998086042062166
UHRF1BP1,ENSG00000065060.17,protein_coding,5.54100199037534,-0.21315527821534,0.622506652879705,-0.342414458109464,0.732039009403272,0.987299493942888,-0.482336982325611,0.992587378328484
DNAJA2,ENSG00000069345.12,protein_coding,18.5407124658824,0.138814648122385,0.405541584357102,0.342294485884711,0.73212928485853,0.987299493942888,-0.0627536500835134,0.998086042062166
KHSRP,ENSG00000088247.18,protein_coding,23.6681279656073,-0.118425020565232,0.346117380480562,-0.342152770256165,0.732235926340704,0.987299493942888,0.0832867760450722,0.998086042062166
H2AC20,ENSG00000184260.6,protein_coding,44.8560571773889,0.0999888642804383,0.292308544821407,0.342066169641154,0.732301096137329,0.987299493942888,-0.111599919633329,0.998086042062166
MAST4,ENSG00000069020.18,protein_coding,7.82819426450125,0.196254675734689,0.573835054754303,0.342005379609858,0.73234684377836,0.987299493942888,0.0411236028008603,0.998086042062166
CD48,ENSG00000117091.10,protein_coding,41.1372691844177,0.0826889618821208,0.241779924177405,0.342000942234758,0.732350183169759,0.987299493942888,0.040835435368522,0.998086042062166
PYCR2,ENSG00000143811.19,protein_coding,4.78418400410785,-0.299961635538827,0.877582591349739,-0.341804450652879,0.732498059971892,0.987299493942888,-0.433995989840104,0.995521320397187
ZC3H7B,ENSG00000100403.12,protein_coding,16.9401752140364,0.132395823987753,0.387358872480101,0.34179112289355,0.732508090615934,0.987299493942888,-0.255821154068928,0.992587378328484
CNPY3,ENSG00000137161.17,protein_coding,12.0000321011239,0.156317804426376,0.457533647705647,0.341653133513237,0.7326119458935,0.987299493942888,0.0971237426978712,0.998086042062166
RBM5,ENSG00000003756.17,protein_coding,13.6762206955859,0.133013369728708,0.389481993207142,0.341513528349349,0.732717022244774,0.987299493942888,0.372090297314869,0.979511700603372
DICER1,ENSG00000100697.15,protein_coding,16.84061429137,-0.160433533711025,0.469970478627699,-0.341369385965447,0.732825518873452,0.987299493942888,-0.237277648884861,0.995521320397187
STX17,ENSG00000136874.11,protein_coding,5.65580735016697,-0.212614798531398,0.623555791911418,-0.340971571893606,0.733124983030264,0.987299493942888,-0.613786823589818,0.985425634239731
R3HDM2,ENSG00000179912.20,protein_coding,12.0483779223721,-0.151045146837965,0.444043403545476,-0.340158519712131,0.733737154020402,0.987299493942888,-0.137325588644347,0.998086042062166
RGP1,ENSG00000107185.10,protein_coding,6.97243170296791,0.243403335991906,0.715973181852631,0.339961526718197,0.733885501358109,0.987299493942888,0.307242998814717,0.997878976321691
PHB2,ENSG00000215021.10,protein_coding,24.4722591325156,-0.110490603274039,0.325039651029422,-0.339929614507363,0.733909534069408,0.987299493942888,-0.326431064452753,0.97253876306542
CLPTM1,ENSG00000104853.16,protein_coding,4.26473262443827,0.270771188525934,0.796577465431692,0.339918212950192,0.733918120511461,0.987299493942888,0.817825912197253,0.97236782393181
NMRAL1,ENSG00000153406.14,protein_coding,4.30570078836199,-0.215125606089473,0.633284755935402,-0.339698064848757,0.734083919205864,0.987299493942888,-0.280691884248079,0.997852416960843
OPTN,ENSG00000123240.17,protein_coding,47.2039563268282,-0.0930976280009754,0.274120521000371,-0.339622979196255,0.73414047080652,0.987299493942888,0.0290829592696337,0.998086042062166
NFYB,ENSG00000120837.8,protein_coding,6.49841242210413,-0.217151022349964,0.640024328000372,-0.33928557532869,0.734394608106704,0.987299493942888,-0.0824155309469181,0.998086042062166
C12orf45,ENSG00000151131.11,protein_coding,5.8561957913106,-0.237226070470261,0.699504039216778,-0.339134668522971,0.734508282635978,0.987299493942888,-0.159790104126598,0.998086042062166
FER,ENSG00000151422.13,protein_coding,5.18369608169555,0.208634815572803,0.615668128598787,0.33887545234417,0.734703557633756,0.987299493942888,0.292919345674304,0.995521320397187
MFAP3L,ENSG00000198948.12,protein_coding,10.1687751977842,-0.176738535073733,0.522055917249096,-0.338543303953019,0.734953799634399,0.987299493942888,-0.399632206054531,0.992587378328484
PRPF8,ENSG00000174231.17,protein_coding,46.4832684691971,-0.0754688327774592,0.222974284328646,-0.338464289748428,0.735013333414137,0.987299493942888,-0.091679947524168,0.998086042062166
SNAPC5,ENSG00000174446.13,protein_coding,4.96535992349082,-0.290722550839499,0.859024703496009,-0.33843328329946,0.73503669586503,0.987299493942888,-0.933025418028131,0.983262496850266
HPCAL1,ENSG00000115756.13,protein_coding,6.84961561707706,-0.199618939850137,0.589927191259509,-0.338378943720063,0.735077639737398,0.987299493942888,0.0583666621564714,0.998086042062166
SRP68,ENSG00000167881.15,protein_coding,11.5065324332386,0.135043001510107,0.39935453699765,0.338153167171609,0.73524776627004,0.987299493942888,0.0187185915247618,0.998086042062166
BCL3,ENSG00000069399.15,protein_coding,5.47624462489701,0.220544866308275,0.653122276082859,0.337677758644226,0.735606037276399,0.987299493942888,0.229167573450642,0.998086042062166
CEP104,ENSG00000116198.14,protein_coding,6.69147741505485,0.219650969627928,0.650793088080195,0.337512757358697,0.735730396784805,0.987299493942888,0.232052829600837,0.998086042062166
PHACTR4,ENSG00000204138.13,protein_coding,13.8647521873788,-0.181605094963963,0.539121684471481,-0.336853627288237,0.736227244350035,0.987299493942888,0.0661643610712782,0.998086042062166
CDC40,ENSG00000168438.15,protein_coding,8.04921751970445,0.165975788575371,0.493084460725955,0.336607218023073,0.736413014246007,0.987299493942888,0.178862507987408,0.998086042062166
PARP4,ENSG00000102699.6,protein_coding,25.0405944910286,-0.116415765363584,0.346661369786622,-0.335819838925927,0.737006728819314,0.987299493942888,-0.116497421043849,0.998086042062166
WBP2,ENSG00000132471.12,protein_coding,39.5595079290147,0.108884249647786,0.324248399308167,0.335805049092323,0.73701788243447,0.987299493942888,-0.118146673231144,0.998086042062166
FXR2,ENSG00000129245.12,protein_coding,3.31800761495794,-0.283559044475823,0.844527923775662,-0.335760412998668,0.737051544664311,0.987299493942888,0.0173927114347841,0.998086042062166
TMEM40,ENSG00000088726.16,protein_coding,4.13112166393712,0.242328635913833,0.722149136034028,0.335565915434973,0.737198230540405,0.987299493942888,0.217490692918194,0.998086042062166
AP5Z1,ENSG00000242802.9,protein_coding,6.09861448711417,0.215596533381592,0.643084859464341,0.335253629763844,0.737433769696477,0.987299493942888,0.266537021722022,0.998086042062166
CSF3R,ENSG00000119535.18,protein_coding,16.0528396508743,0.140721087669937,0.420244176160639,0.334855533170188,0.737734066859763,0.987299493942888,-0.293658147231925,0.992587378328484
PER2,ENSG00000132326.12,protein_coding,4.26819955532999,-0.328144849541651,0.980919970084074,-0.334527647055168,0.737981432050796,0.987299493942888,0.646284287868791,0.992587378328484
HNRNPL,ENSG00000104824.18,protein_coding,12.8345510210405,-0.172988724734662,0.517183978587541,-0.334481986868782,0.738015881349286,0.987299493942888,0.164817682282497,0.998086042062166
BLOC1S2,ENSG00000196072.12,protein_coding,4.27119413077033,0.233066558052587,0.697878950772635,0.333964160682242,0.738406603128518,0.987299493942888,0.374036166894638,0.995521320397187
RAB32,ENSG00000118508.5,protein_coding,6.36933427032301,0.241972091487241,0.725168245918076,0.333677174709849,0.738623175303386,0.987299493942888,0.148836807619042,0.998086042062166
BRD3,ENSG00000169925.17,protein_coding,13.1011711020678,0.1665442237202,0.499216455395119,0.333611246024299,0.738672930905049,0.987299493942888,0.117326520359953,0.998086042062166
FAM76A,ENSG00000009780.16,protein_coding,2.75882406686112,-0.307725706277557,0.922958648919846,-0.333412235356041,0.738823128546717,0.987299493942888,-0.445377380960475,0.995521320397187
GLRX3,ENSG00000108010.12,protein_coding,3.83771137137293,0.261249214272432,0.785632914971247,0.332533438065019,0.739486494909976,0.987299493942888,0.10603281526409,0.998086042062166
ADARB1,ENSG00000197381.17,protein_coding,7.23605842727826,0.202223222951381,0.608242188016052,0.332471549878819,0.739533218959044,0.987299493942888,0.587325701301855,0.983262496850266
DNMBP,ENSG00000107554.17,protein_coding,7.66165475533816,-0.228672582082284,0.687812281389408,-0.332463650722195,0.739539182696009,0.987299493942888,0.0789078920386021,0.998086042062166
DPEP2,ENSG00000167261.14,protein_coding,8.08717282232913,-0.239960218079152,0.722234044572572,-0.3322471709585,0.73970262755162,0.987299493942888,-0.188886474663259,0.998086042062166
LIMK2,ENSG00000182541.18,protein_coding,5.99334778359964,0.214538167461876,0.645833263016494,0.332188166431429,0.739747178726624,0.987299493942888,0.491716436154976,0.992587378328484
AKAP9,ENSG00000127914.19,protein_coding,13.0147155867517,0.137910843854505,0.416251370562494,0.331316251687393,0.740405616818946,0.987299493942888,-0.20630659747456,0.995521320397187
TFEC,ENSG00000105967.16,protein_coding,6.40265267972482,-0.171438726751973,0.518286206526289,-0.330780029630747,0.740810646585082,0.987299493942888,0.0256129706263306,0.998086042062166
GIMAP2,ENSG00000106560.11,protein_coding,9.73384838899376,0.155309681152218,0.469553502339824,0.330760350797721,0.740825512154778,0.987299493942888,-0.0316823349854861,0.998086042062166
ENSA,ENSG00000143420.19,protein_coding,22.1561815908284,0.132882110274014,0.40177834876923,0.330734870808924,0.740844760114128,0.987299493942888,0.10411283677375,0.998086042062166
VTI1B,ENSG00000100568.11,protein_coding,22.2031715930767,-0.112214431678114,0.339446557164252,-0.33058055623117,0.740961335087738,0.987299493942888,-0.0234363339444251,0.998086042062166
SCIMP,ENSG00000161929.15,protein_coding,7.6588517594683,0.227749949164992,0.689359647429713,0.330378997398761,0.741113609085575,0.987299493942888,-0.400793588047847,0.995521320397187
TRAPPC9,ENSG00000167632.18,protein_coding,8.0612718682985,0.169799270751202,0.514575230846814,0.329979487103898,0.741415461743202,0.987299493942888,0.301306239487358,0.992587378328484
HLA-DRB1,ENSG00000196126.11,protein_coding,8.93175925655267,0.185129443881763,0.561087474127815,0.329947561509082,0.741439585056196,0.987299493942888,-0.427804687389846,0.992587378328484
NUDT5,ENSG00000165609.13,protein_coding,4.4986311536169,-0.217556941098812,0.66109481626486,-0.329085837229815,0.742090808848458,0.987299493942888,0.0375860601706628,0.998086042062166
ATMIN,ENSG00000166454.10,protein_coding,7.97615647280544,0.159372861957116,0.484845730775898,0.328708394940535,0.742376108394341,0.987299493942888,-0.11536800998757,0.998086042062166
ANKS1A,ENSG00000064999.15,protein_coding,4.71593898409497,-0.259932328561661,0.79121469663374,-0.328523129900841,0.742516158734877,0.987299493942888,0.182418828649394,0.998086042062166
RANBP2,ENSG00000153201.16,protein_coding,21.697453741313,0.119206767311767,0.363135518188515,0.328270745606006,0.742706961313943,0.987299493942888,0.0864620976659156,0.998086042062166
OSBP2,ENSG00000184792.16,protein_coding,10.2021870647929,-0.185238722014296,0.564357107782757,-0.328229625284708,0.742738049783292,0.987299493942888,-0.0981471701666257,0.998086042062166
KMT5B,ENSG00000110066.15,protein_coding,10.4292419494863,0.185169174029368,0.564303293098197,0.328137681091197,0.742807564479932,0.987299493942888,0.318481971177622,0.995521320397187
ARIH2,ENSG00000177479.20,protein_coding,10.3739464006375,-0.150567216153959,0.459005832726228,-0.328028982245557,0.742889749289376,0.987299493942888,0.205335249454091,0.995521320397187
ERP29,ENSG00000089248.7,protein_coding,41.5054986653518,0.090659349644888,0.276478760901381,0.327907103422045,0.742981902675524,0.987299493942888,0.0941888317552269,0.998086042062166
APOBEC3G,ENSG00000239713.9,protein_coding,11.9732323034179,0.16190249923947,0.494313828385391,0.32752977954977,0.743267223101366,0.987299493942888,-0.0438948514416824,0.998086042062166
CAPN15,ENSG00000103326.12,protein_coding,6.78954906470683,-0.231303283471454,0.706216473636373,-0.327524621849236,0.743271123436421,0.987299493942888,-0.636957303807513,0.992587378328484
U2SURP,ENSG00000163714.18,protein_coding,14.0587398573985,-0.148042907496608,0.452009339264249,-0.327521789124053,0.743273265590996,0.987299493942888,-0.126909759825421,0.998086042062166
ST3GAL1,ENSG00000008513.16,protein_coding,8.8644410197416,-0.161096701155164,0.491909356711568,-0.32749265480962,0.743295297566424,0.987299493942888,0.158174274441297,0.998086042062166
SFPQ,ENSG00000116560.11,protein_coding,45.0176855467997,-0.0746581138837733,0.22809823068273,-0.32730685222902,0.743435810292564,0.987299493942888,0.225347220307965,0.97236782393181
SLTM,ENSG00000137776.17,protein_coding,53.3532595149777,0.0774432362899925,0.236741827435953,0.327121054731841,0.743576327719494,0.987299493942888,0.0488002731728891,0.998086042062166
CLEC7A,ENSG00000172243.18,protein_coding,5.11590969564353,0.21102671142083,0.645447376678215,0.326946423590526,0.74370840789105,0.987299493942888,-0.33046592349515,0.998086042062166
COBLL1,ENSG00000082438.18,protein_coding,7.47806234467765,0.179746704197187,0.549910408441247,0.326865433783458,0.743769666121317,0.987299493942888,0.200412530426971,0.998086042062166
HCK,ENSG00000101336.18,protein_coding,38.0953982823304,0.0988564164747526,0.302642856950657,0.326643812019228,0.743937302382108,0.987299493942888,-0.0458857318891231,0.998086042062166
RECQL,ENSG00000004700.16,protein_coding,9.60173315757996,0.156077054519865,0.478009806279315,0.326514336044112,0.744035244536641,0.987299493942888,-0.374352971241672,0.992587378328484
STAT3,ENSG00000168610.16,protein_coding,33.8661977698526,-0.10891703749282,0.333651418053937,-0.326439606125735,0.744091775898795,0.987299493942888,-0.0125133976694388,0.998086042062166
EMC2,ENSG00000104412.8,protein_coding,6.11828380355737,0.191383350550015,0.586639773443753,0.326236575175489,0.744245370827327,0.987299493942888,0.356105635353615,0.992587378328484
SEC11A,ENSG00000140612.14,protein_coding,12.6088956981368,-0.141513942249372,0.433896382888199,-0.326146858628771,0.744313245526647,0.987299493942888,0.0799075845321778,0.998086042062166
POLR3G,ENSG00000113356.13,protein_coding,5.46462444987651,-0.219437984255935,0.673682157729574,-0.32572925041607,0.744629211502352,0.987299493942888,-0.233234641544445,0.998086042062166
UBN2,ENSG00000157741.15,protein_coding,7.40295457674186,-0.185624436543388,0.570199004162338,-0.325543249266252,0.744769955415181,0.987299493942888,-0.19498134101658,0.998086042062166
CEP85L,ENSG00000111860.14,protein_coding,5.3328826600563,0.194230340060579,0.597486345325383,0.325079127883339,0.745121185342905,0.987299493942888,-0.243657088333837,0.998086042062166
ELOB,ENSG00000103363.15,protein_coding,26.7929326847769,-0.226531855233801,0.69687533704882,-0.325067975849361,0.745129625442771,0.987299493942888,-0.337954629965097,0.995521320397187
TRAF3IP1,ENSG00000204104.12,protein_coding,3.85105299660595,0.218539276326636,0.672368259681499,0.325029138689797,0.745159018481666,0.987299493942888,0.382008284850944,0.995521320397187
STX6,ENSG00000135823.14,protein_coding,11.0816203748966,0.143388736208949,0.441245301691695,0.324963768813422,0.745208493053942,0.987299493942888,0.171721471386831,0.998086042062166
STAM,ENSG00000136738.15,protein_coding,7.36987442084513,-0.174446169504304,0.537254218565151,-0.324699487647018,0.745408522465209,0.987299493942888,-0.0373178534266327,0.998086042062166
WDR37,ENSG00000047056.16,protein_coding,9.68382733001686,0.168947144622108,0.520332701192232,0.324690614745145,0.745415238494549,0.987299493942888,0.0708698633624927,0.998086042062166
XPO5,ENSG00000124571.18,protein_coding,4.56479727780207,0.227168587224663,0.700343884798452,0.32436720324907,0.745660046592786,0.987299493942888,-0.0515551294660882,0.998086042062166
PALLD,ENSG00000129116.19,protein_coding,4.82826182710196,-0.221519899057276,0.682992653901143,-0.324337162035331,0.745682787757558,0.987299493942888,-0.180043056107296,0.998086042062166
UBXN6,ENSG00000167671.12,protein_coding,14.705529773007,-0.127234954482741,0.392348945783149,-0.324290292736158,0.74571826820646,0.987299493942888,0.0508387799741435,0.998086042062166
CPPED1,ENSG00000103381.12,protein_coding,19.3997582836119,-0.13184938699522,0.406809677165876,-0.324105827358328,0.745857915267482,0.987299493942888,-0.12664389034613,0.998086042062166
ITGA4,ENSG00000115232.14,protein_coding,17.7384940910697,0.119761966639849,0.369760999189986,0.323890207193848,0.746021158228587,0.987299493942888,0.207712093829245,0.995521320397187
MYL6,ENSG00000092841.19,protein_coding,60.5591751437485,0.0812580696541816,0.250905254539586,0.323859577206907,0.746044348681206,0.987299493942888,-0.0744007909123339,0.998086042062166
PIK3R5,ENSG00000141506.15,protein_coding,17.1035496074567,-0.149271919870323,0.461139838384495,-0.323702069188524,0.746163604151719,0.987299493942888,-0.18262614333215,0.998086042062166
THAP12,ENSG00000137492.9,protein_coding,10.0639156105903,-0.160810643144253,0.49708185624387,-0.323509380043352,0.746309504896041,0.987299493942888,0.161978686997574,0.998086042062166
TMEM183A,ENSG00000163444.12,protein_coding,7.29883722041024,0.175915482384851,0.544601350612407,0.323016977807773,0.746682384291711,0.987440502552223,0.104613429134748,0.998086042062166
CTBP1,ENSG00000159692.16,protein_coding,20.9245097742237,0.108615655452423,0.33639703430147,0.322879349034583,0.746786616470546,0.987440502552223,-0.0487935346061732,0.998086042062166
SNX17,ENSG00000115234.11,protein_coding,11.3703665613578,-0.146020576843116,0.452636679627001,-0.322599964641498,0.746998220509604,0.987475326219293,-0.363373872647219,0.992587378328484
CD2AP,ENSG00000198087.7,protein_coding,17.4342509907198,-0.141723311007988,0.440139660287718,-0.32199622936807,0.74745555105106,0.987497854655662,-0.221879158452712,0.995521320397187
UGP2,ENSG00000169764.16,protein_coding,19.0351124570883,0.10320794240908,0.320560883179589,0.321960500561945,0.747482618473241,0.987497854655662,0.0273109386563292,0.998086042062166
CCDC174,ENSG00000154781.16,protein_coding,5.38398388830468,-0.241041545045206,0.749079445373137,-0.321783686008279,0.747616574191945,0.987497854655662,0.540810023409703,0.992587378328484
RAB21,ENSG00000080371.6,protein_coding,15.9497266839207,0.119793935606838,0.372601604949027,0.321506762224565,0.747826388551717,0.987497854655662,0.273692789503305,0.992587378328484
TSC22D2,ENSG00000196428.12,protein_coding,3.21242536430814,0.227968988205626,0.709691453530975,0.321222676518643,0.748041648632897,0.987497854655662,0.318141792864561,0.995521320397187
LTA4H,ENSG00000111144.10,protein_coding,23.8558123594152,-0.128876481724173,0.401522536750783,-0.32096948471952,0.748233516050327,0.987497854655662,-0.321379781398892,0.992587378328484
SLAIN2,ENSG00000109171.15,protein_coding,23.6840804724394,-0.120199735111594,0.375721078745227,-0.319917465139348,0.74903089784284,0.987497854655662,-0.0959898857804564,0.998086042062166
PPP3R1,ENSG00000221823.11,protein_coding,22.5590419103702,-0.115587667279326,0.361322888202774,-0.319901315563652,0.74904314056211,0.987497854655662,0.198256487269883,0.995521320397187
MCM5,ENSG00000100297.16,protein_coding,9.01986551276987,0.187888431051525,0.587814517016762,0.319638977283318,0.749242023617131,0.987497854655662,0.154267376201828,0.998086042062166
GABARAPL1,ENSG00000139112.11,protein_coding,5.28875256361059,-0.223526324069512,0.699717715193643,-0.319452143651462,0.749383675499503,0.987497854655662,-0.0587734489425053,0.998086042062166
PADI2,ENSG00000117115.13,protein_coding,8.02937376192259,0.214237669300734,0.67097448339036,0.319293318306555,0.749504098953499,0.987497854655662,0.422559554283086,0.992587378328484
CEP68,ENSG00000011523.14,protein_coding,7.51331549927281,0.185814377220942,0.582066240074224,0.31923235609275,0.749550322923467,0.987497854655662,0.184794756173085,0.998086042062166
KIF5B,ENSG00000170759.11,protein_coding,31.8431606038664,-0.0938798111505043,0.294148774212449,-0.319157580723759,0.749607021804315,0.987497854655662,-0.0511147098763399,0.998086042062166
CAPN1,ENSG00000014216.16,protein_coding,22.4382210136347,-0.120254400743703,0.376790098738993,-0.319154885295976,0.749609065654185,0.987497854655662,-0.152131481480697,0.998086042062166
ARCN1,ENSG00000095139.14,protein_coding,23.2475206685196,0.0973647765180919,0.305833456112859,0.318358814485496,0.750212775562753,0.987943388426258,0.0936587948411688,0.998086042062166
ZNF207,ENSG00000010244.19,protein_coding,6.484133115112,0.190722372107107,0.599341044101013,0.318220108541345,0.750317980553376,0.987943388426258,0.333304480633239,0.995521320397187
COPB1,ENSG00000129083.13,protein_coding,6.49719836366444,-0.217668374726962,0.685788548190073,-0.31739867237712,0.750941114467323,0.988504540488969,0.0906946562471896,0.998086042062166
H2AZ2,ENSG00000105968.19,protein_coding,15.2080927064546,-0.136400174096928,0.430054672910687,-0.317169380287738,0.751115082360286,0.988504540488969,0.108818423830836,0.998086042062166
ARHGAP5,ENSG00000100852.13,protein_coding,14.5246327046815,0.129557106395838,0.409380335714138,0.316471249577325,0.751644844134318,0.988639291815397,0.0378582199958198,0.998086042062166
UQCR10,ENSG00000184076.13,protein_coding,11.7753734300717,0.142249283028004,0.449559003836102,0.316419606356867,0.751684037156308,0.988639291815397,0.342386213468026,0.992587378328484
H2AC11,ENSG00000196787.3,protein_coding,29.58831090734,0.142554066915387,0.450844072199648,0.316193725737309,0.751855469779138,0.988639291815397,-0.13144069693268,0.998086042062166
SEC23A,ENSG00000100934.15,protein_coding,6.19349060133029,0.173189091722857,0.547968297176721,0.316056773019851,0.751959416326383,0.988639291815397,-0.138388394909297,0.998086042062166
POLR1E,ENSG00000137054.16,protein_coding,5.58351533032791,0.207177539321678,0.656607452560158,0.315527243125064,0.752361369646444,0.988923822494586,-0.0420333568888332,0.998086042062166
ATG13,ENSG00000175224.17,protein_coding,7.08181120510879,0.186189771860903,0.591473339238472,0.314789796105813,0.752921259698048,0.989264087765561,0.181186837488033,0.998086042062166
PDP1,ENSG00000164951.16,protein_coding,3.03776096609147,0.241088502322001,0.766096349845446,0.314697364594726,0.75299144541555,0.989264087765561,0.304034176850547,0.998086042062166
SSBP3,ENSG00000157216.16,protein_coding,9.00365342812246,-0.180181798180209,0.573027577306117,-0.314438266701349,0.753188196253552,0.98927872992396,0.138789052386441,0.998086042062166
TBC1D8,ENSG00000204634.13,protein_coding,7.61418476956868,0.178629552867178,0.569402134856361,0.313714231001679,0.753738091271048,0.989382509839464,0.56243321007157,0.953507896005218
SMARCAL1,ENSG00000138375.13,protein_coding,6.29200523258726,0.216018834218656,0.688739051272067,0.313643946600211,0.753791477949666,0.989382509839464,-0.123100767143971,0.998086042062166
RNF138,ENSG00000134758.14,protein_coding,6.29520507855884,0.178118860915201,0.568389541538878,0.313374627606546,0.75399605836663,0.989382509839464,0.346440309766716,0.992587378328484
VCP,ENSG00000165280.18,protein_coding,22.998332489358,0.102190187316764,0.326114621019194,0.313356656617826,0.75400971012531,0.989382509839464,0.339138506249789,0.953507896005218
H2BC7,ENSG00000277224.2,protein_coding,19.8905083482131,0.110494465033848,0.353029660639876,0.312989182930333,0.754288880350213,0.989505225760925,-0.149191182138548,0.998086042062166
PRKAA1,ENSG00000132356.11,protein_coding,13.5099978794311,-0.128761728985856,0.412172383875716,-0.312397758857813,0.75473825337892,0.98958992256947,-0.108714349767104,0.998086042062166
LDB1,ENSG00000198728.11,protein_coding,17.4747691833811,0.132348454677859,0.424172760541187,0.312015449811062,0.755028781816806,0.98958992256947,-0.336877226277933,0.992587378328484
MAT2B,ENSG00000038274.17,protein_coding,25.8665322416398,0.0961792050182426,0.308270901123736,0.311995730598126,0.755043767995255,0.98958992256947,0.135741760373503,0.995521320397187
ZNF236,ENSG00000130856.17,protein_coding,8.20529124423905,0.165886368456643,0.531811728259333,0.311926871187298,0.755096100392126,0.98958992256947,0.0209749776121783,0.998086042062166
FAM111A,ENSG00000166801.17,protein_coding,6.37076313663425,0.174866818053759,0.56141535170669,0.311474949023335,0.755439584165813,0.989796701967499,-0.131304028881296,0.998086042062166
ADD1,ENSG00000087274.18,protein_coding,48.4457315765236,-0.0799213803453038,0.257469836454653,-0.310410654101534,0.756248693216962,0.990212092669873,-0.0807039266528309,0.998086042062166
ZFYVE26,ENSG00000072121.17,protein_coding,5.83343778475526,0.235956280198351,0.76074033151025,0.310166650070888,0.756434230132065,0.990212092669873,0.334236095457684,0.995521320397187
EIF4H,ENSG00000106682.16,protein_coding,30.4292612854052,0.0919749910438208,0.296573926122378,0.310125007435307,0.756465895955239,0.990212092669873,0.0300825905394847,0.998086042062166
AHSP,ENSG00000169877.10,protein_coding,4.75163168046993,-0.252533049856903,0.814411272517489,-0.31008049419095,0.756499745094132,0.990212092669873,-0.122060884450954,0.998086042062166
IMMT,ENSG00000132305.21,protein_coding,8.12504635840937,0.174162382092795,0.563285516954136,0.309190236302447,0.757176820582484,0.990784451365967,-0.27540370518354,0.997878976321691
PHF19,ENSG00000119403.15,protein_coding,5.81691676628284,0.204171411537891,0.661197420754815,0.308790393200282,0.757480977382998,0.990784451365967,-0.037698255467957,0.998086042062166
DHX38,ENSG00000140829.12,protein_coding,16.9328177456038,0.122218232638167,0.396413152640195,0.308310235985278,0.757846277981388,0.990784451365967,0.205461979573049,0.995521320397187
CREBRF,ENSG00000164463.12,protein_coding,9.50198986459769,-0.143078658915428,0.464607533888588,-0.307955959555616,0.758115843944859,0.990784451365967,0.133900278104951,0.998086042062166
NFATC1,ENSG00000131196.18,protein_coding,10.6077958066321,-0.186644588508764,0.606174812629914,-0.307905549059353,0.758154203259567,0.990784451365967,-0.432601269477294,0.992587378328484
KIAA1191,ENSG00000122203.15,protein_coding,7.40176365085044,-0.180553051503137,0.586669810528574,-0.307759234006713,0.758265543467188,0.990784451365967,0.328385477927189,0.992587378328484
SNAP29,ENSG00000099940.12,protein_coding,17.0302964925522,0.118845393581368,0.386213393233151,0.307719503423908,0.758295777799997,0.990784451365967,-0.0163257240663483,0.998086042062166
TNIP1,ENSG00000145901.16,protein_coding,55.5753397807327,0.0658031401245715,0.214131306743037,0.307302753275292,0.758612940208395,0.990784451365967,0.205291222193322,0.983262496850266
CDK8,ENSG00000132964.12,protein_coding,5.46429985549761,-0.193699632444458,0.630326218296374,-0.307300611686411,0.758614570142368,0.990784451365967,-0.215397507161052,0.998086042062166
GUK1,ENSG00000143774.17,protein_coding,43.0019227317247,-0.0837228358441734,0.272690293353992,-0.307025361315259,0.758824068357229,0.990784451365967,-0.0144317777639548,0.998086042062166
ZNF330,ENSG00000109445.11,protein_coding,4.75214438433826,0.242111657476242,0.789104718608463,0.306818159576071,0.758981785164586,0.990784451365967,0.339224702507397,0.995521320397187
ANKRD13C,ENSG00000118454.13,protein_coding,6.55341054083952,-0.181008324058334,0.591688065060931,-0.305918497848514,0.759666701487711,0.990819237384622,-0.0329910843417989,0.998086042062166
SIPA1L3,ENSG00000105738.11,protein_coding,17.3400568026243,-0.121576465618565,0.397589216509609,-0.305784112270124,0.759769025999886,0.990819237384622,-0.257520692856283,0.992587378328484
SF3A1,ENSG00000099995.19,protein_coding,53.6062212254195,0.0670998024114158,0.219513105164507,0.305675610397521,0.759851645084687,0.990819237384622,0.0208782472686337,0.998086042062166
OGFRL1,ENSG00000119900.9,protein_coding,21.5100234986095,0.107530266909635,0.351786336308406,0.305669253780696,0.75985648543511,0.990819237384622,0.0544643924375901,0.998086042062166
KLF2,ENSG00000127528.6,protein_coding,42.2975488214486,0.080954597723907,0.265265610001611,0.305183162353445,0.760226655591576,0.990819237384622,0.119463163780651,0.995521320397187
GMPR2,ENSG00000100938.18,protein_coding,5.64584303200352,0.216355906177195,0.709005973579701,0.305153855171114,0.760248975462504,0.990819237384622,0.482358260332803,0.992587378328484
SLC4A1AP,ENSG00000163798.13,protein_coding,6.37648640450839,0.184517731798732,0.605042711481596,0.304966456577742,0.760391699885694,0.990819237384622,0.0750122922226379,0.998086042062166
NSUN2,ENSG00000037474.15,protein_coding,11.8571335660989,0.164574359213786,0.539888890475345,0.304830053214999,0.760495591020729,0.990819237384622,-0.328792349365675,0.995521320397187
RAB5B,ENSG00000111540.16,protein_coding,16.2283548120933,-0.120287020793247,0.395180993861103,-0.304384630490415,0.760834875727415,0.991019034121975,-0.443727097053988,0.953507896005218
HELZ2,ENSG00000130589.16,protein_coding,5.27170791984332,0.237059696651557,0.779640997868578,0.304062635622861,0.761080172364095,0.99109633977538,-0.122083315526401,0.998086042062166
LIMA1,ENSG00000050405.13,protein_coding,9.14016921035165,-0.218370868959405,0.719259005804078,-0.3036053315944,0.761428589188573,0.991307860374961,-0.454243201454852,0.992587378328484
S100A8,ENSG00000143546.10,protein_coding,144.477274393378,0.0875377930986383,0.288943715158149,0.302957941309524,0.761921914141681,0.991401789721278,-0.0405929429280855,0.998086042062166
CBFB,ENSG00000067955.15,protein_coding,11.2391062320403,-0.170174023677144,0.561839129412785,-0.30288745437685,0.761975632505157,0.991401789721278,-0.678553096903172,0.953507896005218
MED1,ENSG00000125686.12,protein_coding,12.4229258388247,0.15182565872834,0.501728355159454,0.302605298598458,0.762190675994603,0.991401789721278,0.143206986053028,0.998086042062166
NBPF26,ENSG00000273136.7,protein_coding,7.49029555728493,0.160766165548821,0.531398058992491,0.3025343484574,0.762244753147804,0.991401789721278,0.0786593740758955,0.998086042062166
SETDB2,ENSG00000136169.16,protein_coding,4.74346428548264,0.196241888697269,0.650032402377978,0.301895548559376,0.762731689271218,0.991658280884553,0.218374621388798,0.998086042062166
CANX,ENSG00000127022.16,protein_coding,27.0188295736791,-0.0910934638975876,0.302205737325573,-0.301428638330087,0.763087658980333,0.991658280884553,-0.108855190417113,0.998086042062166
GSTK1,ENSG00000197448.14,protein_coding,22.3847038050999,0.10694587491075,0.354874294166014,0.301362698479141,0.763137935187665,0.991658280884553,0.11995176332542,0.998086042062166
SLC25A46,ENSG00000164209.17,protein_coding,4.40439267473857,-0.20041281847976,0.665161599284585,-0.301299441662469,0.763186166639482,0.991658280884553,-0.0146167280875569,0.998086042062166
HLA-DRA,ENSG00000204287.14,protein_coding,61.350783093491,-0.064723744178272,0.21570114300689,-0.300062128906775,0.764129765647706,0.992385279735888,-0.0956722119119843,0.996324417523919
CERK,ENSG00000100422.14,protein_coding,14.4746623490724,0.11678579526961,0.389724011803495,0.299662817102721,0.764434363523125,0.992385279735888,0.0319134258480491,0.998086042062166
TSPO,ENSG00000100300.18,protein_coding,7.59718921612961,0.214187450373767,0.714844921657135,0.299627854776171,0.764461034769789,0.992385279735888,-0.0843825570907348,0.998086042062166
SMAP2,ENSG00000084070.12,protein_coding,58.0750378981367,0.0797611262380279,0.2670262326364,0.298701462588643,0.765167840990702,0.992385279735888,0.0300305931889367,0.998086042062166
ZNF518B,ENSG00000178163.8,protein_coding,5.13384180476193,-0.21100729288491,0.707213489933935,-0.29836434950445,0.765425095558422,0.992385279735888,0.294218411412405,0.995521320397187
RNF2,ENSG00000121481.11,protein_coding,4.38446498935928,-0.195619899769899,0.656503581085959,-0.297972327045518,0.765724284592282,0.992385279735888,0.132387005298516,0.998086042062166
SRSF9,ENSG00000111786.9,protein_coding,17.4614844698125,-0.136608748733813,0.459573234030205,-0.297251316261021,0.766274646636722,0.992385279735888,-0.0881470674185636,0.998086042062166
RAD54L2,ENSG00000164080.14,protein_coding,10.5581276847373,-0.133880460952734,0.450569929773201,-0.297135809795661,0.766362826016422,0.992385279735888,0.212326032060195,0.995521320397187
VASP,ENSG00000125753.14,protein_coding,54.3828752255415,0.0716233446348646,0.241077561324253,0.29709668640015,0.766392694093494,0.992385279735888,-0.0240760262923321,0.998086042062166
ERF,ENSG00000105722.10,protein_coding,5.10648971111488,-0.222012240712617,0.748527352964413,-0.296598701214292,0.766772902557041,0.992385279735888,-0.0650112773723427,0.998086042062166
UBE2B,ENSG00000119048.8,protein_coding,9.62655194063897,-0.140280759025401,0.473090843079924,-0.296519708798722,0.766833217917695,0.992385279735888,0.157833786042,0.998086042062166
UBFD1,ENSG00000103353.16,protein_coding,4.49477925446438,-0.226847354358864,0.765073200011622,-0.296504117979062,0.766845122593498,0.992385279735888,-0.0728785102676553,0.998086042062166
PGAM1,ENSG00000171314.9,protein_coding,6.68460571896153,0.175500391200773,0.592026848533856,0.29643991929656,0.766894143335122,0.992385279735888,0.434422033821281,0.992587378328484
CBL,ENSG00000110395.7,protein_coding,28.4110985839817,0.108228768710866,0.36511918506086,0.296420383094429,0.766909060946609,0.992385279735888,-0.0653043440389573,0.998086042062166
IFI44L,ENSG00000137959.17,protein_coding,12.896910875864,0.166448561606948,0.5621550051589,0.296090153212991,0.767161233622241,0.992385279735888,0.12184041276122,0.998086042062166
FAM20B,ENSG00000116199.12,protein_coding,5.14401952220349,-0.185690664542733,0.627479870887433,-0.295930870706838,0.767282874968302,0.992385279735888,0.110320191682031,0.998086042062166
DCTN4,ENSG00000132912.13,protein_coding,4.99146089283101,0.207977484844245,0.702898057496644,0.295885701526836,0.767317370947984,0.992385279735888,0.195385419917253,0.998086042062166
BFAR,ENSG00000103429.11,protein_coding,3.31846608655808,-0.26390179086071,0.892613751126027,-0.295650599744626,0.76749692706379,0.992385279735888,0.100754904810649,0.998086042062166
FBXL20,ENSG00000108306.13,protein_coding,4.30671873960505,0.209988748535935,0.710318514719613,0.295626179220212,0.767515578656864,0.992385279735888,0.111899571652498,0.998086042062166
GRAP2,ENSG00000100351.17,protein_coding,33.4057073387585,-0.0871487685363313,0.294961320078854,-0.295458294372405,0.767643807224237,0.992385279735888,0.098242272384086,0.998086042062166
TSEN15,ENSG00000198860.14,protein_coding,4.77867588549739,0.182477009942699,0.618473245158493,0.295044306881758,0.767960033409318,0.992385279735888,0.239654985063821,0.998086042062166
ANXA5,ENSG00000164111.15,protein_coding,21.3907600696392,-0.107426886392275,0.364124798980275,-0.295027657256859,0.767972752107641,0.992385279735888,-0.396792637573291,0.953507896005218
UBE2E1,ENSG00000170142.12,protein_coding,5.76608641465076,0.180326418970246,0.613182106439641,0.294082976454232,0.768694498840248,0.992385279735888,0.296177687586895,0.995521320397187
PAK1,ENSG00000149269.10,protein_coding,15.9571142139789,0.13038934520313,0.443771401838232,0.293820973282683,0.768894707750334,0.992385279735888,0.286013570716727,0.992587378328484
RAB11B,ENSG00000185236.12,protein_coding,17.6060561042365,-0.118140896963579,0.402294268815597,-0.293667859876303,0.769011716020833,0.992385279735888,-0.0536747714172528,0.998086042062166
PTMAP5,ENSG00000214182.5,transcribed_processed_pseudogene,6.91004982429003,0.167268177410336,0.5701777883417,0.293361440642606,0.769245895406687,0.992385279735888,0.092665463374263,0.998086042062166
MFF,ENSG00000168958.20,protein_coding,7.54489655254001,-0.145742171638349,0.496807205739426,-0.29335760422684,0.769248827501964,0.992385279735888,0.394721527861565,0.992587378328484
BBX,ENSG00000114439.19,protein_coding,20.089224162778,0.0947880434141459,0.323664175991527,0.292859236348193,0.769629748074107,0.992385279735888,-0.0086638793880506,0.998086042062166
REL,ENSG00000162924.15,protein_coding,9.80989187899145,-0.127460297039996,0.4353090628644,-0.292804142880205,0.76967186141637,0.992385279735888,-0.123115965991944,0.998086042062166
RB1CC1,ENSG00000023287.13,protein_coding,9.70380704226637,0.151513208353972,0.518366738140455,0.292289603490952,0.770065207133066,0.992385279735888,0.457983163127116,0.983262496850266
MED13,ENSG00000108510.10,protein_coding,14.9390251462247,0.10548373245001,0.361065840628217,0.292145422193579,0.770175438845436,0.992385279735888,0.159134151131401,0.99774483465285
SRPK2,ENSG00000135250.17,protein_coding,11.2258422512109,0.129007581159117,0.44183466590816,0.291981573908311,0.770300712303546,0.992385279735888,0.42197202714474,0.982003512507167
SETD5,ENSG00000168137.19,protein_coding,19.703248430232,0.107264379111533,0.36758019723395,0.291812181174886,0.770430231180441,0.992385279735888,-0.017106204160296,0.998086042062166
PI4KA,ENSG00000241973.11,protein_coding,17.3196710812834,0.0969914439377291,0.333271001320993,0.291028753036665,0.771029329077126,0.992385279735888,0.200955578199618,0.995521320397187
CLIC1,ENSG00000213719.8,protein_coding,72.4970522811089,-0.0705713518012288,0.242591910627965,-0.290905626731535,0.771123497827868,0.992385279735888,0.0907776238693414,0.998086042062166
TRAF5,ENSG00000082512.15,protein_coding,4.29692751482978,0.214605396037878,0.739632848583488,0.290151250649401,0.771700528985914,0.992385279735888,0.441268361969183,0.992587378328484
ABRAXAS2,ENSG00000165660.8,protein_coding,4.64865136304376,0.219622078719858,0.757435703782126,0.289954748136658,0.771850856823544,0.992385279735888,0.261960627099826,0.998086042062166
PHC1,ENSG00000111752.11,protein_coding,3.37258173929648,0.275537542297741,0.950304789406499,0.289946494397681,0.7718571712648,0.992385279735888,0.0943665171990353,0.998086042062166
PDLIM1,ENSG00000107438.9,protein_coding,19.1060825058377,0.10655655129828,0.367524851962009,0.28993019309969,0.771869642455767,0.992385279735888,0.0929037642445692,0.998086042062166
CRYBG3,ENSG00000080200.10,protein_coding,5.08063786394659,-0.197769691656922,0.68308395970108,-0.289524719250423,0.772179866271445,0.992385279735888,-0.203084948110905,0.998086042062166
EVI5,ENSG00000067208.15,protein_coding,5.89372766043861,0.149992902796768,0.518096631571762,0.289507581513763,0.77219297897767,0.992385279735888,0.195695919328224,0.998086042062166
CYHR1,ENSG00000187954.13,protein_coding,4.07361916902649,-0.212422689129526,0.734568989293502,-0.28918003921433,0.772443606015312,0.992385279735888,-0.0391316119893502,0.998086042062166
CDC5L,ENSG00000096401.8,protein_coding,15.9713445510559,-0.130710871311911,0.452709141957864,-0.288730355094257,0.772787731532902,0.992385279735888,-0.202354877313754,0.997878976321691
GIT2,ENSG00000139436.21,protein_coding,22.3690051951426,0.105403924161935,0.365189439463837,0.288628072916585,0.772866010288386,0.992385279735888,0.0465496452664524,0.998086042062166
BAP1,ENSG00000163930.10,protein_coding,8.61533278358863,-0.157884989266902,0.547023469658519,-0.288625622161079,0.772867885932758,0.992385279735888,0.217933225256802,0.998086042062166
TSHZ1,ENSG00000179981.11,protein_coding,8.52477940163219,0.157705599617958,0.547215720312482,0.28819639817347,0.773196405723939,0.992385279735888,-0.388414254616706,0.992587378328484
TRIM37,ENSG00000108395.14,protein_coding,4.70284152681604,0.216721785182862,0.752139704484022,0.288140333359394,0.773239319657267,0.992385279735888,0.314276716398189,0.998086042062166
PPP3CB,ENSG00000107758.16,protein_coding,7.60485991974314,0.157101303231734,0.545722462021114,0.287877656070634,0.773440391102538,0.992385279735888,0.321733358166286,0.995521320397187
UGGT1,ENSG00000136731.13,protein_coding,8.77466784929677,0.168017898989134,0.583908389498256,0.287747019928091,0.773540394743665,0.992385279735888,0.0522154234046988,0.998086042062166
FBXO21,ENSG00000135108.15,protein_coding,4.59044563762196,0.205948501537957,0.71660070094404,0.287396455608602,0.773808774797679,0.992385279735888,-0.070555315703496,0.998086042062166
RUNX3,ENSG00000020633.19,protein_coding,27.3786398919047,-0.111088996189001,0.387243669027089,-0.286871045479198,0.774211061449174,0.992385279735888,-0.102268108793963,0.998086042062166
ARNTL,ENSG00000133794.20,protein_coding,3.65802256472692,-0.233756979015851,0.815633022723761,-0.286595775922893,0.774421849144232,0.992385279735888,0.485001893051106,0.992587378328484
ATP5ME,ENSG00000169020.10,protein_coding,22.6585477667731,-0.0948142113504102,0.330900129872795,-0.286534222234542,0.774468986163931,0.992385279735888,-0.135752925366297,0.998086042062166
ISG20,ENSG00000172183.16,protein_coding,10.060997320968,0.171310983835426,0.598165275708131,0.286394063300685,0.77457632116714,0.992385279735888,0.119781051885812,0.998086042062166
MRE11,ENSG00000020922.13,protein_coding,7.18875098801311,-0.171392626572444,0.598749989299729,-0.286250738430738,0.774686085129039,0.992385279735888,-0.291300192532736,0.995521320397187
OGFR,ENSG00000060491.17,protein_coding,16.9438407915599,0.125898704277668,0.439923654164232,0.286183075372136,0.774737905791352,0.992385279735888,-0.118926299669439,0.998086042062166
PF4,ENSG00000163737.4,protein_coding,124.914226648038,0.117795716961296,0.411616336840675,0.286178429810213,0.774741463694168,0.992385279735888,0.0827986218779279,0.998086042062166
PPP1R7,ENSG00000115685.15,protein_coding,7.92642852823286,-0.148721035779153,0.520293433406132,-0.285840693405531,0.775000139000506,0.992385279735888,0.0533192038355576,0.998086042062166
TTYH3,ENSG00000136295.15,protein_coding,4.37433820767403,-0.196215666892059,0.687430602704235,-0.285433418471887,0.775312107695797,0.992385279735888,-0.334192623854267,0.995521320397187
RBM8A,ENSG00000265241.7,protein_coding,18.352281230801,-0.0982968280057658,0.344398318157559,-0.285416109264494,0.775325367186541,0.992385279735888,0.0232055333606528,0.998086042062166
FLII,ENSG00000177731.16,protein_coding,36.6461767914478,-0.0859081306908262,0.301243083811717,-0.285178765280867,0.775507188030409,0.992385279735888,0.133359482997382,0.997878976321691
DCTN3,ENSG00000137100.16,protein_coding,5.03075894943483,0.202925825254197,0.712668189188463,0.284740961267367,0.775842606505174,0.992385279735888,0.220503299289194,0.998086042062166
SAMD4A,ENSG00000020577.14,protein_coding,5.93908323989532,0.178589650155033,0.627446763377434,0.284629167889427,0.775928262411525,0.992385279735888,0.423162588885847,0.992587378328484
INPP5K,ENSG00000132376.20,protein_coding,4.86991852081199,-0.207200839893382,0.728939890861074,-0.284249555403837,0.776219141222775,0.992385279735888,-0.471248525695369,0.994480669180938
ATP13A3,ENSG00000133657.16,protein_coding,4.3744681050038,-0.209117308952756,0.735851882030312,-0.284183969708379,0.776269399571567,0.992385279735888,-0.229231262161157,0.998086042062166
SPG21,ENSG00000090487.11,protein_coding,3.70214260862683,-0.195438286986964,0.687773788363655,-0.284160708496829,0.776287224873791,0.992385279735888,0.248262013010892,0.998086042062166
ITGB3BP,ENSG00000142856.17,protein_coding,3.56166600653393,-0.234346228992755,0.826611677215268,-0.28350219994742,0.776791895498305,0.992385279735888,0.149713151249728,0.998086042062166
HPS5,ENSG00000110756.18,protein_coding,6.11587661355941,0.182932423009398,0.646690371545377,0.282874820870225,0.777272796635415,0.992385279735888,-0.173514465168552,0.998086042062166
AMD 1.00,ENSG00000123505.19,protein_coding,19.8524542942317,-0.101788447635367,0.360096098304868,-0.282670231958997,0.777429637415258,0.992385279735888,-0.0200250357854327,0.998086042062166
TARS3,ENSG00000185418.16,protein_coding,3.79796042629234,-0.249901280731781,0.886497651420288,-0.281897284591116,0.7780222717203,0.992385279735888,-0.230638569741039,0.998086042062166
PCIF1,ENSG00000100982.12,protein_coding,5.921916635185,-0.191978511676,0.681364429510963,-0.281755993358487,0.778130616523009,0.992385279735888,0.0156066368602392,0.998086042062166
YPEL5,ENSG00000119801.13,protein_coding,38.7611552312275,0.094298391567377,0.335108164876186,0.281396878533884,0.778406012004974,0.992385279735888,0.108864312452733,0.998086042062166
TIMM23,ENSG00000265354.4,protein_coding,4.35194983788998,0.197926777115123,0.703988188102226,0.281150707441106,0.778594810062476,0.992385279735888,0.212762019090158,0.998086042062166
HK3,ENSG00000160883.11,protein_coding,13.9291376581137,-0.147328047191446,0.524173105950628,-0.281067543372442,0.778658594731524,0.992385279735888,-0.477905288293759,0.992587378328484
RAB14,ENSG00000119396.11,protein_coding,17.1752922807155,-0.107351602139546,0.381960853085593,-0.281053938570742,0.778669029401088,0.992385279735888,-0.144540452536227,0.998086042062166
SYTL1,ENSG00000142765.18,protein_coding,6.79905248613773,0.155429825158035,0.553781508180795,0.280669944485202,0.778963563292253,0.992385279735888,-0.305535037744445,0.995521320397187
ARID3A,ENSG00000116017.11,protein_coding,4.61642397861664,0.220722009954404,0.787618517907207,0.28023974162122,0.779293578274735,0.992385279735888,0.687475812383019,0.983262496850266
RTF1,ENSG00000137815.14,protein_coding,14.0726785828716,0.109599056759045,0.393282890765689,0.278677408380683,0.780492401436303,0.992385279735888,0.171111154951477,0.995775535085406
NCBP3,ENSG00000074356.17,protein_coding,8.29208444581112,0.131022212386397,0.470513616258055,0.278466356464672,0.780654387717789,0.992385279735888,0.249540939968996,0.995521320397187
LRPPRC,ENSG00000138095.20,protein_coding,11.6812368702648,-0.117608686052741,0.422463796122395,-0.278387608908073,0.78071483037523,0.992385279735888,-0.307569322124945,0.992587378328484
PHF14,ENSG00000106443.17,protein_coding,11.5760913180291,0.118902075150382,0.427459431625001,0.278159905604074,0.780889611414553,0.992385279735888,0.195017130714078,0.998086042062166
WBP4,ENSG00000120688.9,protein_coding,3.87645190998388,-0.227797145505022,0.819001429168656,-0.278140107443099,0.780904808656912,0.992385279735888,0.0758782820478564,0.998086042062166
EFHD2,ENSG00000142634.13,protein_coding,102.41586411108,0.0570640983855662,0.205210797041407,0.278075516533625,0.780954389788524,0.992385279735888,-0.179382026349858,0.992587378328484
SLA,ENSG00000155926.14,protein_coding,29.4325266588851,-0.0970020999161593,0.349712488618887,-0.277376711078429,0.781490862188515,0.992385279735888,-0.29679402885507,0.992587378328484
PSMD1,ENSG00000173692.14,protein_coding,9.65311413892012,0.147580052877703,0.532328842722715,0.277234748586742,0.781599859399253,0.992385279735888,-0.206530370878426,0.998086042062166
LNPK,ENSG00000144320.14,protein_coding,3.87276219298576,-0.241221386725462,0.871506212875243,-0.27678676659072,0.781943843075639,0.992385279735888,-0.163287239441393,0.998086042062166
INTS4,ENSG00000149262.17,protein_coding,5.60252227962133,0.183806966416176,0.666137715079118,0.27592937954931,0.782602307942859,0.992385279735888,-0.166365392879065,0.998086042062166
IP6K1,ENSG00000176095.12,protein_coding,4.33670802364207,0.198833406833,0.720684399460299,0.27589525592881,0.782628517776537,0.992385279735888,0.229538551993813,0.998086042062166
CYTH1,ENSG00000108669.16,protein_coding,30.4522185150817,-0.111711173349343,0.405366589397397,-0.275580613378642,0.782870201555302,0.992385279735888,-0.022660360766755,0.998086042062166
HIRIP3,ENSG00000149929.16,protein_coding,7.915763229729,-0.159377069070045,0.578493851585736,-0.275503479653534,0.782929452844755,0.992385279735888,-0.0316133671259383,0.998086042062166
SLC30A9,ENSG00000014824.14,protein_coding,8.04059317762547,0.17977581161239,0.653007583412247,0.275304324450542,0.783082442365391,0.992385279735888,-0.0876667409888261,0.998086042062166
CSDE1,ENSG00000009307.16,protein_coding,122.906347644701,-0.0455031961141034,0.166018202878853,-0.274085584141083,0.784018851979112,0.992385279735888,-0.0631467411614012,0.998086042062166
SRPK1,ENSG00000096063.16,protein_coding,6.87024632810928,0.149990274154208,0.547709922765543,0.273849838974734,0.784200021090068,0.992385279735888,0.310706523473958,0.995521320397187
RDX,ENSG00000137710.17,protein_coding,11.7987002409366,0.108069574426523,0.395890780163308,0.272978255219643,0.784869930813633,0.992385279735888,0.207243241678926,0.995521320397187
TBC1D22A,ENSG00000054611.14,protein_coding,8.09140323383288,-0.1300198417162,0.476341933690933,-0.272954851379012,0.784887921485899,0.992385279735888,-0.385293674420486,0.992587378328484
PPP1R11,ENSG00000204619.8,protein_coding,13.6648194230936,-0.119195527052881,0.436843820041768,-0.272856159534281,0.784963787761257,0.992385279735888,-0.438032984086216,0.983262496850266
FRMD3,ENSG00000172159.16,protein_coding,4.7004519580372,-0.222518001497999,0.81621775561869,-0.272620878394555,0.785144661033685,0.992385279735888,-0.230092721913063,0.998086042062166
MMD,ENSG00000108960.9,protein_coding,10.3050956303223,0.161251702327424,0.591944042912856,0.272410381112938,0.785306491454281,0.992385279735888,-0.21665064993768,0.998086042062166
CD27,ENSG00000139193.4,protein_coding,6.11383947040319,0.173020662044974,0.63619624230121,0.27196115057067,0.78565189115773,0.992385279735888,0.0643627750756997,0.998086042062166
SRSF11,ENSG00000116754.13,protein_coding,12.3150261914245,0.126956682643328,0.466911693522344,0.271907267272698,0.785693323222795,0.992385279735888,0.0607283145887062,0.998086042062166
NDUFS2,ENSG00000158864.13,protein_coding,7.44371549701387,-0.200709908136986,0.738348639908071,-0.271836226531109,0.785747948955213,0.992385279735888,-0.183663767869089,0.998086042062166
SPOP,ENSG00000121067.19,protein_coding,7.20564697380627,-0.186903978074085,0.687709709632488,-0.271777430878454,0.785793159804607,0.992385279735888,0.150170579098164,0.998086042062166
NFKBIA,ENSG00000100906.11,protein_coding,19.1183359665652,0.111990803002675,0.412614302928281,0.271417646474898,0.786069831338373,0.992385279735888,-0.159305740061814,0.998086042062166
TYW3,ENSG00000162623.16,protein_coding,5.45545512024563,0.179298290329746,0.660903420954224,0.271292725449767,0.786165900999682,0.992385279735888,0.304791700880412,0.995521320397187
IGF2BP3,ENSG00000136231.14,protein_coding,5.92389628558825,-0.219069110560392,0.807818731588213,-0.271185975261666,0.786247999082837,0.992385279735888,-0.620278279423093,0.992587378328484
BBOF1,ENSG00000119636.16,protein_coding,5.97104661395989,-0.16068686078505,0.592623327589596,-0.27114501455523,0.786279501255347,0.992385279735888,-0.106316404098265,0.998086042062166
DAAM1,ENSG00000100592.16,protein_coding,7.35670957781943,0.179109908662853,0.660673281802558,0.271102091754302,0.786312512816288,0.992385279735888,0.727823849713356,0.953507896005218
MAP3K1,ENSG00000095015.6,protein_coding,32.7220438978416,0.0814725650498628,0.301024841995099,0.27065063637236,0.786659746565954,0.992385279735888,-0.0484927270418233,0.998086042062166
TRMT6,ENSG00000089195.15,protein_coding,7.56764533141307,-0.211032773728514,0.779787267946227,-0.270628647585288,0.786676660171913,0.992385279735888,-0.790301209995201,0.979511700603372
ANAPC5,ENSG00000089053.13,protein_coding,10.443115026229,0.132818085555026,0.491224054268697,0.270381884602041,0.786866475262234,0.992385279735888,0.060247967118033,0.998086042062166
SBNO1,ENSG00000139697.14,protein_coding,15.4240064184618,-0.107510435268578,0.397629981040142,-0.270378091177496,0.786869393340184,0.992385279735888,-0.333749108464093,0.992587378328484
MCM3AP,ENSG00000160294.11,protein_coding,14.2168008381131,-0.103520820621969,0.382996701563833,-0.270291676662693,0.786935868200077,0.992385279735888,-0.342951685196182,0.98792671331435
SYNJ2BP,ENSG00000213463.5,protein_coding,7.2698793746013,-0.16467631321446,0.609505126820157,-0.270180357749558,0.787021503199175,0.992385279735888,-0.530857843856432,0.992587378328484
GTF2E2,ENSG00000197265.9,protein_coding,3.44495689931252,0.216317309079359,0.801820274270998,0.269782788014473,0.787327365183713,0.992385279735888,0.596753765454554,0.992587378328484
H1-0,ENSG00000189060.6,protein_coding,19.4091922416901,-0.127905237867279,0.474311992371881,-0.269664777455165,0.787418160462948,0.992385279735888,-0.120963723102421,0.998086042062166
TTBK2,ENSG00000128881.17,protein_coding,5.3814197251894,-0.172670912279103,0.640609717144683,-0.269541512808656,0.787513001231086,0.992385279735888,0.339332313396044,0.995521320397187
MZT2B,ENSG00000152082.15,protein_coding,9.22904100206066,-0.18590233819936,0.689917722036635,-0.26945580938344,0.787578943963537,0.992385279735888,-0.565270649918698,0.992587378328484
FBXW2,ENSG00000119402.18,protein_coding,12.0720469946327,0.159945338721126,0.593595868395169,0.269451570061547,0.78758220586184,0.992385279735888,0.410782002655015,0.992587378328484
YIPF4,ENSG00000119820.11,protein_coding,5.51774648390252,0.168991586462481,0.627777000249431,0.269190471131208,0.787783112661572,0.992385279735888,-0.365586554999352,0.995521320397187
PELI2,ENSG00000139946.10,protein_coding,5.60306416593021,-0.168618009916434,0.626675568685044,-0.269067470222664,0.787877762596223,0.992385279735888,-0.38562158935944,0.992587378328484
ATP1A1,ENSG00000163399.16,protein_coding,8.43729933335081,-0.14289626438881,0.531093409729439,-0.269060511335675,0.787883117595013,0.992385279735888,-0.46748491516716,0.992587378328484
FES,ENSG00000182511.12,protein_coding,10.0391699122793,-0.13882894903295,0.516536117483959,-0.268769103134906,0.788107370867377,0.992385279735888,-0.0637313059187839,0.998086042062166
OAS3,ENSG00000111331.14,protein_coding,16.1174355240644,0.150867686394916,0.561881353741895,0.268504525715617,0.788310991717072,0.992385279735888,-0.0623356557552898,0.998086042062166
SEPHS2,ENSG00000179918.19,protein_coding,6.59029556097932,-0.167930326645242,0.625479139631584,-0.268482697511152,0.788327791519968,0.992385279735888,0.42870210654418,0.992587378328484
INVS,ENSG00000119509.13,protein_coding,2.23536890014743,0.225837189486343,0.842341938660822,0.268106310657386,0.788617488404989,0.992385279735888,0.702037136725813,0.983262496850266
MT2A,ENSG00000125148.7,protein_coding,11.1092624501733,-0.126514300423059,0.472327616922864,-0.267852854438787,0.78881258469214,0.992385279735888,-0.151577370419847,0.998086042062166
FANCL,ENSG00000115392.12,protein_coding,5.38359223020459,-0.177234393063461,0.662471534085355,-0.267535107464142,0.789057187083195,0.992385279735888,-0.757439753363859,0.953507896005218
JAML,ENSG00000160593.19,protein_coding,13.2624005058705,0.111942709659383,0.419220146318086,0.267026073633506,0.789449085889598,0.992385279735888,-0.0941363350778426,0.998086042062166
KLF11,ENSG00000172059.11,protein_coding,4.05652588768952,-0.209324391802167,0.784147382376074,-0.266945215283236,0.78951134263203,0.992385279735888,-0.12657164014605,0.998086042062166
ZNF791,ENSG00000173875.14,protein_coding,6.40124770861511,0.171213462823108,0.641530694456867,0.266882729544314,0.789559454335665,0.992385279735888,-0.272519745017136,0.998086042062166
USP4,ENSG00000114316.13,protein_coding,22.109957158691,-0.0818312474132779,0.306715357188275,-0.266798663632113,0.789624183238893,0.992385279735888,-0.158352601385003,0.995521320397187
QRSL1,ENSG00000130348.11,protein_coding,3.91634653897573,0.185767968565554,0.697191115650478,0.266452002034238,0.789891120376364,0.992385279735888,0.169361241114199,0.998086042062166
FOXP4,ENSG00000137166.17,protein_coding,7.16057978928376,0.155785680897268,0.584670179162345,0.266450533051748,0.789892251578026,0.992385279735888,-0.0401707922984036,0.998086042062166
AZI2,ENSG00000163512.14,protein_coding,4.74234433632133,0.188739370110749,0.708745198545517,0.266300738965257,0.790007604031133,0.992385279735888,-0.329450363915861,0.998086042062166
GTF3A,ENSG00000122034.17,protein_coding,23.8963012122319,-0.0915603053149562,0.344289251439194,-0.265940063281723,0.790285369683018,0.992385279735888,0.162528166852271,0.995521320397187
H1-4,ENSG00000168298.7,protein_coding,101.860103335241,0.0624639385096054,0.235078341382202,0.265715412752757,0.790458392321184,0.992385279735888,-0.198052292128574,0.992587378328484
TET2,ENSG00000168769.14,protein_coding,25.1413487263058,-0.0743157437343357,0.279693671081458,-0.265704059183706,0.790467136952637,0.992385279735888,-0.06032129608,0.998086042062166
ARHGAP10,ENSG00000071205.12,protein_coding,8.41920708376028,-0.142245703862336,0.535686698815265,-0.265538987951222,0.790594279431976,0.992385279735888,0.0377183734108548,0.998086042062166
G3BP2,ENSG00000138757.15,protein_coding,20.9376114328519,-0.10003530190019,0.376770293825562,-0.265507402094988,0.790618608377046,0.992385279735888,0.0085813966775708,0.998086042062166
SH2B3,ENSG00000111252.11,protein_coding,21.8818559704929,-0.0931089812389854,0.350722770825557,-0.265477433985306,0.790641691444566,0.992385279735888,0.0387876364806538,0.998086042062166
PRKAR2B,ENSG00000005249.13,protein_coding,16.8566614028295,-0.131392452652492,0.495000642620024,-0.265438953689101,0.790671331330272,0.992385279735888,0.132294096487967,0.998086042062166
CWC27,ENSG00000153015.16,protein_coding,6.15435499472481,0.142238588169686,0.536595548251222,0.265075975067712,0.790950934632081,0.992385279735888,0.425883076663623,0.992587378328484
RFTN1,ENSG00000131378.14,protein_coding,13.4643921965907,-0.113666840226585,0.429261286218312,-0.264796392956751,0.791166315745838,0.992385279735888,-0.295388184306779,0.992587378328484
TMEM165,ENSG00000134851.13,protein_coding,6.18971383100561,-0.149256187361839,0.563692369872648,-0.264783054266922,0.791176591844398,0.992385279735888,-0.373975350995983,0.992587378328484
PI4KB,ENSG00000143393.17,protein_coding,10.5607963158952,-0.146853440365149,0.555459629764607,-0.264381842524511,0.791485701482243,0.992385279735888,0.488543329788857,0.983262496850266
CCDC186,ENSG00000165813.20,protein_coding,7.3099107491679,0.128758719813501,0.48715678157339,0.264306532688808,0.791543726860377,0.992385279735888,0.379223856212584,0.992587378328484
CBX7,ENSG00000100307.13,protein_coding,9.75748832753889,-0.157913077164273,0.597538020196093,-0.264272852650365,0.791569677323528,0.992385279735888,-0.207971918418139,0.998086042062166
ARHGAP45,ENSG00000180448.11,protein_coding,62.5741725187151,-0.0749547260068459,0.283767687233486,-0.264141159754995,0.791671148891156,0.992385279735888,-0.0975225878949482,0.998086042062166
MANBA,ENSG00000109323.11,protein_coding,5.5811367345377,0.181901398170204,0.690397960315632,0.263473255464201,0.792185834576533,0.992385279735888,-0.689469038866501,0.983262496850266
CD72,ENSG00000137101.13,protein_coding,4.18575784164698,0.18413806300337,0.699751208874912,0.263147902665913,0.79243658360178,0.992385279735888,0.327310884572252,0.995521320397187
CRAT,ENSG00000095321.18,protein_coding,6.41428421554352,-0.175648610878504,0.668536636677684,-0.262735953786162,0.792754102924468,0.992385279735888,-0.0779491640909107,0.998086042062166
WASHC4,ENSG00000136051.15,protein_coding,12.4111798986932,0.121630282629608,0.463388509582113,0.262480143798333,0.79295129181115,0.992385279735888,0.188496460691358,0.998086042062166
DUS1L,ENSG00000169718.18,protein_coding,10.805881722371,0.238582962276571,0.9092500722106,0.262395318480998,0.793016681587246,0.992385279735888,0.10688357744714,0.998086042062166
PTEN,ENSG00000171862.11,protein_coding,49.2732445310524,-0.0539162481762862,0.205550796067174,-0.262301334793499,0.793089133027999,0.992385279735888,-0.157823729243733,0.992587378328484
TRDC,ENSG00000211829.9,TR_C_gene,5.32707977055832,-0.15525999322936,0.593054890027578,-0.261797003683994,0.793477949240138,0.992385279735888,-0.0654967315182041,0.998086042062166
MEIS1,ENSG00000143995.20,protein_coding,4.33420278099196,-0.192575905432467,0.736099043033954,-0.261616839819181,0.793616859788149,0.992385279735888,-0.496525996663972,0.992587378328484
CCT2,ENSG00000166226.13,protein_coding,7.34561492839828,0.149575580500612,0.571849202582517,0.261564726898485,0.793657041288294,0.992385279735888,0.264442534385181,0.995521320397187
CTC1,ENSG00000178971.16,protein_coding,5.40710511233093,0.16969033996114,0.649849348245934,0.261122582363383,0.793997977438848,0.992385279735888,-0.149062760530161,0.998086042062166
GNLY,ENSG00000115523.17,protein_coding,12.7470647656126,-0.125363949180312,0.480407459182962,-0.26095337777128,0.794128460943759,0.992385279735888,-0.161665604860192,0.998086042062166
PPP2R5C,ENSG00000078304.19,protein_coding,35.1098182430596,-0.0610644956035246,0.234028612993415,-0.260927477296303,0.794148434815397,0.992385279735888,-0.0159629079489431,0.998086042062166
AP5M1,ENSG00000053770.12,protein_coding,3.76690878322453,0.185028633792228,0.709380835994865,0.260831170513277,0.794222705653704,0.992385279735888,0.678141478452818,0.983262496850266
IGF1R,ENSG00000140443.15,protein_coding,2.99251974539959,-0.225735087463197,0.867480268127384,-0.260219276169229,0.794694636075834,0.992385279735888,0.984425437375548,0.953507896005218
JPT1,ENSG00000189159.16,protein_coding,5.65421012975531,-0.189775797544128,0.731000768335967,-0.259610941280034,0.795163895723979,0.992385279735888,-0.461891845814866,0.992587378328484
HMOX1,ENSG00000100292.18,protein_coding,9.39992387567866,-0.142448406018566,0.548718949495386,-0.259601761793654,0.795170977198641,0.992385279735888,-0.0142769398583867,0.998086042062166
HIRA,ENSG00000100084.14,protein_coding,3.90778738002212,0.232295001244596,0.897487564218918,0.258828100249793,0.795767875607789,0.992385279735888,0.164645488426825,0.998086042062166
SUPT20H,ENSG00000102710.20,protein_coding,5.08520103203325,0.156374425815479,0.604531780983672,0.258670314339855,0.795889625902676,0.992385279735888,0.170631089936305,0.998086042062166
DSE,ENSG00000111817.19,protein_coding,4.91832350940547,0.187991226328327,0.727210950701432,0.258509894751998,0.79601341348267,0.992385279735888,0.380291138772003,0.995521320397187
FAM193B,ENSG00000146067.16,protein_coding,5.10242017051177,-0.176306676171469,0.682028272237116,-0.258503471700911,0.796018369929141,0.992385279735888,-0.392540843470619,0.995521320397187
TMEM30A,ENSG00000112697.17,protein_coding,3.58096784007499,-0.229342672129081,0.887294514941645,-0.258474123605018,0.796041016944847,0.992385279735888,0.15202281117574,0.998086042062166
ZNF267,ENSG00000185947.15,protein_coding,8.81553677093479,0.141251791060629,0.547943065184962,0.257785525605563,0.796572435936401,0.992385279735888,-0.151254569520141,0.998086042062166
DEF6,ENSG00000023892.11,protein_coding,23.6090644903598,-0.103775828352843,0.402989699367575,-0.257514840988992,0.796781360072878,0.992385279735888,-0.0276772657253152,0.998086042062166
CKAP2,ENSG00000136108.15,protein_coding,7.03749187857217,-0.149799890431908,0.581950090325405,-0.257410202218794,0.796862127948445,0.992385279735888,-0.515583110454143,0.992587378328484
ITGB1,ENSG00000150093.20,protein_coding,17.2955584555875,-0.11016548911734,0.428399871939362,-0.257155747079527,0.797058544158944,0.992385279735888,0.0080677901117454,0.998086042062166
PDCD2,ENSG00000071994.11,protein_coding,8.0615542987772,0.125772042130408,0.489097074758966,0.257151491229814,0.797061829396928,0.992385279735888,0.0068284165042007,0.998086042062166
FNBP4,ENSG00000109920.13,protein_coding,7.2585818321767,0.191728327441869,0.746621011503185,0.256794711758592,0.797337252622912,0.992385279735888,0.0121268088325383,0.998086042062166
TRIM24,ENSG00000122779.18,protein_coding,7.90864488855514,0.15973351699046,0.622343146898142,0.256664699830949,0.797437624270529,0.992385279735888,0.0422985754289127,0.998086042062166
LTBP1,ENSG00000049323.16,protein_coding,9.10388131204258,0.155331883841732,0.605714020940063,0.256444259950692,0.797607815647491,0.992385279735888,-0.100450869785527,0.998086042062166
USP28,ENSG00000048028.11,protein_coding,6.79420477320682,-0.13815721760943,0.541379835219628,-0.25519461313771,0.798572791459015,0.992385279735888,0.193443672122142,0.998086042062166
BAZ1A,ENSG00000198604.11,protein_coding,20.0068574780101,0.0833387276892118,0.327429510945093,0.254524179719363,0.799090626309602,0.992385279735888,0.158710200310667,0.995521320397187
HMGB1P5,ENSG00000132967.9,transcribed_processed_pseudogene,7.28302025703466,-0.141403930101296,0.555961491821258,-0.25434123078934,0.799231949258386,0.992385279735888,0.153454143753069,0.998086042062166
LRRC58,ENSG00000163428.4,protein_coding,6.36362724574562,-0.147395552339102,0.580000804919385,-0.254129909974157,0.799395196882251,0.992385279735888,0.397080649439184,0.992587378328484
TMSB10,ENSG00000034510.6,protein_coding,242.346562608665,0.0449964226909427,0.177064891419374,0.254123910902076,0.799399831358567,0.992385279735888,-0.0614655547869202,0.998086042062166
HMGA1,ENSG00000137309.20,protein_coding,24.1355084263313,-0.104200538773116,0.410192833445246,-0.254028179619634,0.799473787812079,0.992385279735888,-0.298442542452528,0.992587378328484
MLXIP,ENSG00000175727.14,protein_coding,13.0406568328958,-0.106272744288116,0.418797520003356,-0.253756861519295,0.799683402258322,0.992385279735888,0.579461571687572,0.922405531070794
ZNF451,ENSG00000112200.17,protein_coding,11.8725490969221,0.11547134158416,0.455480382284581,0.253515510382649,0.799869877011701,0.992385279735888,-0.0381735703220996,0.998086042062166
GMCL1,ENSG00000087338.5,protein_coding,5.69458966792007,-0.185366864073003,0.731310637918262,-0.253472128616459,0.799903396208316,0.992385279735888,-0.194715958546824,0.998086042062166
CTDSP1,ENSG00000144579.8,protein_coding,18.1039618560199,0.0796095521853335,0.314289788981147,0.253299836572511,0.800036522386282,0.992385279735888,-0.0069001017953229,0.998086042062166
SERBP1,ENSG00000142864.15,protein_coding,53.2929193256246,0.0652743157795288,0.258137183138822,0.252866770241408,0.800371168623883,0.992385279735888,0.0089384384873268,0.998086042062166
TKT,ENSG00000163931.16,protein_coding,57.4614566485782,-0.0651579003560152,0.257866106684695,-0.252681134382995,0.800514627485414,0.992385279735888,-0.0667908013031208,0.998086042062166
PLEKHF2,ENSG00000175895.4,protein_coding,8.76046067921953,-0.116729815935045,0.462536728552457,-0.252368749829574,0.800756052564208,0.992385279735888,0.311221847652446,0.992587378328484
CWC25,ENSG00000273559.5,protein_coding,5.43896248806034,0.168451898728922,0.6681014881927,0.252135194586388,0.800936567180852,0.992385279735888,-0.0699138914826148,0.998086042062166
MDM1,ENSG00000111554.15,protein_coding,4.54254768624439,-0.199727398671515,0.792303824952659,-0.252084354992794,0.800975862461661,0.992385279735888,-0.215683331769072,0.998086042062166
STRADB,ENSG00000082146.13,protein_coding,38.7749839074457,-0.0779370464809935,0.309411522266101,-0.251887990176286,0.801127642805312,0.992385279735888,0.103402081600057,0.998086042062166
ZYX,ENSG00000159840.16,protein_coding,78.7291036816747,0.0548323770557049,0.217898747550231,0.25164154302018,0.801318144957064,0.992385279735888,-0.0194270501967422,0.998086042062166
SEPTIN1,ENSG00000180096.12,protein_coding,17.5104699910631,0.131163036478958,0.521266858717768,0.25162358643248,0.801332025751978,0.992385279735888,0.364315927948529,0.992587378328484
SORT1,ENSG00000134243.12,protein_coding,4.41555426567877,-0.186528952514543,0.741642867003011,-0.25150778199797,0.801421546360274,0.992385279735888,-0.76396529822934,0.983262496850266
ADAM19,ENSG00000135074.16,protein_coding,5.53549938626603,-0.181682742113912,0.722420260728366,-0.251491759008439,0.801433932859615,0.992385279735888,0.257617134683287,0.998086042062166
FTH1P2,ENSG00000234975.6,processed_pseudogene,13.8245278421451,0.0947064937895835,0.377137346848527,0.251119372241915,0.801721818813256,0.992385279735888,0.244034408908276,0.992587378328484
NUP153,ENSG00000124789.12,protein_coding,13.6976749776703,0.114686196867763,0.457447047671558,0.250709229519624,0.80203892441593,0.992385279735888,0.152119438152526,0.998086042062166
TRAM1,ENSG00000067167.8,protein_coding,10.1692511798656,-0.132201151279745,0.527492266780427,-0.25062197041606,0.802106393799622,0.992385279735888,-0.396942448310425,0.992587378328484
TMEM59,ENSG00000116209.12,protein_coding,6.674908314197,-0.141694876807226,0.566135403234089,-0.250284430187166,0.80236739628768,0.992385279735888,-0.141902512955615,0.998086042062166
PCED1B-AS1,ENSG00000247774.7,lncRNA,6.05450884722891,0.172602783301712,0.689784475993384,0.250227120656985,0.802411712988573,0.992385279735888,0.170707284383023,0.998086042062166
KRCC1,ENSG00000172086.9,protein_coding,5.31704783160723,0.149513280876888,0.599746793888275,0.249294006071402,0.803133367458816,0.992385279735888,0.488233825730634,0.989491045071349
CHMP7,ENSG00000147457.14,protein_coding,16.1395251697284,0.100627211637375,0.403808853758928,0.249195159295464,0.803209823668107,0.992385279735888,0.0009460677244583,0.999404308199523
MAP1A,ENSG00000166963.13,protein_coding,4.52655172370427,-0.214765997458439,0.863846410001866,-0.248615951831037,0.803657868086147,0.992385279735888,-0.686338163631107,0.992587378328484
HDAC3,ENSG00000171720.10,protein_coding,5.8559896148045,0.19346830230357,0.779791313987342,0.248102663922095,0.80405497453501,0.992385279735888,0.393129626222314,0.995521320397187
POLG,ENSG00000140521.17,protein_coding,7.97070324493489,-0.147889589757296,0.596362847120569,-0.247985920771815,0.804145300222309,0.992385279735888,0.0344617451522852,0.998086042062166
NBEAL1,ENSG00000144426.19,protein_coding,5.10710744017863,-0.16958724672576,0.683862331256624,-0.247984483096381,0.804146412586715,0.992385279735888,-0.842312036188155,0.953507896005218
PPTC7,ENSG00000196850.6,protein_coding,3.40519412054964,0.237842451158462,0.959261789033878,0.247943214123024,0.804178343562914,0.992385279735888,-0.0003460642555205,0.999783001268531
NUP58,ENSG00000139496.16,protein_coding,3.60098694584948,0.207196647307414,0.835730177380751,0.247922897742888,0.80419406304297,0.992385279735888,0.349678795326882,0.998086042062166
NDUFA4,ENSG00000189043.10,protein_coding,6.46179098319991,-0.169444765054823,0.683709334057817,-0.247831580781803,0.80426471908511,0.992385279735888,-0.24655969501388,0.998086042062166
RUFY1,ENSG00000176783.15,protein_coding,33.7187536189602,-0.0855192880696876,0.346187659502385,-0.247031590301671,0.804883776024981,0.992385279735888,-0.0593288741409805,0.998086042062166
TRANK1,ENSG00000168016.15,protein_coding,16.7447581796232,-0.097941069243952,0.396821334955546,-0.246814020861363,0.805052159046586,0.992385279735888,0.312853538409306,0.992587378328484
EXOC1,ENSG00000090989.18,protein_coding,5.98183076935477,0.168591967971937,0.683207875544561,0.246765258432595,0.805089898882729,0.992385279735888,-0.531584743025891,0.992587378328484
DNAJC6,ENSG00000116675.16,protein_coding,4.14699380325871,0.188953043972655,0.76784995822004,0.246080685360286,0.805619774280484,0.992385279735888,0.0339728781361117,0.998086042062166
ULK1,ENSG00000177169.10,protein_coding,6.54501470098287,-0.155318746850277,0.632488525082896,-0.245567691255618,0.806016902112756,0.992385279735888,0.0096280193737808,0.998086042062166
EIF3H,ENSG00000147677.11,protein_coding,61.8189370231326,-0.0515394130036933,0.209879235306039,-0.245566994412479,0.806017441599018,0.992385279735888,-0.0973727260190026,0.995521320397187
XPC,ENSG00000154767.15,protein_coding,9.75917648171763,0.142395870835105,0.579917878867352,0.245544888378369,0.806034555830967,0.992385279735888,0.124189316439387,0.998086042062166
METAP2,ENSG00000111142.14,protein_coding,19.2262434081558,-0.0903184432817687,0.367973116499131,-0.245448483142061,0.806109192718378,0.992385279735888,0.133637322320262,0.998086042062166
DOP1B,ENSG00000142197.12,protein_coding,7.10233935589489,0.135647703985886,0.553756774224733,0.244958996981653,0.806488179902512,0.992385279735888,0.143341589464089,0.998086042062166
PRRC2C,ENSG00000117523.17,protein_coding,78.8265097266481,-0.0479367835582471,0.195914442493988,-0.244682234489773,0.806702484806454,0.992385279735888,0.079287181144987,0.998086042062166
ATP5MG,ENSG00000167283.8,protein_coding,4.44001366668737,0.186015571722306,0.760750824734302,0.244515767416057,0.806831391887783,0.992385279735888,0.134783370681089,0.998086042062166
TUBB1,ENSG00000101162.4,protein_coding,58.6247704766314,-0.1252122104127,0.51275200162898,-0.244196434172678,0.807078688604759,0.992385279735888,-0.173464253815471,0.998086042062166
KIDINS220,ENSG00000134313.16,protein_coding,7.47894880367422,0.130068754507812,0.532953953371137,0.244052518393152,0.80719014556735,0.992385279735888,0.319362064322302,0.995521320397187
CYTH4,ENSG00000100055.21,protein_coding,24.2298225737041,-0.089176772889393,0.36551407176707,-0.243976305640628,0.80724917085375,0.992385279735888,-0.248305912197469,0.992587378328484
DDX49,ENSG00000105671.12,protein_coding,4.2252577626614,-0.162276057178229,0.666894337751647,-0.243330986622743,0.807749001771779,0.992385279735888,0.267006098667758,0.998086042062166
IMPACT,ENSG00000154059.11,protein_coding,3.24283428153234,-0.204385949728511,0.840156254237453,-0.243271354224479,0.80779519392495,0.992385279735888,-0.315561123816599,0.998086042062166
RBPJ,ENSG00000168214.21,protein_coding,8.6218279721289,-0.119953771822741,0.493121658790462,-0.243253910438584,0.807808706270723,0.992385279735888,0.188292545250228,0.998086042062166
UROS,ENSG00000188690.15,protein_coding,5.71233135754857,0.167352146991728,0.688452535559124,0.243084509603576,0.807939930918798,0.992385279735888,0.0980858548653885,0.998086042062166
OXR1,ENSG00000164830.19,protein_coding,8.53072897666395,-0.133860803879326,0.551208660748303,-0.242849601995733,0.808121908669154,0.992385279735888,-0.0947564121374057,0.998086042062166
MIDN,ENSG00000167470.13,protein_coding,24.8845772740957,-0.0821865757540987,0.338804207701913,-0.24257837974199,0.808332031488348,0.992385279735888,-0.315566963434274,0.983262496850266
PAFAH1B2,ENSG00000168092.14,protein_coding,15.2940313791021,-0.107978411660703,0.445216062261904,-0.242530359556488,0.80836923539562,0.992385279735888,-0.168526382512046,0.998086042062166
PRPF6,ENSG00000101161.8,protein_coding,23.9521370611632,0.11126900283501,0.459537780481197,0.242132437334091,0.808677544526982,0.992385279735888,0.321939649318859,0.992587378328484
SLC25A3,ENSG00000075415.15,protein_coding,18.5749051509272,0.0913322034286893,0.377311736316428,0.242060330061121,0.808733416240359,0.992385279735888,-0.0789087824563174,0.998086042062166
SELL,ENSG00000188404.10,protein_coding,14.2381510248355,0.113064382939135,0.467394399216521,0.241903589620804,0.808854868614407,0.992385279735888,-0.0164459444884353,0.998086042062166
TCF12,ENSG00000140262.18,protein_coding,11.4274747416484,-0.116380903329248,0.481201612749047,-0.241854765748556,0.808892701369249,0.992385279735888,0.022480954735813,0.998086042062166
WDR74,ENSG00000133316.16,protein_coding,5.66389145410361,0.151983793869442,0.628797071343755,0.241705632541591,0.809008264818948,0.992385279735888,0.416191038928063,0.992587378328484
CHD2,ENSG00000173575.22,protein_coding,41.799650869362,0.057969854230297,0.239921917704553,0.241619668536006,0.809074880293265,0.992385279735888,0.0018963160823301,0.998587857984255
MLLT3,ENSG00000171843.17,protein_coding,5.76957095041468,0.152246948184607,0.630959341797511,0.241294387925025,0.809326960198916,0.992385279735888,0.0103565601991494,0.998086042062166
DGKZ,ENSG00000149091.15,protein_coding,31.7305465033222,0.0657579609177058,0.272525970981632,0.241290621517088,0.809329879135471,0.992385279735888,-0.0598212292343267,0.998086042062166
PSMC3,ENSG00000165916.9,protein_coding,9.93761630348314,0.111093487543356,0.460638993990967,0.241172564616912,0.809421373649926,0.992385279735888,0.116549656298921,0.998086042062166
CCT6A,ENSG00000146731.11,protein_coding,17.4652730545182,0.081281335455814,0.337750609600387,0.240654888978536,0.809822604838122,0.992385279735888,-0.114556364960785,0.998086042062166
MTPN,ENSG00000105887.11,protein_coding,50.2618170619568,-0.0662851849949281,0.275507489386137,-0.240593042107927,0.809870543398644,0.992385279735888,-0.119367797258163,0.998086042062166
MVP,ENSG00000013364.19,protein_coding,18.2796854551693,-0.101927267760284,0.424461367198061,-0.240133203247971,0.810226994671097,0.992385279735888,0.021538782218032,0.998086042062166
SAFB,ENSG00000160633.13,protein_coding,29.8098010178441,0.0780619016747798,0.325848667360539,0.23956489467059,0.810667582316142,0.992385279735888,-0.223737577947507,0.992587378328484
CYC1,ENSG00000179091.5,protein_coding,6.73623853990849,0.159741711962174,0.667534213622693,0.239301160453273,0.810872065634784,0.992385279735888,-0.208826610765337,0.998086042062166
H2BC8,ENSG00000273802.2,protein_coding,5.04730834209305,0.162981197855981,0.68438168191728,0.238143717405458,0.811769628331772,0.992385279735888,0.138989159748938,0.998086042062166
APH1A,ENSG00000117362.13,protein_coding,2.59004752727366,0.199170571160436,0.837850759649737,0.237716047716778,0.812101336134081,0.992385279735888,-0.477639742059297,0.995521320397187
FIS1,ENSG00000214253.9,protein_coding,13.5562319497609,0.109178112500077,0.460956969915362,0.236850985288547,0.81277239613963,0.992385279735888,-0.483178437881758,0.983262496850266
C9orf16,ENSG00000171159.5,protein_coding,5.70628231382649,0.163132873903248,0.689316962915257,0.236658725491575,0.812921557665014,0.992385279735888,-0.586521890643919,0.992587378328484
FOXJ3,ENSG00000198815.9,protein_coding,11.9469480771573,-0.0941785917812311,0.398027807108615,-0.236613096118511,0.812956959442326,0.992385279735888,0.156438374769942,0.998086042062166
KIAA1109,ENSG00000138688.16,protein_coding,6.7888899438548,-0.135688673492089,0.574317242602143,-0.236260838830652,0.813230272880752,0.992385279735888,-0.064923304533465,0.998086042062166
HSP90B1,ENSG00000166598.16,protein_coding,8.49848918502533,-0.108386993961496,0.459194505744026,-0.236037218663752,0.813403789675183,0.992385279735888,0.260428598438191,0.995521320397187
MYO9A,ENSG00000066933.16,protein_coding,7.03909366820136,0.136748499393107,0.580221588231242,0.235683232349168,0.813678482060427,0.992385279735888,-0.113325034394984,0.998086042062166
NUMA1,ENSG00000137497.18,protein_coding,55.6791049447752,-0.0530836692860947,0.225429406291201,-0.235478015754179,0.813837740057896,0.992385279735888,-0.198612515465179,0.992587378328484
DLEU2,ENSG00000231607.13,lncRNA,4.25765938659984,-0.1751307272177,0.744173774751195,-0.235335795427959,0.813948114421062,0.992385279735888,0.0717958388244544,0.998086042062166
ACAA1,ENSG00000060971.19,protein_coding,7.56513580163134,0.14243129307175,0.605939723238763,0.235058517554273,0.814163314877781,0.992385279735888,-0.201743916498678,0.998086042062166
SH2D3C,ENSG00000095370.20,protein_coding,22.8860512995992,0.0907489553077226,0.386102726785022,0.235038369356688,0.814178952811269,0.992385279735888,0.042775225602026,0.998086042062166
SRSF8,ENSG00000263465.5,protein_coding,7.30185300206923,-0.126555679177323,0.539056184295426,-0.234772706193396,0.814385153011301,0.992385279735888,-0.0281125602600806,0.998086042062166
TRIM22,ENSG00000132274.16,protein_coding,29.6664389567868,0.0862450794350214,0.368563237309486,0.23400347811304,0.814982278478518,0.992385279735888,-0.129818793068512,0.998086042062166
ARL13B,ENSG00000169379.17,protein_coding,3.78689060155914,0.182738321713285,0.781152110236002,0.233934363510938,0.815035935049811,0.992385279735888,-0.177715737101897,0.998086042062166
UBE3B,ENSG00000151148.14,protein_coding,5.80794724023239,-0.146085742585951,0.62568530340336,-0.233481179422515,0.815387782392923,0.992385279735888,-0.242659097781625,0.998086042062166
C15orf39,ENSG00000167173.19,protein_coding,21.4522995518973,-0.094226572631924,0.403595569977973,-0.233467806985757,0.815398165177526,0.992385279735888,-0.278377955044826,0.992587378328484
MTMR6,ENSG00000139505.12,protein_coding,2.79458107102902,-0.205019974122079,0.878493631919522,-0.233376733390893,0.815468878471115,0.992385279735888,0.179959464578133,0.998086042062166
CYB5R3,ENSG00000100243.21,protein_coding,17.8928210726621,-0.116686320799117,0.500290280121869,-0.233237233333201,0.815577194980885,0.992385279735888,-0.382956312231217,0.992587378328484
VPS26C,ENSG00000157538.14,protein_coding,4.93631000560195,0.138660396572539,0.594945297219468,0.233064110634342,0.81571162309832,0.992385279735888,-0.194986941319228,0.998086042062166
HECTD3,ENSG00000126107.15,protein_coding,6.3887188981528,0.163922034948364,0.703538096226677,0.232996671861177,0.815763990127941,0.992385279735888,-0.348696836932931,0.995521320397187
MCCC1,ENSG00000078070.13,protein_coding,3.44483037105887,0.179694599451483,0.772164207323228,0.232715525722708,0.815982312395498,0.992385279735888,-0.115522337916777,0.998086042062166
TARS1,ENSG00000113407.14,protein_coding,9.26791460772899,0.119041373815139,0.5118284867278,0.232580594675746,0.81608709732629,0.992385279735888,0.047148527288108,0.998086042062166
ZC3H7A,ENSG00000122299.12,protein_coding,7.86918908800861,0.118349029767351,0.509193706762448,0.232424376412343,0.816208417619211,0.992385279735888,0.183140494517964,0.998086042062166
TADA2B,ENSG00000173011.12,protein_coding,9.46207343141534,0.120248002672238,0.517810815094475,0.232223814503177,0.816364181982892,0.992385279735888,-0.0006252636990509,0.99975551810661
WASF3,ENSG00000132970.14,protein_coding,1.79810643909767,0.255133655180597,1.10074822761784,0.231782026788032,0.816707317494354,0.992385279735888,-0.334873225896175,0.998086042062166
LUZP1,ENSG00000169641.13,protein_coding,6.4209448445417,-0.120641843972913,0.520600198933602,-0.231736069675033,0.816743014298125,0.992385279735888,-0.207945576171688,0.998086042062166
USP32,ENSG00000170832.13,protein_coding,16.5007808818334,0.0969142590129,0.419179308571905,0.231200006849278,0.817159424682998,0.992385279735888,0.182124693744741,0.997878976321691
BRWD1,ENSG00000185658.14,protein_coding,15.7565461541862,0.0817103278779648,0.353512069606248,0.23113872171034,0.817207033900695,0.992385279735888,0.0093440668249507,0.998086042062166
SON,ENSG00000159140.21,protein_coding,64.0718531292277,0.0563783991717988,0.24392830403626,0.231126926391527,0.817216197144087,0.992385279735888,0.0867381043751548,0.998086042062166
BRI3,ENSG00000164713.10,protein_coding,6.80277347068163,0.124843433570416,0.540940149963824,0.230789734462797,0.817478156682257,0.992385279735888,-0.107831900807765,0.998086042062166
AKAP7,ENSG00000118507.18,protein_coding,6.10573674051292,0.128043341303941,0.555276681510664,0.230593766256475,0.817630410919561,0.992385279735888,-0.199652706535348,0.998086042062166
LAIR1,ENSG00000167613.16,protein_coding,5.76013129520085,-0.147911820116355,0.642447514035393,-0.230231757279719,0.817911685861202,0.992385279735888,-0.143164385592039,0.998086042062166
ZBTB18,ENSG00000179456.10,protein_coding,8.46338284000292,-0.124686880212137,0.541979459993337,-0.230058312936194,0.818046457534667,0.992385279735888,0.0317844022908263,0.998086042062166
KPNA2,ENSG00000182481.10,protein_coding,4.45485560692906,-0.200914393212372,0.874291801081321,-0.229802444634482,0.818245285016029,0.992385279735888,-0.0606684093967181,0.998086042062166
STIM1,ENSG00000167323.12,protein_coding,2.27690091321353,-0.22827824159142,0.994166572933325,-0.229617699695814,0.818388851962346,0.992385279735888,0.499203849846915,0.995521320397187
VAC14,ENSG00000103043.15,protein_coding,8.38803251308445,-0.150721471412697,0.657163445850793,-0.229351575113199,0.818595670462954,0.992385279735888,-0.775969385995435,0.953507896005218
TRIM38,ENSG00000112343.11,protein_coding,16.6526646056163,-0.0973101054013043,0.424915128559009,-0.22901068674892,0.818860610014763,0.992385279735888,0.121974020103826,0.998086042062166
MAX,ENSG00000125952.20,protein_coding,63.5484192688092,0.0500502945379339,0.218750455251285,0.228800870290485,0.819023690337832,0.992385279735888,0.0434404036936408,0.998086042062166
FUT8,ENSG00000033170.17,protein_coding,7.69163086266925,0.135228754943809,0.591916090847403,0.228459332386474,0.819289168197651,0.992385279735888,0.191748794239192,0.998086042062166
LGALSL,ENSG00000119862.13,protein_coding,7.35492531737776,-0.154824898082686,0.679348884162602,-0.227901895023396,0.819722509473132,0.992385279735888,-0.0429025112194836,0.998086042062166
SCMH1,ENSG00000010803.16,protein_coding,15.6465610582366,0.100150795286812,0.439576304133983,0.227834836284273,0.819774643382559,0.992385279735888,-0.0104345771481559,0.998086042062166
SRSF10,ENSG00000188529.15,protein_coding,9.54841078455993,0.104640289997959,0.45959431476777,0.227679687575842,0.819895264699666,0.992385279735888,0.0771719528704554,0.998086042062166
FRMD4B,ENSG00000114541.15,protein_coding,9.18717854773987,0.140390737221133,0.616728415216837,0.227637860940415,0.819927783803805,0.992385279735888,0.037675409301637,0.998086042062166
RPF1,ENSG00000117133.11,protein_coding,5.81767251386318,-0.146864801347929,0.646160141097525,-0.227288549706074,0.820199376146341,0.992385279735888,-0.280649279747634,0.998086042062166
ZDHHC5,ENSG00000156599.11,protein_coding,4.57141997940584,0.160095435647873,0.705481005568821,0.226930894501957,0.820477478335953,0.992385279735888,0.3124208534812,0.995521320397187
BANK1,ENSG00000153064.12,protein_coding,27.5987732182715,-0.0755256505887498,0.332862327433251,-0.226897562037551,0.82050339783237,0.992385279735888,0.135383252820016,0.998086042062166
CSNK2A2,ENSG00000070770.10,protein_coding,10.4508999922078,0.106974892443218,0.471886844213298,0.226696068676296,0.820660084283559,0.992385279735888,0.200186551746957,0.998086042062166
OPA1,ENSG00000198836.11,protein_coding,27.1800385293456,0.0685008800248081,0.302264793673907,0.226625400835498,0.82071503912063,0.992385279735888,0.161660945899033,0.995521320397187
GOLGA5,ENSG00000066455.13,protein_coding,4.71062754614665,-0.160899702640984,0.710633314345683,-0.226417337032859,0.820876845018647,0.992385279735888,0.509479208358415,0.992587378328484
WDR70,ENSG00000082068.9,protein_coding,5.0842464184729,-0.151139531133555,0.668198036178564,-0.226189726623449,0.821053860543152,0.992385279735888,-0.457853347787656,0.992587378328484
MAGOH,ENSG00000162385.11,protein_coding,6.9327868594333,-0.117531660612911,0.522832532195642,-0.224797910182321,0.822136491907077,0.992385279735888,0.12505323091044,0.998086042062166
NASP,ENSG00000132780.17,protein_coding,10.5431534260343,-0.10438680504886,0.465532533750117,-0.224230955907566,0.822577597340804,0.992385279735888,0.116958517622587,0.998086042062166
ALAS1,ENSG00000023330.15,protein_coding,7.73978114614473,-0.144870802124185,0.64750567725891,-0.223736728822932,0.822962164851466,0.992385279735888,-0.228548249247521,0.998086042062166
CISD2,ENSG00000145354.12,protein_coding,7.1721405325398,-0.124338408266266,0.556301250237792,-0.223509129654333,0.823139278407682,0.992385279735888,-0.100357150061562,0.998086042062166
LRRC47,ENSG00000130764.10,protein_coding,3.39361402343243,0.211958930978501,0.949798829257383,0.223161920660846,0.823409487520062,0.992385279735888,0.745667489767317,0.992587378328484
RAB35,ENSG00000111737.12,protein_coding,9.38403609370705,0.101178168401916,0.453402134612653,0.223153268760751,0.82341622097215,0.992385279735888,-0.258222331872637,0.995521320397187
USP3,ENSG00000140455.17,protein_coding,11.0494517855707,-0.116556983360051,0.524477428847314,-0.22223450800584,0.824131332194586,0.992385279735888,0.0793843882521043,0.998086042062166
CAMK2D,ENSG00000145349.18,protein_coding,7.47148932822471,-0.149385372418905,0.672326586746732,-0.222191677919141,0.824164672269817,0.992385279735888,-0.172799737010808,0.998086042062166
CEP290,ENSG00000198707.17,protein_coding,3.79384841081534,-0.161037249886074,0.727551956718939,-0.221341236730786,0.824826743863638,0.992385279735888,0.407152497721535,0.992587378328484
KAT8,ENSG00000103510.20,protein_coding,13.680809892269,0.11364085514293,0.513685713585603,0.2212264272442,0.824916133030243,0.992385279735888,-0.4330490259119,0.992587378328484
ADRM1,ENSG00000130706.13,protein_coding,12.5013981887597,0.0998772773008112,0.45173350760158,0.221097783582839,0.825016296001835,0.992385279735888,-0.0519817530946756,0.998086042062166
GTF2H1,ENSG00000110768.12,protein_coding,5.86208799860625,0.167038196131362,0.755559214094591,0.221078894963287,0.825031003070225,0.992385279735888,-0.217507430982975,0.998086042062166
NF2,ENSG00000186575.19,protein_coding,11.0383705965456,-0.129735028743122,0.586986967771107,-0.221018584510911,0.825077962442247,0.992385279735888,-0.205183051606737,0.998086042062166
THEMIS2,ENSG00000130775.16,protein_coding,22.9151020920908,-0.0722822043204499,0.327819331739787,-0.2204940261968,0.825486424310965,0.992385279735888,0.0040865986284344,0.998086042062166
RHEB,ENSG00000106615.10,protein_coding,6.87891091284255,0.121854646425489,0.55367731701129,0.220082424693234,0.825806962314927,0.992385279735888,0.0512630365265352,0.998086042062166
AKAP8,ENSG00000105127.10,protein_coding,4.27027789446877,0.181273389029421,0.823924460976739,0.220012146276767,0.825861695104552,0.992385279735888,0.40921755298379,0.995521320397187
RANBP9,ENSG00000010017.13,protein_coding,14.3215674435664,0.0928081628086747,0.422044494205989,0.219901370786222,0.825947968709967,0.992385279735888,0.0834147472992509,0.998086042062166
INPP5B,ENSG00000204084.13,protein_coding,4.13213062776092,0.150022436152333,0.682661128855616,0.219761210666592,0.826057130514752,0.992385279735888,0.0173833989553049,0.998086042062166
FBXO9,ENSG00000112146.17,protein_coding,20.0516186258029,-0.0886370724875774,0.404338449061517,-0.219215047921628,0.826482534008296,0.992385279735888,0.0436166077031964,0.998086042062166
GSTO1,ENSG00000148834.13,protein_coding,8.60873054394036,0.0970557092730805,0.442925910614144,0.219124027173093,0.826553434579526,0.992385279735888,-0.129949738305023,0.998086042062166
BAG4,ENSG00000156735.11,protein_coding,4.88828763124653,0.141069821434012,0.644465275058895,0.218894371649614,0.826732330930404,0.992385279735888,-0.0283138473542351,0.998086042062166
GRSF1,ENSG00000132463.14,protein_coding,8.60684434761963,0.109679888844225,0.501328740927317,0.218778378118414,0.826822690632196,0.992385279735888,0.371785751554013,0.992587378328484
MICAL2,ENSG00000133816.18,protein_coding,27.4003218184287,-0.0767601825538185,0.351024610441524,-0.218674646365303,0.826903500272844,0.992385279735888,0.0633560652559675,0.998086042062166
ARL8B,ENSG00000134108.14,protein_coding,9.10107084482262,0.104059549332317,0.476588037573077,0.218342763830619,0.827162057412066,0.992385279735888,-0.0613224752540101,0.998086042062166
GMIP,ENSG00000089639.11,protein_coding,23.6351555925813,0.0775460636980496,0.355813058642614,0.217940465686894,0.827475497809972,0.992385279735888,-0.0326323376191073,0.998086042062166
QKI,ENSG00000112531.17,protein_coding,29.4142200598312,0.0665575062958151,0.305671974346315,0.217741604993881,0.827630445229718,0.992385279735888,-0.1631006265365,0.995521320397187
NCOR2,ENSG00000196498.13,protein_coding,56.0220789295272,0.0579993348597581,0.266505228749227,0.217629256776548,0.827717987197036,0.992385279735888,-0.0107748685708164,0.998086042062166
KLHDC1,ENSG00000197776.8,protein_coding,3.27841520346307,0.188125639056055,0.864611871746502,0.217583918522937,0.827753315465877,0.992385279735888,0.0135958085531788,0.998086042062166
LCK,ENSG00000182866.17,protein_coding,15.7446826283678,-0.0954591766964775,0.439002932650845,-0.217445419145752,0.827861238482053,0.992385279735888,0.117105232854042,0.998086042062166
SOD2,ENSG00000112096.19,protein_coding,81.3872970577106,0.0552330445775784,0.254067377273781,0.217395264084061,0.82790032166556,0.992385279735888,0.027446140492246,0.998086042062166
PFDN6,ENSG00000204220.12,protein_coding,3.13492616386297,-0.194323470642048,0.894289105946322,-0.217293791627282,0.827979395080575,0.992385279735888,0.162831979710677,0.998086042062166
KCNAB2,ENSG00000069424.15,protein_coding,19.9817982433386,-0.0749534049608355,0.34537322952681,-0.217021467076437,0.828191615295046,0.992385279735888,0.346678129909087,0.964670761257056
ERGIC1,ENSG00000113719.16,protein_coding,10.2830367251133,0.123360454398335,0.568470711640834,0.217004063485113,0.828205178192823,0.992385279735888,-0.0679754516912223,0.998086042062166
OSBPL11,ENSG00000144909.8,protein_coding,8.10014765588431,0.124869659107402,0.57582735883516,0.216852598598303,0.828323219370139,0.992385279735888,-0.0481793508085364,0.998086042062166
ZMYND11,ENSG00000015171.20,protein_coding,13.5850542216628,0.0893428388593217,0.412574704280724,0.21654948287506,0.828559458281838,0.992385279735888,-0.135749170552416,0.998086042062166
OCIAD1,ENSG00000109180.15,protein_coding,5.5023874498219,0.12103243061878,0.559265545151265,0.216413172004087,0.828665699766184,0.992385279735888,0.246887072601153,0.997852416960843
NUP205,ENSG00000155561.15,protein_coding,5.96730239994663,0.135182755461689,0.625655767713419,0.216065706475848,0.828936530588974,0.992385279735888,0.219882834756956,0.998086042062166
ZNF831,ENSG00000124203.7,protein_coding,5.72054885274278,-0.158398097968887,0.733606097291752,-0.215917095773391,0.829052370904843,0.992385279735888,-0.338188679573549,0.996352731101744
CIZ1,ENSG00000148337.21,protein_coding,21.9175105018928,0.0714647967771573,0.331127073553819,0.215822874312758,0.829125817364248,0.992385279735888,0.272570643609753,0.992587378328484
NCOA7,ENSG00000111912.20,protein_coding,9.8051012200069,0.10164321487716,0.47164345231623,0.215508588909678,0.829370816403625,0.992385279735888,0.18701635796321,0.998086042062166
ARID2,ENSG00000189079.17,protein_coding,9.03100753582127,0.114502424019344,0.531349574049384,0.215493583906971,0.829382513866237,0.992385279735888,0.0124795595332234,0.998086042062166
TRPC4AP,ENSG00000100991.12,protein_coding,6.82713169143237,0.109123433823853,0.506813798053616,0.215312673496528,0.829523549323812,0.992385279735888,0.274778753174288,0.995521320397187
TBC1D5,ENSG00000131374.14,protein_coding,13.0723908562117,-0.0842829053946818,0.391523370073806,-0.215269155909629,0.829557475901547,0.992385279735888,-0.0371367894846749,0.998086042062166
INTS6,ENSG00000102786.15,protein_coding,10.1966301490037,-0.093724961810766,0.435493476202851,-0.215215535782468,0.82959927891871,0.992385279735888,-0.0231921047615282,0.998086042062166
GID8,ENSG00000101193.8,protein_coding,11.6565891295338,0.102408894664356,0.477352946101288,0.214534958882658,0.830129908273298,0.992385279735888,0.191892398586283,0.998086042062166
OSBPL10,ENSG00000144645.15,protein_coding,4.93597275734888,0.13228798578819,0.61705678896032,0.214385431219519,0.830246501767008,0.992385279735888,0.0725204195631969,0.998086042062166
RINL,ENSG00000187994.14,protein_coding,5.11916107365963,-0.147958261363841,0.690898809760171,-0.2141533018637,0.830427510947144,0.992385279735888,0.349045511709785,0.995521320397187
YTHDF2,ENSG00000198492.16,protein_coding,8.07954018381704,-0.121839271183395,0.569308177296731,-0.214012859892385,0.830537028764513,0.992385279735888,-0.164135152820198,0.998086042062166
MAP2K7,ENSG00000076984.18,protein_coding,6.23941873171015,0.118235137164643,0.553580259042345,0.213582647201296,0.830872532676704,0.992385279735888,0.179951320672613,0.998086042062166
IPO5,ENSG00000065150.21,protein_coding,16.5013970383573,-0.0832753992716617,0.389939686453062,-0.213559691831177,0.830890435424807,0.992385279735888,0.132579635610029,0.998086042062166
RP11-673E1.1,ENSG00000251600.8,lncRNA,2.35787001823921,0.216664636528414,1.01638932959001,0.213170908254037,0.831193658603445,0.992385279735888,0.41361594949916,0.998086042062166
TPP2,ENSG00000134900.12,protein_coding,11.1207499401562,-0.107649989008822,0.505149828224888,-0.213105069019042,0.8312450109526,0.992385279735888,-0.133317408991346,0.998086042062166
ALDH9A1,ENSG00000143149.12,protein_coding,5.03455555908215,-0.135036004147023,0.633731485204408,-0.213080787841032,0.831263949622002,0.992385279735888,-0.266761363997635,0.998086042062166
RC3H2,ENSG00000056586.16,protein_coding,18.2194353049254,-0.0757893842101545,0.356257399809796,-0.212737712256975,0.831531549869429,0.992385279735888,-0.133235687574864,0.998086042062166
EEF1A1P9,ENSG00000249264.1,processed_pseudogene,7.76968149651544,-0.118040228137142,0.556010563920589,-0.21229853495014,0.831874138322942,0.992385279735888,0.0703341649727518,0.998086042062166
SERPINB1,ENSG00000021355.13,protein_coding,26.3556907791092,-0.0781472643864917,0.368348831692311,-0.212155591827069,0.831985650666988,0.992385279735888,-0.336459073607092,0.983262496850266
HYOU1,ENSG00000149428.19,protein_coding,2.76571389559659,0.192418189910167,0.909519997337294,0.211560153128561,0.832450198809431,0.992385279735888,0.141021257598305,0.998086042062166
MIER1,ENSG00000198160.15,protein_coding,28.8996198904633,0.059035425879016,0.279285143402603,0.211380473589724,0.832590392325214,0.992385279735888,0.0042397497468213,0.998086042062166
APEX1,ENSG00000100823.12,protein_coding,11.9294382297039,-0.0918208311240918,0.435115627558616,-0.211026277404211,0.832866766641535,0.992385279735888,0.127047221122093,0.998086042062166
ANXA2,ENSG00000182718.18,protein_coding,53.040010525804,-0.0548945665482674,0.261249043254805,-0.210123512279151,0.833571274958095,0.992385279735888,-0.106624356590953,0.998086042062166
NOP10,ENSG00000182117.6,protein_coding,5.48076634481125,-0.134173228110891,0.638574859792449,-0.210113545895779,0.833579053364744,0.992385279735888,-0.187689208213583,0.998086042062166
TSPAN33,ENSG00000158457.6,protein_coding,4.53453413551572,-0.138958958989952,0.66169187315321,-0.210005539780564,0.833663349328893,0.992385279735888,0.515858878172804,0.992587378328484
FTH1P12,ENSG00000213362.3,processed_pseudogene,6.70628453138884,0.127234871031791,0.606916904249324,0.209641336632672,0.833947614503244,0.992385279735888,0.452709435339726,0.992587378328484
PCBP1-AS1,ENSG00000179818.15,lncRNA,7.29857013683533,0.123675034262955,0.590147889613415,0.209566172208072,0.834006283992766,0.992385279735888,0.304322028872498,0.995521320397187
HNRNPA1P7,ENSG00000215492.6,processed_pseudogene,5.40571182770528,-0.121572698743886,0.581566852721099,-0.209043376827717,0.834414376767459,0.992385279735888,0.285850233996907,0.995521320397187
PRPSAP2,ENSG00000141127.15,protein_coding,3.82980861940055,-0.181721223573037,0.871099854217481,-0.208611243238331,0.834751732848336,0.992385279735888,0.119368103968107,0.998086042062166
CSTF3,ENSG00000176102.13,protein_coding,3.86480456102145,-0.166883348496848,0.800004138124373,-0.20860310658906,0.834758085222508,0.992385279735888,-0.904147952959802,0.953507896005218
DENND1A,ENSG00000119522.16,protein_coding,10.6796453405767,0.0893571831111668,0.428627918578452,0.208472615147237,0.834859962840742,0.992385279735888,-0.0078427687337436,0.998086042062166
ARL14EP,ENSG00000152219.5,protein_coding,4.39897871082847,0.136492419738821,0.655137462036547,0.208341649879894,0.834962213171886,0.992385279735888,0.199463197948595,0.998086042062166
PSPC1,ENSG00000121390.19,protein_coding,10.2876819105264,0.105038333107971,0.504822310961901,0.208069910594538,0.835174380854522,0.992385279735888,-0.0514237411573423,0.998086042062166
RAB13,ENSG00000143545.10,protein_coding,10.7233029154832,0.0971315335713945,0.466843945689425,0.208059961938572,0.835182148760303,0.992385279735888,-0.0281061971796946,0.998086042062166
FCHO2,ENSG00000157107.14,protein_coding,12.8359681634925,-0.105693870529029,0.509449304988141,-0.207466904938637,0.8356452364019,0.992385279735888,-0.0570270166003207,0.998086042062166
CLTA,ENSG00000122705.17,protein_coding,19.713794779565,0.070974412867942,0.342695670527719,0.207106243153432,0.835926886472604,0.992385279735888,-0.178596635429883,0.995521320397187
SLC25A1,ENSG00000100075.10,protein_coding,4.77029617080987,-0.174743838191125,0.845864702002022,-0.206586038851764,0.836333164448809,0.992385279735888,0.324775992256678,0.998086042062166
UBP1,ENSG00000153560.12,protein_coding,12.1519513960034,-0.102587543190409,0.497301894327164,-0.206288261437666,0.83656574736034,0.992385279735888,-0.14446160588951,0.998086042062166
INTS11,ENSG00000127054.21,protein_coding,6.75613121411672,0.116653242962837,0.565889986618075,0.206141203628625,0.836680614040947,0.992385279735888,-0.0400013508920898,0.998086042062166
DDX18,ENSG00000088205.13,protein_coding,11.5864969281079,0.0962652984922778,0.469315176353315,0.205118656592955,0.837479420477323,0.992385279735888,0.0376222202449305,0.998086042062166
CAPG,ENSG00000042493.16,protein_coding,8.84664679960538,0.098803868232702,0.481801816457681,0.205071597610675,0.837516186657245,0.992385279735888,0.113945555373317,0.998086042062166
ZSWIM8,ENSG00000214655.11,protein_coding,5.67255876506372,-0.124253873027529,0.606381386894774,-0.204910433784622,0.837642103207607,0.992385279735888,-0.100383396224889,0.998086042062166
SUN2,ENSG00000100242.15,protein_coding,10.0047695253241,-0.105446604912145,0.515166960044365,-0.204684331664174,0.837818762754936,0.992385279735888,-0.189092414790634,0.998086042062166
RAB27B,ENSG00000041353.10,protein_coding,15.082860340287,-0.157214312074463,0.768124821425128,-0.204672870462353,0.837827717911862,0.992385279735888,-0.31850661754145,0.998086042062166
ARHGAP18,ENSG00000146376.11,protein_coding,7.41711570745699,-0.11027836312483,0.538899370731311,-0.204636281120864,0.837856306964837,0.992385279735888,0.279894786032451,0.995521320397187
UBALD2,ENSG00000185262.9,protein_coding,23.6353720514565,0.0733657864602293,0.358913440026474,0.204410808508084,0.838032484534615,0.992385279735888,0.0926621447667446,0.998086042062166
EHMT2,ENSG00000204371.11,protein_coding,11.6226902672998,-0.0857924286988625,0.419732406320044,-0.204397914974061,0.838042559402786,0.992385279735888,-0.297541752670573,0.992587378328484
LILRB1,ENSG00000104972.16,protein_coding,3.39046683728852,-0.171458906799379,0.839705760653368,-0.204189270615422,0.838205595540309,0.992385279735888,-0.15323578170139,0.998086042062166
TRIM21,ENSG00000132109.10,protein_coding,10.2741985542751,0.0888651130725556,0.435348098829596,0.204124270466469,0.838256388523312,0.992385279735888,-0.06731115238622,0.998086042062166
RNF19A,ENSG00000034677.13,protein_coding,9.82350574362423,0.0923453655414996,0.453028808940589,0.203839940681587,0.838478579901246,0.992385279735888,0.401882000150269,0.983262496850266
TRAF3IP3,ENSG00000009790.15,protein_coding,35.5483327447195,0.0717060164398144,0.352634976682328,0.203343460465667,0.83886658849291,0.992385279735888,0.25956257914677,0.992587378328484
HOPX,ENSG00000171476.22,protein_coding,4.31307060330315,-0.145036080970132,0.713746733732482,-0.203203845447639,0.838975707306458,0.992385279735888,-0.0650687867860356,0.998086042062166
ZC3H15,ENSG00000065548.18,protein_coding,15.3750508143295,-0.0839487616877615,0.413598898617658,-0.20297143432523,0.839157359572469,0.992385279735888,0.06629199445662,0.998086042062166
SPATA13,ENSG00000182957.16,protein_coding,8.18800533336101,-0.116226225456045,0.573367169901519,-0.202708197394713,0.839363115603646,0.992385279735888,-0.451540234655617,0.992587378328484
C2orf68,ENSG00000168887.11,protein_coding,9.38771263116797,-0.11889315795855,0.587397856790905,-0.202406523251706,0.83959892912756,0.992385279735888,-0.209224710075967,0.998086042062166
RP11-796G6.1,ENSG00000241494.1,processed_pseudogene,7.66996493775421,0.097278570074947,0.480977841531335,0.202251666657308,0.839719983476106,0.992385279735888,0.212966629788214,0.995521320397187
EPRS1,ENSG00000136628.18,protein_coding,14.1309332013523,0.0873585712899818,0.432474236096635,0.201997168845133,0.839918937496361,0.992385279735888,0.0548694261155617,0.998086042062166
CHST2,ENSG00000175040.6,protein_coding,8.66672482357317,-0.134631719689265,0.667255499899909,-0.20176936677099,0.840097030761486,0.992385279735888,0.143387739627441,0.998086042062166
USB1,ENSG00000103005.12,protein_coding,5.34488322853187,-0.144258298768889,0.715107780392583,-0.201729449356142,0.840128238619624,0.992385279735888,-0.367992677356819,0.995521320397187
NFIA,ENSG00000162599.17,protein_coding,14.3016658306974,0.0914174618683231,0.45353544930804,0.20156629874864,0.840255794106402,0.992385279735888,-0.204438810342409,0.997007468931721
TCEA3,ENSG00000204219.11,protein_coding,4.74980672278479,0.144921774569818,0.721041394326633,0.200989535011589,0.840706756949793,0.992385279735888,-0.0949405502932489,0.998086042062166
HPS3,ENSG00000163755.9,protein_coding,5.56664919862461,-0.128820848159655,0.641117123548023,-0.20093184759556,0.840751864746346,0.992385279735888,-0.0179377513527055,0.998086042062166
AGPAT1,ENSG00000204310.13,protein_coding,5.18953442877229,-0.145679715280555,0.725889784500777,-0.200691232183057,0.840940015941258,0.992385279735888,0.394541490374637,0.992587378328484
AAK1,ENSG00000115977.21,protein_coding,19.06582501965,-0.0690250559561434,0.344431466119712,-0.200402874725019,0.841165511388238,0.992385279735888,0.0959935007265231,0.998086042062166
EP400,ENSG00000183495.14,protein_coding,18.5363332314454,0.079146625056475,0.395155219418383,0.200292495624804,0.841251831261755,0.992385279735888,0.0730462358803568,0.998086042062166
AKAP11,ENSG00000023516.9,protein_coding,9.80794717825709,0.111068602280851,0.555383398705928,0.199985456064489,0.841491955737783,0.992385279735888,0.239933279209718,0.998086042062166
DRAM2,ENSG00000156171.15,protein_coding,4.50781257252449,-0.143740797415752,0.719950604400638,-0.199653693652243,0.841751431630333,0.992385279735888,-0.301922472838129,0.998086042062166
PIAS2,ENSG00000078043.16,protein_coding,3.89130780804087,0.182007041630642,0.914278559573571,0.199071759612882,0.842206611651809,0.992385279735888,0.351110938906983,0.998086042062166
NGDN,ENSG00000129460.16,protein_coding,4.48313844099967,0.142634831399949,0.716586965372603,0.199047482430528,0.84222560204429,0.992385279735888,-0.168472507586099,0.998086042062166
STK4,ENSG00000101109.12,protein_coding,66.8869553328033,0.0394489327995355,0.198731311454983,0.198503861876197,0.842650863531891,0.992385279735888,-0.0639344763620998,0.998086042062166
HDDC2,ENSG00000111906.18,protein_coding,5.69330711701766,0.106986667540496,0.539245304363403,0.198400740210055,0.842731538351737,0.992385279735888,0.564072813478261,0.953507896005218
NSD2,ENSG00000109685.19,protein_coding,12.2049896036526,-0.0921956255617151,0.464819335819744,-0.198347225377621,0.842773405077878,0.992385279735888,-0.0609307117686646,0.998086042062166
POLR1A,ENSG00000068654.17,protein_coding,3.52386910655504,-0.201879276007516,1.01857992891916,-0.198196793669137,0.842891096009947,0.992385279735888,0.637706598379231,0.992587378328484
GPBP1L1,ENSG00000159592.11,protein_coding,17.240985086612,-0.0771341122063661,0.38933666441965,-0.198116743824636,0.842953724800885,0.992385279735888,-0.144107467644459,0.998086042062166
POLR2G,ENSG00000168002.12,protein_coding,3.88490485888541,-0.143679643786575,0.725323397765546,-0.198090457620971,0.84297429061843,0.992385279735888,-0.373888642269978,0.995521320397187
PPP6R2,ENSG00000100239.16,protein_coding,6.57253572158025,-0.126445644662044,0.638934795779452,-0.19790070207053,0.843122754868395,0.992385279735888,0.234806017003695,0.998086042062166
COG5,ENSG00000164597.15,protein_coding,4.33867458797832,-0.158230762208417,0.799873861159398,-0.197819643686149,0.843186176437667,0.992385279735888,0.0473439975818292,0.998086042062166
HDGF,ENSG00000143321.19,protein_coding,38.2661121210626,0.0496139441315064,0.250914039365851,0.197732834148693,0.843254098942527,0.992385279735888,0.150524730693115,0.992587378328484
FBXL3,ENSG00000005812.11,protein_coding,14.047102561645,-0.0966556033348379,0.489047577515812,-0.197640490984157,0.843326352410516,0.992385279735888,-0.089523943303395,0.998086042062166
MPLKIP,ENSG00000168303.9,protein_coding,3.44684232408909,-0.167949671579957,0.850126260732986,-0.197558503174752,0.843390504485535,0.992385279735888,-0.0037485405971608,0.998712041154483
AMPD2,ENSG00000116337.20,protein_coding,8.59270819596469,0.10724441493456,0.542964704467203,0.197516365340537,0.843423476004936,0.992385279735888,0.355713334571493,0.992587378328484
MBP,ENSG00000197971.16,protein_coding,30.4280582252828,-0.0626617944877425,0.317778155768082,-0.197187230620954,0.843681022927203,0.992385279735888,-0.0616732067820149,0.998086042062166
ZNF397,ENSG00000186812.13,protein_coding,5.8423568369273,-0.114622112057786,0.582475939363107,-0.19678428637433,0.843996348337089,0.992385279735888,-0.293294040272309,0.995521320397187
IGHG2,ENSG00000211893.4,IG_C_gene,9.2857407562568,-0.144788178093604,0.736150488470634,-0.196682852706386,0.844075729545099,0.992385279735888,-0.556536531321554,0.992587378328484
PHF21A,ENSG00000135365.16,protein_coding,15.9985237027612,0.0784673320025392,0.399103322410345,0.196609067367928,0.84413347437826,0.992385279735888,-0.122566053043594,0.998086042062166
BPI,ENSG00000101425.14,protein_coding,5.01692556203674,0.240734016334758,1.22486561702477,0.196539124773138,0.844188212631376,0.992385279735888,0.317328248726587,0.998086042062166
FEM1A,ENSG00000141965.5,protein_coding,8.3293223458992,0.0989490513830054,0.503841287151062,0.196389327167899,0.844305449292327,0.992385279735888,-0.33814284982348,0.992587378328484
EIF4G2,ENSG00000110321.19,protein_coding,97.7097531599699,-0.0355709424332686,0.181244205847964,-0.196259749473631,0.84440686395079,0.992385279735888,-0.024851216440366,0.998086042062166
HSPA9,ENSG00000113013.16,protein_coding,23.8978037030114,-0.0624497379480002,0.318356933445654,-0.196162644463532,0.844482865384244,0.992385279735888,-0.117595443100962,0.998086042062166
ZNF768,ENSG00000169957.10,protein_coding,3.90963482447355,0.177508415610951,0.905147828046187,0.196109861959359,0.844524177412878,0.992385279735888,0.323221622347647,0.998086042062166
LIG1,ENSG00000105486.14,protein_coding,5.86355751241501,0.134361222848128,0.685366326794608,0.196042930029146,0.844576564587728,0.992385279735888,0.22576637567706,0.998086042062166
SF3A3,ENSG00000183431.12,protein_coding,14.2416909787678,-0.0818729706336995,0.417826564195166,-0.195949653874704,0.844649572357417,0.992385279735888,0.224027419895901,0.995521320397187
NOP14,ENSG00000087269.16,protein_coding,12.4328906091234,-0.0927470903018707,0.474250000395503,-0.195565820188769,0.844950015174972,0.992385279735888,0.0366560603643642,0.998086042062166
PCMTD2,ENSG00000203880.12,protein_coding,8.61561739381805,-0.123036851434673,0.62923590757944,-0.195533741721724,0.844975125366116,0.992385279735888,-0.109527633036337,0.998086042062166
IPO8,ENSG00000133704.10,protein_coding,12.0262977121037,0.0777591589584778,0.398327301756199,0.195214233660718,0.845225236573701,0.992385279735888,0.106672058404596,0.998086042062166
EEF1B2,ENSG00000114942.14,protein_coding,196.456657738502,0.0384825439450142,0.197355861526472,0.19499063087038,0.845400282326824,0.992385279735888,0.0214154999237982,0.998086042062166
RNF126,ENSG00000070423.18,protein_coding,4.66679854975259,0.144025287865374,0.739041273553975,0.194881250911428,0.845485912380766,0.992385279735888,-0.254006418177632,0.998086042062166
TRPM7,ENSG00000092439.16,protein_coding,12.7422155757758,-0.0811860448559575,0.416702488535248,-0.194829757655959,0.845526225427256,0.992385279735888,-0.0894996972650255,0.998086042062166
CLSTN1,ENSG00000171603.18,protein_coding,4.26143591248428,0.147388161285342,0.757841708477457,0.194484098244543,0.845796845776388,0.992385279735888,0.193870287292107,0.998086042062166
RABGAP1L,ENSG00000152061.24,protein_coding,56.1800116407284,-0.0529897802184847,0.273710887749349,-0.193597633817951,0.84649095108033,0.992385279735888,0.1371404931673,0.995521320397187
ABR,ENSG00000159842.16,protein_coding,23.5531089388857,0.0814698296012614,0.420860742775797,0.193579066234416,0.846505490850456,0.992385279735888,-0.0785035667513401,0.998086042062166
CTNNB1,ENSG00000168036.18,protein_coding,17.5391980869417,-0.0863331094875101,0.44637110012218,-0.193411064165845,0.846637051080294,0.992385279735888,-0.0052226996699038,0.998086042062166
TNFAIP2,ENSG00000185215.11,protein_coding,32.3460168758856,-0.0668914037193793,0.346183033576363,-0.193225540340134,0.846782337336538,0.992385279735888,-0.322565914881298,0.983262496850266
TNFAIP8L1,ENSG00000185361.9,protein_coding,5.51955050804131,-0.121259054228623,0.6281338067528,-0.193046533915256,0.84692252466379,0.992385279735888,-0.501869778751848,0.992587378328484
INAFM2,ENSG00000259330.3,protein_coding,4.02675577684293,-0.169924067888134,0.882120245165098,-0.192631411442474,0.847247642860235,0.992385279735888,0.0393656720196241,0.998086042062166
STX3,ENSG00000166900.17,protein_coding,4.22057978691695,-0.147031169061891,0.765132862202775,-0.192164232285876,0.847613562225168,0.992385279735888,-0.0883118040250474,0.998086042062166
TSPAN18,ENSG00000157570.12,protein_coding,3.45402971870496,0.161302908592934,0.840577027558568,0.191895451939049,0.847824100066512,0.992385279735888,0.35120804889595,0.997852416960843
SAP18,ENSG00000150459.12,protein_coding,24.3248790034447,-0.0604644151316321,0.315280169030529,-0.191779950250462,0.847914576819504,0.992385279735888,-0.0239468695906771,0.998086042062166
MFHAS1,ENSG00000147324.11,protein_coding,4.38487271173816,0.134687369062346,0.702826629592715,0.191636690175494,0.848026800529635,0.992385279735888,0.989849346205375,0.870378725940802
ISCU,ENSG00000136003.16,protein_coding,16.4629794662747,0.062904793252565,0.328564809138932,0.191453227804339,0.848170521468524,0.992385279735888,0.223952632720806,0.992587378328484
PAN3,ENSG00000152520.14,protein_coding,18.4433265619588,0.0754158878560374,0.394760567627636,0.191042100048794,0.848492609472678,0.992385279735888,-0.106660366587397,0.998086042062166
TTC7B,ENSG00000165914.15,protein_coding,7.09265996518164,-0.123192354519909,0.644980451263492,-0.191001687382276,0.848524271156223,0.992385279735888,-0.29339639177493,0.995521320397187
HLA-A,ENSG00000206503.13,protein_coding,45.6014630088282,-0.0526184346683623,0.275848411581169,-0.190751269390141,0.848720468933864,0.992385279735888,-0.172631580377732,0.992587378328484
ITGA2B,ENSG00000005961.19,protein_coding,6.98459252717625,0.140612425610932,0.738070998936803,0.190513413768439,0.848906833009863,0.992385279735888,-0.550333976289406,0.992587378328484
USP24,ENSG00000162402.14,protein_coding,20.3987039764298,-0.0775814657673301,0.407234663872607,-0.19050801085931,0.84891106638262,0.992385279735888,-0.233502836028389,0.995521320397187
PBXIP1,ENSG00000163346.17,protein_coding,4.35797393896074,0.165442516461671,0.869908413983551,0.190183832921059,0.849165079374621,0.992385279735888,0.0299862928451947,0.998086042062166
DSTN,ENSG00000125868.16,protein_coding,14.7245833202507,-0.0876092119022354,0.460834455565178,-0.190109942614403,0.849222979084778,0.992385279735888,0.169532419234939,0.998086042062166
USP5,ENSG00000111667.14,protein_coding,5.36332107621324,0.132287658342496,0.695990766814305,0.190070996125429,0.849253497493933,0.992385279735888,0.238320487767162,0.998086042062166
KDM5A,ENSG00000073614.13,protein_coding,23.7440442513075,0.0595010489091095,0.313410488436365,0.18985021594512,0.849426504774317,0.992385279735888,0.0500650480676832,0.998086042062166
DDX1,ENSG00000079785.16,protein_coding,7.91554135300391,-0.0969933747516384,0.511930930114746,-0.189465744392311,0.849727800833905,0.992385279735888,-0.319630526071777,0.992587378328484
BMF,ENSG00000104081.14,protein_coding,4.57060041861353,-0.127224799080859,0.672345063321859,-0.189225452853448,0.849916119526039,0.992385279735888,-0.213759962055814,0.998086042062166
ASPH,ENSG00000198363.18,protein_coding,7.04679057122127,-0.0988469162262684,0.522848573151498,-0.189054577753676,0.850050041125814,0.992385279735888,0.283625756695041,0.995521320397187
DNMT3A,ENSG00000119772.18,protein_coding,8.74592294325941,-0.109994401785017,0.582322977160127,-0.188888994766164,0.850179819214598,0.992385279735888,-0.104429466152487,0.998086042062166
BPTF,ENSG00000171634.18,protein_coding,68.5071328089238,-0.0394479795386667,0.209075580949218,-0.188678081675392,0.850345131312545,0.992385279735888,0.149739496831542,0.992587378328484
MDM2,ENSG00000135679.26,protein_coding,16.2174922148241,-0.0707762729251788,0.375168189574046,-0.188652116282929,0.850365483247269,0.992385279735888,-0.126960856603242,0.998086042062166
HCLS1,ENSG00000180353.11,protein_coding,77.9363423876917,-0.0377335462188798,0.200421779181949,-0.188270687810949,0.85066446218636,0.992385279735888,-0.0306879308756461,0.998086042062166
TBXAS1,ENSG00000059377.18,protein_coding,5.20879765336885,-0.133230819935223,0.708049100449425,-0.188166074712413,0.850746465883737,0.992385279735888,-0.493255761125538,0.992587378328484
MYH10,ENSG00000133026.13,protein_coding,4.02232234238161,0.141993255609452,0.756630740010839,0.187665195320266,0.851139115570549,0.992385279735888,0.36534626142705,0.995521320397187
ARHGAP26,ENSG00000145819.18,protein_coding,21.3052252365566,0.0659392978457812,0.351409547875547,0.187642305806483,0.851157060015159,0.992385279735888,-0.111491457639794,0.998086042062166
CALCOCO2,ENSG00000136436.15,protein_coding,29.1242521609338,0.0685401358541767,0.365515565340791,0.187516325851329,0.851255824537541,0.992385279735888,0.104577131424354,0.998086042062166
SNAP23,ENSG00000092531.10,protein_coding,28.9344939309597,-0.058571590174533,0.312615048888133,-0.187360110726763,0.851378295769893,0.992385279735888,-0.127922441403232,0.998086042062166
NOP56,ENSG00000101361.17,protein_coding,15.419099974921,-0.0948677085881359,0.506461707863251,-0.187314671800915,0.851413920146277,0.992385279735888,-0.464975444100895,0.992587378328484
GDAP2,ENSG00000196505.11,protein_coding,4.79047595684234,0.130749649720309,0.698609587225248,0.187156964506633,0.851537565914262,0.992385279735888,0.226085884839215,0.998086042062166
IL17RA,ENSG00000177663.14,protein_coding,6.50113644870136,0.115354660060061,0.616507669694066,0.18710985398982,0.851574502238141,0.992385279735888,0.0526084387045365,0.998086042062166
CCSER2,ENSG00000107771.17,protein_coding,16.3725801483529,-0.0736884018987067,0.394311849040841,-0.18687848736464,0.851755906641127,0.992385279735888,-0.20905259447084,0.995521320397187
ZDHHC18,ENSG00000204160.12,protein_coding,6.98937444852866,-0.117792413338654,0.63044774118205,-0.186839297921507,0.8517866341383,0.992385279735888,-0.198535349567369,0.998086042062166
C21orf91,ENSG00000154642.11,protein_coding,7.30999789943415,0.103096021377601,0.552885934698159,0.186468880663214,0.852077080483946,0.992385279735888,-0.121359884899105,0.998086042062166
RPS6KA1,ENSG00000117676.14,protein_coding,16.6895720839331,0.0813893150947407,0.436631705864584,0.186402668431006,0.852128999998403,0.992385279735888,0.0734937591574534,0.998086042062166
AMFR,ENSG00000159461.15,protein_coding,4.59383737525709,-0.134516280878806,0.721771537878105,-0.186369611185089,0.852154921674512,0.992385279735888,-0.344191740497541,0.995521320397187
HNRNPA0,ENSG00000177733.7,protein_coding,12.8413854089877,0.075574412180661,0.406334741963456,0.185990525485162,0.852452191263273,0.992385279735888,0.128124339190405,0.998086042062166
LY6E,ENSG00000160932.11,protein_coding,8.48486206456551,-0.113230351837222,0.609382699291971,-0.185811563027277,0.852592536462752,0.992385279735888,-0.233524215996051,0.998086042062166
SULF2,ENSG00000196562.14,protein_coding,4.39881443166541,-0.173441869154939,0.933711631565205,-0.185755283849462,0.85263667245191,0.992385279735888,-0.852051804101121,0.992587378328484
GTF2F1,ENSG00000125651.14,protein_coding,24.3363441985063,-0.0641167873684043,0.345521532888387,-0.185565243452181,0.852785711813974,0.992385279735888,-0.40641134325869,0.95784572106588
UFC1,ENSG00000143222.12,protein_coding,11.6225677036328,0.0929570974501744,0.501944730729212,0.185193890401297,0.853076960961995,0.992385279735888,0.0789654011785219,0.998086042062166
EIF4E,ENSG00000151247.13,protein_coding,6.30488486161107,-0.114605350731714,0.619400451506514,-0.185026262820716,0.853208436460677,0.992385279735888,0.0633553805948478,0.998086042062166
FAM102A,ENSG00000167106.12,protein_coding,16.7007513739809,-0.0746201118489147,0.403732091094887,-0.184825812698098,0.853365661048181,0.992385279735888,0.271751347734822,0.992587378328484
FBXL4,ENSG00000112234.9,protein_coding,2.71586173040185,0.176015682354226,0.954488824142711,0.184408321922803,0.853693141825621,0.992385279735888,0.668067337909314,0.992587378328484
DDHD2,ENSG00000085788.14,protein_coding,8.11145649124525,-0.102193167057054,0.554708504402647,-0.184228592577832,0.853834129726799,0.992385279735888,0.0302502288720555,0.998086042062166
SPEN,ENSG00000065526.12,protein_coding,47.5700884568573,0.0493059151938252,0.26809142238966,0.183914557035551,0.854080484740947,0.992385279735888,0.149406870197935,0.994480669180938
ATF1,ENSG00000123268.9,protein_coding,6.82632840338283,0.100000097310086,0.545105148663681,0.18345102326631,0.854444144315179,0.992385279735888,0.213924299480956,0.998086042062166
TPM3,ENSG00000143549.21,protein_coding,177.329140254991,0.0303336333237235,0.165501860389502,0.183282733211182,0.854576181812056,0.992385279735888,0.0822725553918204,0.995521320397187
NAMPT,ENSG00000105835.13,protein_coding,30.2955618971747,-0.0733042624259427,0.400074900287581,-0.183226346799688,0.854620422536507,0.992385279735888,0.0410236071265137,0.998086042062166
SRSF2,ENSG00000161547.17,protein_coding,6.96691568211109,0.104402378402985,0.57127033316066,0.182754770102202,0.854990439044926,0.992385279735888,-0.438622739986501,0.992587378328484
TBCB,ENSG00000105254.12,protein_coding,7.52562940351187,-0.0996913500448751,0.545962522690357,-0.182597423635642,0.855113905998209,0.992385279735888,-0.34233723442062,0.995521320397187
TGOLN2,ENSG00000152291.14,protein_coding,11.0652930832206,-0.0886795137164559,0.485858779332592,-0.182521171765738,0.855173740750673,0.992385279735888,-0.0040143150178986,0.998587857984255
CDC73,ENSG00000134371.14,protein_coding,15.1865906775,-0.0840722327489651,0.463405391485445,-0.181422646981883,0.856035844104883,0.992385279735888,-0.071800847212903,0.998086042062166
PAK2,ENSG00000180370.10,protein_coding,43.6038908441741,0.0419091766915851,0.231622416900971,0.180937481148481,0.856416648668486,0.992385279735888,0.0032084020568083,0.998086042062166
MFNG,ENSG00000100060.18,protein_coding,8.05369208865167,0.117272963508465,0.649935631151589,0.180437812434863,0.856808871423311,0.992385279735888,-0.0067936960226159,0.99845006684022
COPE,ENSG00000105669.14,protein_coding,16.5587280522532,-0.0764391686114448,0.423866587911373,-0.180337801542941,0.856887380784286,0.992385279735888,-0.0149558632827176,0.998086042062166
ADD2,ENSG00000075340.23,protein_coding,4.1710906754863,-0.117976693071593,0.655464721155933,-0.179989386558498,0.857160900426025,0.992385279735888,0.771687472375776,0.951021959589088
CHD1,ENSG00000153922.11,protein_coding,21.2152677276888,-0.0697027265340966,0.387482350113254,-0.179886197432538,0.857241911294253,0.992385279735888,-0.237686292520364,0.992587378328484
NR1D2,ENSG00000174738.13,protein_coding,7.03285592911851,-0.0979208338312765,0.544371654608039,-0.179878641737476,0.857247843116132,0.992385279735888,-0.220022098215332,0.998086042062166
FCHSD1,ENSG00000197948.11,protein_coding,5.16057878840164,-0.158590730756157,0.88297747263991,-0.179609033831866,0.857459512050327,0.992385279735888,0.147627132777479,0.998086042062166
NEIL3,ENSG00000109674.4,protein_coding,5.12233509472096,0.102988987246371,0.57366806910003,0.179527139113633,0.857523809553307,0.992385279735888,-0.0692901269336715,0.998086042062166
NAPA,ENSG00000105402.8,protein_coding,12.062632574627,-0.0935141244293729,0.521160828189171,-0.179434292393574,0.857596706878389,0.992385279735888,-0.282165890155625,0.995521320397187
LUC7L3,ENSG00000108848.16,protein_coding,16.379003455297,0.0613050481827837,0.341744345401385,0.179388624882088,0.857632562542461,0.992385279735888,-0.12561421159935,0.998086042062166
SH3BP5L,ENSG00000175137.11,protein_coding,8.64398886852921,0.111391001219047,0.621339930211803,0.179275459056809,0.857721415503433,0.992385279735888,-0.370539765113895,0.995521320397187
H2BC6,ENSG00000274290.3,protein_coding,6.74681757200361,-0.126569821175692,0.707968581801623,-0.17877886735256,0.858111339345251,0.992385279735888,-0.366392687606881,0.995521320397187
EVI2A,ENSG00000126860.12,protein_coding,4.34029386009858,-0.140176145637293,0.784155232378353,-0.178760709422466,0.858125597609898,0.992385279735888,0.0417998673482926,0.998086042062166
CBFA2T3,ENSG00000129993.15,protein_coding,13.2062405380622,-0.0917434181977566,0.513654879652513,-0.178609065798851,0.85824467548461,0.992385279735888,-0.443495657041419,0.992587378328484
PIAS4,ENSG00000105229.7,protein_coding,3.40489032179115,-0.1494313947881,0.836891139621217,-0.178555355306705,0.858286852322752,0.992385279735888,0.0247999763874222,0.998086042062166
SMARCC1,ENSG00000173473.11,protein_coding,37.9652256102737,0.0431614449327354,0.241855190706886,0.178459866032168,0.858361837472916,0.992385279735888,0.0972066179436847,0.998086042062166
CNST,ENSG00000162852.14,protein_coding,13.8559287367541,0.108654138825953,0.609639135129331,0.178226974885566,0.858544725962357,0.992385279735888,0.139071097488673,0.998086042062166
WAPL,ENSG00000062650.20,protein_coding,26.4879205372754,0.0577749007749375,0.324673274777307,0.177947817893435,0.858763956838443,0.992385279735888,-0.0384301551652311,0.998086042062166
SCRN1,ENSG00000136193.17,protein_coding,11.1542751688613,-0.0851990906111508,0.479009065131065,-0.177865299037376,0.858828763610233,0.992385279735888,-0.200000373874647,0.998086042062166
TNKS2,ENSG00000107854.6,protein_coding,11.3094899430997,0.0921564835209832,0.518863349799714,0.177612243294032,0.859027508671303,0.992385279735888,0.283794960812533,0.995521320397187
AP1G1,ENSG00000166747.13,protein_coding,12.0532131872987,0.074921157421768,0.422129824114903,0.177483686633273,0.859128477995881,0.992385279735888,0.151049152033058,0.998086042062166
ARL6IP5,ENSG00000144746.7,protein_coding,5.07057273581339,-0.110178164152823,0.62163143936354,-0.177240334346071,0.859319614936671,0.992385279735888,-0.190502561776044,0.998086042062166
CDK17,ENSG00000059758.8,protein_coding,11.0612052194126,0.0757010131342322,0.428942763782837,0.176482784012083,0.859914672770967,0.992385279735888,0.192005858693302,0.995521320397187
SEPTIN9,ENSG00000184640.20,protein_coding,157.979330799347,0.0270235640037668,0.153337987388524,0.176235285619702,0.860109100685863,0.992385279735888,-0.0486755969848083,0.998086042062166
STAT5A,ENSG00000126561.18,protein_coding,16.3471587550597,0.0648972987519323,0.368809980446044,0.17596405247343,0.86032218370842,0.992385279735888,0.0608238405771386,0.998086042062166
TC2N,ENSG00000165929.13,protein_coding,10.7776830897889,0.0753077852242031,0.428444079298439,0.175770395397963,0.860474328546356,0.992385279735888,-0.105494546062674,0.998086042062166
TALDO1,ENSG00000177156.11,protein_coding,63.5147693560793,0.0430830205341649,0.245128332744853,0.175757000636107,0.860484852205065,0.992385279735888,0.0524032128872781,0.998086042062166
POC1B,ENSG00000139323.14,protein_coding,6.62465560432079,-0.112738360662499,0.642488968775603,-0.175471278327697,0.860709337200752,0.992385279735888,-0.958547535784821,0.937780004132405
LAT2,ENSG00000086730.17,protein_coding,6.98462025608349,-0.104526922355087,0.597014595750347,-0.175082691611106,0.861014658292953,0.992385279735888,0.0260559002199015,0.998086042062166
RN7SL674P,ENSG00000239899.3,misc_RNA,5.28484885744296,0.109008632229733,0.622698421409407,0.175058468886117,0.861033691306661,0.992385279735888,0.261010488434598,0.998086042062166
STXBP5,ENSG00000164506.14,protein_coding,6.24501247747303,-0.12445342565867,0.713710428941362,-0.174375237648229,0.861570573667636,0.992385279735888,0.140019957680539,0.998086042062166
ARID4A,ENSG00000032219.19,protein_coding,12.8131977904373,0.0882771207981465,0.507806936765788,0.17383992696197,0.861991264925746,0.992385279735888,0.258673859197466,0.995521320397187
FBXW4,ENSG00000107829.15,protein_coding,13.0149026720045,0.0775559187440561,0.446695008186561,0.173621637409624,0.862162826091792,0.992385279735888,0.0189738189149969,0.998086042062166
ZC3H18,ENSG00000158545.16,protein_coding,20.6886925023667,-0.0732244545758955,0.422542305982391,-0.173294966064172,0.86241958033044,0.992385279735888,-0.0092342914017855,0.998086042062166
PPID,ENSG00000171497.5,protein_coding,4.14035498990124,-0.11430399189247,0.66127171921321,-0.172854801697055,0.862765559787486,0.992385279735888,0.782652891223818,0.9348146750332
PEA15,ENSG00000162734.13,protein_coding,26.2517570584552,-0.0564806728756053,0.327616945267873,-0.172398508964255,0.863124244304454,0.992385279735888,-0.0631965616651534,0.998086042062166
EIF3M,ENSG00000149100.13,protein_coding,21.4032915841456,0.067047319358301,0.389045917045283,0.172337804924186,0.863171964920669,0.992385279735888,0.0730315502251756,0.998086042062166
EMG1,ENSG00000126749.16,protein_coding,9.12050350036333,-0.0851535506141867,0.49588033197559,-0.171721976298061,0.863656107868987,0.992385279735888,-0.0886413570339944,0.998086042062166
KMT2A,ENSG00000118058.23,protein_coding,21.8600714693855,0.0608731835330714,0.355705537836347,0.171133640210791,0.864118684970131,0.992385279735888,-0.069656233170575,0.998086042062166
ELOVL5,ENSG00000012660.14,protein_coding,8.43877738325351,-0.0851499929000469,0.497594646213912,-0.171123209519906,0.864126886483426,0.992385279735888,-0.052078714188767,0.998086042062166
OTUD6B-AS1,ENSG00000253738.2,lncRNA,3.97136381251987,-0.130543535763254,0.76353073040953,-0.170973518895873,0.86424458783916,0.992385279735888,0.265254704344534,0.998086042062166
MAP7D1,ENSG00000116871.16,protein_coding,44.3025636540429,-0.0876688034813623,0.513033966075843,-0.170883039483592,0.864315733031033,0.992385279735888,-0.145269710703385,0.998086042062166
NAP1L4,ENSG00000205531.13,protein_coding,36.6868361360103,-0.0491487446263589,0.28794723637469,-0.170686634277692,0.864470172899193,0.992385279735888,0.0229024240660684,0.998086042062166
PTPN23,ENSG00000076201.16,protein_coding,9.47473931634301,0.0907950563475926,0.532170825215065,0.170612615433963,0.864528377692215,0.992385279735888,-0.193027977633659,0.998086042062166
SNU13,ENSG00000100138.15,protein_coding,12.295507841631,-0.0720377541620569,0.423918783586714,-0.169932913924116,0.865062895992043,0.992385279735888,-0.52705628802341,0.953507896005218
CPSF7,ENSG00000149532.16,protein_coding,7.90471373348652,0.0911119891468437,0.536517459006835,0.169821107621556,0.865150826558025,0.992385279735888,0.118502276632602,0.998086042062166
BUD31,ENSG00000106245.11,protein_coding,9.44878000847816,0.0995607886398897,0.586573577335902,0.169732822081885,0.865220260294705,0.992385279735888,0.511849042246119,0.983262496850266
POU2F2,ENSG00000028277.21,protein_coding,26.7869667235455,0.0612832567849526,0.361114302419122,0.169705980556331,0.865241370497303,0.992385279735888,0.326799636682884,0.983262496850266
KLHL5,ENSG00000109790.18,protein_coding,14.2866578706093,-0.0768888690829409,0.453375533688613,-0.169592012293609,0.865331004816042,0.992385279735888,-0.0588941129776172,0.998086042062166
NOL4L,ENSG00000197183.14,protein_coding,13.0919354183707,-0.0864101185975783,0.509663975618678,-0.169543312321978,0.865369307137192,0.992385279735888,-0.576254715287142,0.982590661581633
DOK3,ENSG00000146094.16,protein_coding,11.1303440187731,-0.0773481755084829,0.457491243735116,-0.169070286191678,0.865741356623409,0.992385279735888,0.0378226783240516,0.998086042062166
LPIN2,ENSG00000101577.10,protein_coding,19.9927028789337,-0.059998921716533,0.355566815055868,-0.168741623728597,0.865999877204515,0.992385279735888,-0.0819800225859749,0.998086042062166
SACM1L,ENSG00000211456.13,protein_coding,6.98482902971962,-0.0949547950173182,0.564002927126298,-0.168358691861992,0.866301103303728,0.992385279735888,-0.0264173115135238,0.998086042062166
LBR,ENSG00000143815.15,protein_coding,4.32636425840932,0.146837535300167,0.872543260656341,0.168286825331404,0.86635763791438,0.992385279735888,0.267960396719267,0.998086042062166
MRFAP1L1,ENSG00000178988.11,protein_coding,17.0844540767869,-0.0740698755992942,0.441308571748288,-0.167841461374428,0.866708003692781,0.992385279735888,-0.248715648614927,0.995521320397187
CCDC59,ENSG00000133773.12,protein_coding,7.29155659212159,0.0832409268743421,0.496486690322908,0.167659936302025,0.866850816150019,0.992385279735888,0.0771207521990805,0.998086042062166
CD53,ENSG00000143119.14,protein_coding,10.7339484128779,0.0752760371808161,0.449386087018249,0.167508606419671,0.866969876261934,0.992385279735888,-0.29398349800205,0.992587378328484
INCENP,ENSG00000149503.13,protein_coding,5.78454298602268,-0.132177989574142,0.79030088008954,-0.167250211791699,0.867173177476214,0.992385279735888,0.341074632003057,0.995521320397187
RSAD2,ENSG00000134321.13,protein_coding,3.1233884146314,0.140311474572561,0.841022229684143,0.166834442206428,0.867500317503128,0.992385279735888,1.10015343343175,0.922405531070794
ARF4,ENSG00000168374.11,protein_coding,8.62902801269334,0.0869320583193846,0.521407085692712,0.166725885981951,0.867585736546993,0.992385279735888,0.0276891004669634,0.998086042062166
TOPORS,ENSG00000197579.8,protein_coding,6.03466390628598,-0.106330042939849,0.639413839507049,-0.166292995819144,0.867926377831861,0.992385279735888,-0.531818651370468,0.992587378328484
TLE3,ENSG00000140332.17,protein_coding,24.4880600058689,-0.0732165958003216,0.440872469507932,-0.166072052269538,0.868100247775081,0.992385279735888,-0.0676629453657608,0.998086042062166
ADIPOR2,ENSG00000006831.10,protein_coding,3.94295770046016,-0.127668917747846,0.76982540093808,-0.165841394155445,0.86828176933187,0.992385279735888,0.0117093202189107,0.998086042062166
LILRA2,ENSG00000239998.6,protein_coding,3.24538141432505,-0.139293844510433,0.840039613696441,-0.165818185522819,0.868300034268544,0.992385279735888,-0.322068066853324,0.998086042062166
ITPKB,ENSG00000143772.10,protein_coding,19.4520273868046,0.0611057526553284,0.368740661194018,0.165714712495937,0.868381467249143,0.992385279735888,0.228368523105296,0.992587378328484
CLU,ENSG00000120885.22,protein_coding,10.8200007448204,-0.101647805402448,0.613676963455402,-0.165637316463868,0.86844237862118,0.992385279735888,0.103127322839348,0.998086042062166
PPM1F,ENSG00000100034.14,protein_coding,15.1387070744861,-0.0742331382714281,0.448819043945531,-0.165396587495153,0.8686318394706,0.992385279735888,-0.190964111574352,0.998086042062166
DR1,ENSG00000117505.13,protein_coding,10.8497501723238,0.0920208643684075,0.556716886351562,0.16529203015821,0.868714131551154,0.992385279735888,-0.118943485127563,0.998086042062166
GART,ENSG00000159131.17,protein_coding,5.24761316397454,0.0981466749465183,0.594028255108382,0.165222233290252,0.868769066120263,0.992385279735888,-0.0456299773721239,0.998086042062166
PPP4R3A,ENSG00000100796.18,protein_coding,21.6574938251092,-0.0653458956315821,0.395557936717199,-0.165199303479785,0.868787113476036,0.992385279735888,-0.0039438837061124,0.998587857984255
PTRHD1,ENSG00000184924.6,protein_coding,4.73565407927048,-0.112660838016255,0.682310076919614,-0.16511677289727,0.868852071350854,0.992385279735888,-0.470864864020616,0.992587378328484
ZNF143,ENSG00000166478.10,protein_coding,6.67569734114947,0.0900744137801637,0.546470768694752,0.164829335694033,0.869078313301013,0.992385279735888,0.0829135592832156,0.998086042062166
FAF1,ENSG00000185104.20,protein_coding,7.24488614127724,0.0932966906793133,0.566365905261877,0.164728649469418,0.869157566009039,0.992385279735888,-0.0242573588064592,0.998086042062166
DCAF6,ENSG00000143164.15,protein_coding,12.5589484238768,0.0682888944403851,0.414787832587598,0.164635722350808,0.869230712492322,0.992385279735888,0.236220943457485,0.992750590435377
FBXW11,ENSG00000072803.18,protein_coding,8.88655614843275,-0.083860275445461,0.510190315297902,-0.164370574922605,0.869439426306966,0.992385279735888,-0.261154713619358,0.995521320397187
PSMB8,ENSG00000204264.12,protein_coding,18.73178192581,-0.0647099734949966,0.394129392423934,-0.164184592011836,0.869585830299951,0.992385279735888,0.234115275217972,0.992587378328484
PAF1,ENSG00000006712.15,protein_coding,8.29443023411932,-0.0841722409725343,0.514030140747609,-0.163749621471834,0.869928252451904,0.992385279735888,0.471890682781191,0.979511700603372
DDX27,ENSG00000124228.15,protein_coding,17.5086714574082,-0.0647708812776914,0.395689371662835,-0.163691233366971,0.869974219217267,0.992385279735888,-0.224077395834433,0.995521320397187
RBM19,ENSG00000122965.11,protein_coding,4.19753647365275,0.115290028523445,0.705542919183353,0.16340611660718,0.870198687257967,0.992385279735888,0.439323205131388,0.995521320397187
MIS18BP1,ENSG00000129534.14,protein_coding,9.20666872402593,0.0818033519036698,0.501398150547292,0.163150485924966,0.870399950255481,0.992385279735888,-0.0074983560683582,0.998086042062166
CHCHD3,ENSG00000106554.13,protein_coding,7.51311853931886,-0.109864648205381,0.673729534806738,-0.163069366161743,0.870463819174587,0.992385279735888,0.0628774134213321,0.998086042062166
ACTR2,ENSG00000138071.14,protein_coding,69.8498733165776,0.0376168280747076,0.230723567094534,0.163038516387426,0.870488108689891,0.992385279735888,0.0046992124537516,0.998086042062166
NPRL3,ENSG00000103148.17,protein_coding,16.9159271055899,0.0562080332158451,0.344820812865815,0.163006498211922,0.870513318273002,0.992385279735888,-0.193188869220721,0.995521320397187
FABP4,ENSG00000170323.9,protein_coding,5.83379957812844,-0.10783485583429,0.663613505030041,-0.162496475760253,0.870914903330869,0.992385279735888,-0.126467313108724,0.998086042062166
ALDH2,ENSG00000111275.13,protein_coding,5.81327625908692,-0.103017547960188,0.635035071494338,-0.162223399280565,0.871129933893759,0.992385279735888,-0.122733794742816,0.998086042062166
PIK3CA,ENSG00000121879.6,protein_coding,7.71486348997665,0.0910029012469958,0.561633227525428,0.162032616282261,0.871280169166169,0.992385279735888,-0.0737230214917667,0.998086042062166
ANP32E,ENSG00000143401.15,protein_coding,24.3436975955043,-0.060978366579025,0.376738702109004,-0.161858514237228,0.871417272795188,0.992385279735888,-0.112392361709129,0.998086042062166
CUL9,ENSG00000112659.14,protein_coding,4.88477890453797,-0.109031441787904,0.674925772530343,-0.161545826556805,0.871663520931978,0.992385279735888,0.137611208568353,0.998086042062166
ANKRD36BP2,ENSG00000230006.7,transcribed_unprocessed_pseudogene,15.8508674830275,-0.0769878658116621,0.477152071510385,-0.161348698682086,0.8718187696813,0.992385279735888,-0.158252487502724,0.998086042062166
VRK1,ENSG00000100749.9,protein_coding,7.92929652598933,0.0799996937301617,0.497380799688249,0.160841941989527,0.872217890341578,0.992385279735888,0.0688811264749129,0.998086042062166
HDAC5,ENSG00000108840.16,protein_coding,11.3129967694078,0.0861368331232907,0.536934680862917,0.160423299506112,0.872547636952876,0.992385279735888,0.049045356684731,0.998086042062166
PPP1R18,ENSG00000146112.12,protein_coding,60.8405818868504,-0.0408696413492375,0.255131549422579,-0.160190464259457,0.872731040812514,0.992385279735888,-0.0684919507943831,0.998086042062166
FOXN3,ENSG00000053254.16,protein_coding,45.2776164062362,0.0435851358489481,0.272629047731882,0.159869743197035,0.872983683353218,0.992385279735888,-0.109813616119655,0.998086042062166
ATG14,ENSG00000126775.9,protein_coding,4.767252343739,0.136274152181941,0.852632952819421,0.159827451814195,0.873016998635201,0.992385279735888,0.0255805685394044,0.998086042062166
PDE7A,ENSG00000205268.11,protein_coding,6.87101662301316,-0.0857022819140213,0.537089835202068,-0.159567871698368,0.873221489306946,0.992385279735888,0.071927123397288,0.998086042062166
LASP1,ENSG00000002834.18,protein_coding,48.2542700772968,-0.0370142884648867,0.232071931872016,-0.15949489525213,0.873278979837648,0.992385279735888,-0.0991937227821324,0.998086042062166
FNDC3B,ENSG00000075420.13,protein_coding,24.7884771504339,0.0526058234198848,0.329998928301565,0.159412103822991,0.873344203379887,0.992385279735888,-0.0489089645026751,0.998086042062166
SNHG8,ENSG00000269893.8,lncRNA,7.04734179531533,-0.0944746207214861,0.593428374355067,-0.159201387739776,0.87351021054921,0.992385279735888,0.165093131547785,0.998086042062166
RP11-147L13.11,ENSG00000278730.1,lncRNA,4.96704457951186,0.090299367681072,0.567458443855976,0.159129481037365,0.873566861643745,0.992385279735888,-0.0881363122207096,0.998086042062166
IKBKB,ENSG00000104365.16,protein_coding,8.72402558504671,-0.0938291515778517,0.590674451838379,-0.158850871721002,0.873786367784191,0.992385279735888,-0.189252446631843,0.998086042062166
DIAPH1,ENSG00000131504.17,protein_coding,74.7880299969465,0.0357176174113044,0.224893199085748,0.158820353645669,0.873810412455705,0.992385279735888,-0.079081451325179,0.998086042062166
VPS72,ENSG00000163159.14,protein_coding,6.00819161866309,0.0814874340477336,0.513731696227105,0.158618661542952,0.873969325155771,0.992385279735888,-0.141907571096637,0.998086042062166
KIAA1143,ENSG00000163807.6,protein_coding,6.17776405274039,-0.0917692076557891,0.580836209301818,-0.157994984104208,0.874460751179047,0.99273180059304,-0.146917233937682,0.998086042062166
CD164,ENSG00000135535.17,protein_coding,5.68784717321069,0.0901858753598017,0.572018407986312,0.157662540401951,0.874722719664765,0.992817737609284,0.152390215706165,0.998086042062166
LRCH3,ENSG00000186001.14,protein_coding,17.6212555717049,0.0683805125598025,0.437099980773248,0.156441353392042,0.875685143136764,0.993210034108501,0.138298507979064,0.998086042062166
RAB5A,ENSG00000144566.11,protein_coding,11.6405854693411,-0.0700746125018274,0.448347316563224,-0.156295376180635,0.875800200824723,0.993210034108501,0.102181882176775,0.998086042062166
IMPA2,ENSG00000141401.12,protein_coding,4.31048613205739,0.109682614366766,0.704501204436058,0.15568832767939,0.876278698137292,0.993210034108501,-0.0978007474094956,0.998086042062166
EID1,ENSG00000255302.5,protein_coding,18.8221232361053,0.0560867578504425,0.360369970607964,0.155636602450035,0.87631947190407,0.993210034108501,-0.0425268859794031,0.998086042062166
CHORDC1,ENSG00000110172.12,protein_coding,4.95167469297012,0.0981256381161432,0.631266481958941,0.155442496822642,0.876472483674915,0.993210034108501,0.378502475482881,0.992587378328484
OLA1,ENSG00000138430.16,protein_coding,7.40245534968355,-0.0908464940007596,0.587390442037799,-0.154661171682657,0.877088442095672,0.993210034108501,-0.0306043157296062,0.998086042062166
TASOR2,ENSG00000108021.20,protein_coding,8.31824039465634,0.0830027408894749,0.536768700715176,0.154634092447798,0.877109791373102,0.993210034108501,0.110636653057509,0.998086042062166
NUP54,ENSG00000138750.15,protein_coding,6.11768509852527,0.0908700502443654,0.588147998457495,0.154502013919431,0.877213923408253,0.993210034108501,0.024205075065534,0.998086042062166
TTC33,ENSG00000113638.14,protein_coding,1.90837082460668,-0.151351156961871,0.984719892462263,-0.153699704982522,0.87784651740786,0.993210034108501,0.101877464041667,0.998086042062166
GTF2A1,ENSG00000165417.12,protein_coding,8.89545866118467,0.0847829842560894,0.55247810306233,0.153459447145771,0.878035967944179,0.993210034108501,0.413071420583374,0.992587378328484
ZNF101,ENSG00000181896.12,protein_coding,4.41086505392866,0.102872371599915,0.671743232912391,0.153142401083676,0.87828597899651,0.993210034108501,-0.0103925465325501,0.998086042062166
ARHGAP1,ENSG00000175220.12,protein_coding,17.5134790452776,-0.058366257586876,0.381410429443978,-0.153027429459553,0.878376644459559,0.993210034108501,-0.267436616652192,0.995521320397187
ANAPC15,ENSG00000110200.8,protein_coding,5.77174531000911,0.0975401531111422,0.637836621209636,0.15292341309309,0.878458672091365,0.993210034108501,-0.191818972846205,0.998086042062166
PTMA,ENSG00000187514.17,protein_coding,444.290644462118,0.020627285367245,0.135000715044886,0.152793897131483,0.878560810607326,0.993210034108501,-0.0237209395838534,0.998086042062166
MBD6,ENSG00000166987.15,protein_coding,9.00248316585217,0.0779071208411614,0.509909400443317,0.152786202359534,0.878566878900519,0.993210034108501,0.235071273531404,0.997878976321691
YLPM1,ENSG00000119596.18,protein_coding,38.9559010753686,0.0378145901759803,0.247628638211187,0.152706853492974,0.878629455854248,0.993210034108501,-0.100321662099596,0.998086042062166
UQCRQ,ENSG00000164405.11,protein_coding,9.77078124805988,0.065984430000635,0.432641152027781,0.152515380682969,0.878780460315873,0.993210034108501,0.159719212090435,0.998086042062166
VRK2,ENSG00000028116.18,protein_coding,6.44535453165866,-0.112160121744111,0.735444374006639,-0.152506601054098,0.878787384449825,0.993210034108501,0.357985514579633,0.995521320397187
HSF1,ENSG00000185122.11,protein_coding,11.8492218067479,0.0662538484685027,0.436060501949112,0.151937284327198,0.879236401019824,0.993210034108501,-0.0413176085364844,0.998086042062166
NBN,ENSG00000104320.14,protein_coding,7.8737299330245,-0.0909884618693342,0.599423240799105,-0.151793350134432,0.879349927181495,0.993210034108501,0.286515088754028,0.995521320397187
JUNB,ENSG00000171223.6,protein_coding,19.6634845409945,-0.104649286719222,0.690151170127504,-0.151632412214687,0.879476867741586,0.993210034108501,-0.0539957321121144,0.998086042062166
LEF1,ENSG00000138795.10,protein_coding,22.0924296267751,-0.0582096960927917,0.384068507411192,-0.151560711095928,0.879533423342386,0.993210034108501,-0.0526872611073921,0.998086042062166
NUP62,ENSG00000213024.12,protein_coding,8.91367407476456,0.0730199176070709,0.48310061370685,0.151148467907723,0.879858599797044,0.993210034108501,-0.153567534238973,0.998086042062166
TCF4,ENSG00000196628.20,protein_coding,14.0548151676395,-0.0617371518394652,0.409628837475581,-0.150714857430284,0.880200652582972,0.993210034108501,-0.228598446919959,0.995521320397187
CHMP1A,ENSG00000131165.16,protein_coding,5.11986815408667,-0.110291788265472,0.733240489327626,-0.150416936695093,0.880435679738027,0.993210034108501,-0.250455007733546,0.998086042062166
EFCAB13,ENSG00000178852.16,protein_coding,8.69813773620831,-0.0916331174352291,0.609216752172652,-0.150411355414042,0.880440082864139,0.993210034108501,-0.0579671689483676,0.998086042062166
HSPA1A,ENSG00000204389.10,protein_coding,8.90136179649067,-0.0873222815697985,0.580779509293168,-0.150353585435673,0.880485658370859,0.993210034108501,-0.10064515356472,0.998086042062166
PIGN,ENSG00000197563.11,protein_coding,2.049728728259,-0.162326622515053,1.0810252165073,-0.150159885298065,0.880638473881864,0.993210034108501,0.257528877979539,0.998086042062166
TOB2,ENSG00000183864.5,protein_coding,9.45542134811225,0.0759611379904113,0.505887546571529,0.150154196333178,0.880642962134206,0.993210034108501,0.12423052864612,0.998086042062166
PLEKHJ1,ENSG00000104886.12,protein_coding,2.68205297063244,-0.164265782515119,1.09730139580964,-0.149699784528129,0.881001478186104,0.993210034108501,0.0536712919905224,0.998086042062166
TBC1D2B,ENSG00000167202.12,protein_coding,7.20349361002594,-0.0844356942023767,0.566778197490395,-0.148974845144441,0.881573482110277,0.993210034108501,-0.295936755754543,0.995521320397187
GRK2,ENSG00000173020.11,protein_coding,72.2453979345738,-0.0383654626715437,0.25763840659011,-0.148912047622547,0.881623034584059,0.993210034108501,-0.1106194040286,0.998086042062166
ASXL1,ENSG00000171456.20,protein_coding,11.5425479267159,0.0575204978148412,0.386995744307766,0.148633411764593,0.881842907064154,0.993210034108501,-0.250605767149161,0.992587378328484
ZNF91,ENSG00000167232.14,protein_coding,24.4053061593118,0.0583668054675967,0.392797405948887,0.148592644919839,0.881875077080638,0.993210034108501,0.103328127192993,0.998086042062166
EGF,ENSG00000138798.13,protein_coding,1.76911069182164,0.171060334958555,1.15337977647846,0.14831223717208,0.882096358297345,0.993210034108501,0.865591841966052,0.992587378328484
ATP6V0D1,ENSG00000159720.12,protein_coding,7.81805823947867,-0.0769667706527226,0.519532799310696,-0.14814612427712,0.882227449115131,0.993210034108501,-0.04797439943166,0.998086042062166
ICAM2,ENSG00000108622.11,protein_coding,1.8526712985598,0.148328092530499,1.00293699601273,0.147893729237421,0.882426637129266,0.993210034108501,0.10284099355597,0.998086042062166
APP,ENSG00000142192.21,protein_coding,10.4867533505676,0.0688639301379363,0.467192248785799,0.147399556214618,0.882816655786211,0.993210034108501,-0.130946333850804,0.998086042062166
EIF2B4,ENSG00000115211.16,protein_coding,2.75909309819188,0.131209129000184,0.892306380590989,0.147044929694756,0.88309655697026,0.993210034108501,0.942868450861603,0.953507896005218
GADD45GIP1,ENSG00000179271.3,protein_coding,10.7552414180566,0.0724537086705196,0.494171372082475,0.146616564138862,0.883434678686999,0.993210034108501,-0.136887759505984,0.998086042062166
BCL7A,ENSG00000110987.9,protein_coding,2.52775955373596,0.155069583440991,1.05768622161194,0.146612086148442,0.883438213410737,0.993210034108501,0.675542350243098,0.992587378328484
USP14,ENSG00000101557.15,protein_coding,8.32863270815832,-0.0780731546642365,0.532625346686845,-0.146581748596616,0.883462160567436,0.993210034108501,-0.0725717312583647,0.998086042062166
TWF2,ENSG00000247596.10,protein_coding,7.79688954184242,0.0876476371130086,0.598070804206325,0.146550603200439,0.883486745512452,0.993210034108501,0.351245299629791,0.992587378328484
PURB,ENSG00000146676.10,protein_coding,5.43968468280988,0.0821239669364055,0.56050687842063,0.146517322263396,0.883513016293061,0.993210034108501,0.0627002138208708,0.998086042062166
SNX13,ENSG00000071189.21,protein_coding,5.14248644708764,-0.102323667567308,0.698976971099186,-0.146390613422353,0.883613036889442,0.993210034108501,-0.259227189773478,0.998086042062166
PKIG,ENSG00000168734.14,protein_coding,7.64738748228291,0.0840086696990749,0.574410765040287,0.146251906844369,0.883722530308023,0.993210034108501,0.33053989657077,0.995521320397187
CUTA,ENSG00000112514.18,protein_coding,5.38084553453982,-0.0969325683245818,0.664089488512506,-0.145963111901833,0.883950508924387,0.993210034108501,0.117885644198405,0.998086042062166
ABHD18,ENSG00000164074.16,protein_coding,3.74188810700514,0.106450157834897,0.729689605264885,0.145884163714041,0.884012833360362,0.993210034108501,-0.221608846903193,0.998086042062166
RNF167,ENSG00000108523.16,protein_coding,6.78281877367762,0.0787501356164198,0.542588981408757,0.145137734666038,0.884602125747169,0.993306678323164,0.0526812840803208,0.998086042062166
RAB11FIP4,ENSG00000131242.18,protein_coding,10.2322100243186,0.0706151973722122,0.487493562589275,0.144853599701187,0.884826462015914,0.993306678323164,0.234522959633371,0.995521320397187
AFF4,ENSG00000072364.13,protein_coding,16.9894335198904,-0.0584443423788378,0.403938765497638,-0.144686143967481,0.884958679546909,0.993306678323164,-0.0001584476548589,0.999783001268531
ARFGEF2,ENSG00000124198.10,protein_coding,11.5012701638317,0.0683818895854517,0.472787413579681,0.144635596509861,0.884998590783912,0.993306678323164,0.0260518987686497,0.998086042062166
SUB1,ENSG00000113387.12,protein_coding,19.5571540403701,-0.0530798543554844,0.367239877013216,-0.144537283878826,0.885076217258881,0.993306678323164,-0.112647037503702,0.998086042062166
DDX41,ENSG00000183258.12,protein_coding,8.10075018229997,0.0830230018127259,0.57625311839491,0.144073843876068,0.885442158773111,0.993306678323164,0.417026991189732,0.992587378328484
CAMLG,ENSG00000164615.6,protein_coding,4.63034191304597,-0.123572182356846,0.858212720803386,-0.143987824185557,0.885510084335577,0.993306678323164,0.115578171929367,0.998086042062166
RAB3GAP2,ENSG00000118873.16,protein_coding,6.43786376544173,0.0977027695352761,0.681005460077532,0.143468408497272,0.885920259481654,0.993306678323164,0.0860118331924184,0.998086042062166
CAMTA1,ENSG00000171735.19,protein_coding,5.74108453486237,-0.101691184601941,0.709616146105434,-0.143304496607144,0.886049704709025,0.993306678323164,0.178506490312633,0.998086042062166
SAMD1,ENSG00000141858.12,protein_coding,5.94825994854508,0.087120130758012,0.608263358498861,0.143227648913485,0.886110394258832,0.993306678323164,0.0647486695942346,0.998086042062166
ATP6V1D,ENSG00000100554.12,protein_coding,4.69454476586145,-0.095517592113695,0.667120205205095,-0.143178982390932,0.886148828410252,0.993306678323164,0.208112306465958,0.998086042062166
AHSA1,ENSG00000100591.8,protein_coding,15.0433018749349,-0.0529030258951611,0.371109725986155,-0.142553595852497,0.886642748213878,0.993651355756933,-0.265407289065047,0.992587378328484
ETS1,ENSG00000134954.14,protein_coding,102.406454845868,0.0302061870798063,0.212752008577934,0.141978387333257,0.887097077141041,0.993951528518341,0.087459784824721,0.998086042062166
DGKD,ENSG00000077044.11,protein_coding,17.4928411904757,-0.0560727623149727,0.396215252465369,-0.141520958534714,0.887458404151673,0.993964865074254,0.0487947582234054,0.998086042062166
CLIP1,ENSG00000130779.22,protein_coding,13.380711543137,-0.0631063659106214,0.447079770961054,-0.141152362530218,0.887749578383123,0.993964865074254,-0.0273196379669575,0.998086042062166
EPHB4,ENSG00000196411.10,protein_coding,2.51693886627158,-0.139542106539467,0.988609023558913,-0.141149942205794,0.887751490380444,0.993964865074254,0.214388767541382,0.998086042062166
TP53I11,ENSG00000175274.19,protein_coding,6.33131706407815,-0.099150199335194,0.703124545507469,-0.141013707982039,0.887859113150591,0.993964865074254,0.0072928189348534,0.998086042062166
METTL8,ENSG00000123600.21,protein_coding,2.27805686230615,0.13626994749932,0.969621672649938,0.140539296246235,0.888233906652217,0.993964865074254,0.555988762047213,0.992587378328484
YTHDF1,ENSG00000149658.18,protein_coding,8.22876976038269,-0.101913438175745,0.730980967883853,-0.139420097996228,0.889118191554286,0.993964865074254,-0.627717223390838,0.992587378328484
OAS2,ENSG00000111335.14,protein_coding,14.312524048907,0.0640412918307143,0.460537328697574,0.139057765440701,0.889404502188131,0.993964865074254,-0.41518819168327,0.992587378328484
DHTKD1,ENSG00000181192.12,protein_coding,4.47231772117494,0.0985181569855988,0.708858908279313,0.138981334416382,0.889464898867174,0.993964865074254,-0.170466502014063,0.998086042062166
LNPEP,ENSG00000113441.16,protein_coding,5.8501370330838,-0.0768873178891059,0.55459495408514,-0.138636886835617,0.889737093283385,0.993964865074254,-0.299881913665243,0.995521320397187
PHACTR1,ENSG00000112137.18,protein_coding,3.92408640190531,0.105351605505277,0.761721320275024,0.138307282074288,0.889997570560009,0.993964865074254,0.596310424762478,0.98792671331435
TACC3,ENSG00000013810.21,protein_coding,14.1990033506762,-0.0566814579579916,0.411072316013756,-0.137886828545503,0.890329860267358,0.993964865074254,-0.211100425366282,0.995521320397187
DENND10,ENSG00000119979.18,protein_coding,5.10733912864468,0.0877652745398451,0.637293301041786,0.137715670942053,0.890465133792876,0.993964865074254,-0.385859858352522,0.995521320397187
SNRK,ENSG00000163788.14,protein_coding,21.6416036737624,0.0430805528829804,0.313552670555586,0.137394948053371,0.890718624049459,0.993964865074254,-0.126393304348361,0.998086042062166
U2AF2,ENSG00000063244.13,protein_coding,17.5058173522855,-0.0526419618951221,0.385712129306609,-0.13647992348531,0.891441894773663,0.993964865074254,-0.0223764728868857,0.998086042062166
PRKD3,ENSG00000115825.11,protein_coding,11.7499317001758,0.055204023462497,0.405626459563337,0.136095716048517,0.891745614117259,0.993964865074254,-0.194374964664546,0.995521320397187
PDE4D,ENSG00000113448.19,protein_coding,5.62022373613995,0.0955242056270178,0.702449007701417,0.135987387809965,0.891831251410652,0.993964865074254,-0.0277800793925848,0.998086042062166
RP3-340B19.2,ENSG00000219023.1,processed_pseudogene,5.50946926620648,-0.0814565465743094,0.599133925104277,-0.135957159428307,0.891855148237704,0.993964865074254,0.0390196716196049,0.998086042062166
H2AC13,ENSG00000196747.4,protein_coding,6.71784685382035,-0.0790091900720959,0.581237838083896,-0.135932633588613,0.891874537033889,0.993964865074254,0.0768273168265993,0.998086042062166
MAP3K4,ENSG00000085511.20,protein_coding,4.07421127253732,-0.11136317540822,0.819513156916141,-0.135889429557524,0.891908691950482,0.993964865074254,0.482077603140237,0.992587378328484
RHOH,ENSG00000168421.13,protein_coding,4.14765434261476,0.104875837121051,0.772973370195159,0.135678460817573,0.892075476019564,0.993964865074254,0.829441328503382,0.95182832588077
LTN1,ENSG00000198862.14,protein_coding,3.64264296844374,0.1133546526451,0.838145601911445,0.135244583264039,0.892418498534854,0.993964865074254,0.414387396390354,0.995521320397187
CDK2AP1,ENSG00000111328.7,protein_coding,7.62679904472406,-0.0789369620111059,0.585723948095839,-0.134768199708628,0.892795149370779,0.993964865074254,-0.313710877849522,0.995521320397187
UPF3A,ENSG00000169062.15,protein_coding,11.6648376777392,0.0635140061925241,0.47343215134527,0.134156512209928,0.893278813200414,0.993964865074254,0.277899768112009,0.992587378328484
SEC63,ENSG00000025796.14,protein_coding,6.7323559174492,0.0720827265672208,0.53868029253131,0.133813557998376,0.893550005887847,0.993964865074254,0.180847604949034,0.998086042062166
UTRN,ENSG00000152818.18,protein_coding,95.7947482085549,-0.0284386789805285,0.212801349478056,-0.133639561263502,0.893687599401287,0.993964865074254,-0.0651709568279484,0.998086042062166
GLOD4,ENSG00000167699.13,protein_coding,6.52545498094961,-0.0898169576927693,0.673523786968489,-0.133353801945189,0.893913579711873,0.993964865074254,-0.136461947463499,0.998086042062166
RHOG,ENSG00000177105.10,protein_coding,18.1128584677263,0.0488086496474008,0.366652526583589,0.133119632645634,0.894098768723841,0.993964865074254,-0.18071529149956,0.995521320397187
NSA2,ENSG00000164346.10,protein_coding,32.559960018518,0.0522996583583108,0.393160500168074,0.133023684566362,0.89417464938195,0.993964865074254,0.113883028902117,0.998086042062166
SHLD2,ENSG00000122376.12,protein_coding,6.21538042273866,-0.0966970631461023,0.727814644192673,-0.132859463487937,0.894304526073582,0.993964865074254,-0.30062016307372,0.998086042062166
CCAR1,ENSG00000060339.14,protein_coding,20.0040684432606,-0.0476305372101273,0.358617548987207,-0.132817084229825,0.8943380428027,0.993964865074254,0.256996422299629,0.992587378328484
EP300,ENSG00000100393.14,protein_coding,48.9660462561084,-0.0401930696914854,0.305311968748296,-0.13164590257063,0.895264376459739,0.993964865074254,0.1084111679615,0.998086042062166
NDUFAB1,ENSG00000004779.10,protein_coding,6.76435222792092,-0.0791384264553078,0.601658361828465,-0.131533826297706,0.895353029501893,0.993964865074254,-0.0496363000225466,0.998086042062166
ZHX1,ENSG00000165156.15,protein_coding,7.56424067532926,-0.0772128968422846,0.587786690635664,-0.13136210477781,0.895488864847292,0.993964865074254,-0.136269468898346,0.998086042062166
ZBTB20,ENSG00000181722.17,protein_coding,10.5011960958009,-0.0574261100606771,0.439481266439186,-0.130667936146542,0.896037998069435,0.993964865074254,0.0405910533531847,0.998086042062166
HMGN2P5,ENSG00000234664.1,processed_pseudogene,8.35614323046381,-0.0696471794118494,0.534336322244555,-0.130343337168783,0.89629479440145,0.993964865074254,-0.445746120997055,0.992587378328484
TUBGCP3,ENSG00000126216.15,protein_coding,5.71715059500263,0.0765643776984589,0.589074028506224,0.12997411869033,0.896586903262878,0.993964865074254,0.155384221066567,0.998086042062166
RBMS1,ENSG00000153250.20,protein_coding,10.8034271916877,0.0668213077867938,0.514122234691644,0.129971635688683,0.896588867748307,0.993964865074254,0.0019449162773652,0.998795186857285
MAP2K4,ENSG00000065559.15,protein_coding,7.65800553151015,-0.0690457503280683,0.531247418316279,-0.129969102808819,0.896590871696719,0.993964865074254,-0.300291688972084,0.995521320397187
RALY,ENSG00000125970.12,protein_coding,39.3650807191238,0.0319147205926296,0.245559768768298,0.12996722041526,0.896592360997779,0.993964865074254,-0.110283654248331,0.998086042062166
WAC,ENSG00000095787.24,protein_coding,36.9743206869816,-0.0368703990446142,0.285109220129438,-0.129320261996,0.897104239300015,0.993964865074254,-0.0039077457077158,0.998086042062166
DDX60L,ENSG00000181381.15,protein_coding,10.687310219774,-0.0802015692572458,0.620230219713075,-0.129309354346436,0.89711286988101,0.993964865074254,-0.107686945333424,0.998086042062166
RP11-466H18.1,ENSG00000244398.1,processed_pseudogene,25.8411486963709,-0.0438423691418282,0.339465455846807,-0.129151194581676,0.897238013759828,0.993964865074254,-0.186026178765996,0.995521320397187
MCCC2,ENSG00000131844.17,protein_coding,5.39498768115622,-0.0838396903990463,0.649352105547772,-0.129112833673377,0.897268367205334,0.993964865074254,-0.31580343327983,0.995521320397187
INTS3,ENSG00000143624.14,protein_coding,8.06800048990191,-0.081832794592833,0.635090224594702,-0.128852234570382,0.897474572782819,0.993964865074254,-0.159951378785263,0.998086042062166
NDUFAF8,ENSG00000224877.4,protein_coding,6.10533137390139,-0.0712877800255571,0.555854713512135,-0.128248944000366,0.897951968126371,0.993964865074254,-0.198835714052023,0.998086042062166
ABCC3,ENSG00000108846.16,protein_coding,2.44192962836977,0.124538620340216,0.971828272226245,0.128148793258427,0.898031222899709,0.993964865074254,0.655949006698928,0.992587378328484
ZNF142,ENSG00000115568.16,protein_coding,5.14704134866207,-0.0851550778973797,0.666832567589499,-0.127700838315685,0.898385726645742,0.993964865074254,-0.42304039281427,0.992587378328484
DIP2B,ENSG00000066084.13,protein_coding,9.69517070966274,-0.0665769289570443,0.521765626830092,-0.127599300401451,0.89846608480591,0.993964865074254,-0.106471218727933,0.998086042062166
CX3CR1,ENSG00000168329.14,protein_coding,10.0861785036515,0.066545177126547,0.522293927765395,0.127409440525676,0.898616344676814,0.993964865074254,-0.124772197101343,0.998086042062166
APOL6,ENSG00000221963.6,protein_coding,15.8302629454867,0.0547206973703836,0.4308764420875,0.12699858248289,0.898941520480442,0.993964865074254,0.0382056410016134,0.998086042062166
GNA15,ENSG00000060558.4,protein_coding,2.29371202890815,-0.136059438226371,1.07174454484475,-0.126951369970425,0.898978888164826,0.993964865074254,-0.152910501132501,0.998086042062166
RESF1,ENSG00000174718.12,protein_coding,48.0149406857514,-0.0298282580366838,0.235468923042398,-0.126675986161083,0.899196852965453,0.993964865074254,0.0118890521737033,0.998086042062166
WDR6,ENSG00000178252.18,protein_coding,5.74018684764918,0.087799751506727,0.693542960655266,0.126595981053247,0.89926017800317,0.993964865074254,-0.108371573093679,0.998086042062166
ATF7IP,ENSG00000171681.13,protein_coding,32.3170424472862,0.0360037704306792,0.28513887175313,0.126267492781029,0.899520187273932,0.993964865074254,0.0585883093272735,0.998086042062166
GTF2I,ENSG00000263001.7,protein_coding,22.3830037513114,0.0384969072631095,0.305006797472435,0.126216555113296,0.899560507079715,0.993964865074254,0.171740119403222,0.995521320397187
RBBP6,ENSG00000122257.20,protein_coding,8.06305806941828,-0.067306963662087,0.533789085426974,-0.126092806128189,0.899658461899059,0.993964865074254,0.153721068827184,0.998086042062166
ARHGAP35,ENSG00000160007.19,protein_coding,10.7662232779674,-0.0512432256572582,0.407166608613675,-0.125853212353861,0.899848119231001,0.993964865074254,0.247788793574871,0.992587378328484
ELMO1,ENSG00000155849.16,protein_coding,14.4692223710161,0.0509043737437984,0.404550956162788,0.125829325004277,0.89986702826217,0.993964865074254,-0.0404217621419405,0.998086042062166
SART3,ENSG00000075856.12,protein_coding,12.2290524477733,0.0542678052408036,0.432067113253305,0.125600406918701,0.900048240832901,0.993964865074254,-0.0249250074894263,0.998086042062166
CDK5RAP2,ENSG00000136861.18,protein_coding,17.5460462955869,0.0553897765355171,0.441114661968095,0.125567752131357,0.900074090932087,0.993964865074254,-0.269999639108107,0.992587378328484
RAB4A,ENSG00000168118.12,protein_coding,7.03938377722957,-0.0741757121423583,0.593402025652344,-0.12500077339779,0.900522938059819,0.993964865074254,-0.0452287257824689,0.998086042062166
NR3C1,ENSG00000113580.15,protein_coding,13.9460705507925,-0.0485453973266626,0.388489118293198,-0.124959477732462,0.900555630902318,0.993964865074254,0.41243784076969,0.953507896005218
WDFY1,ENSG00000085449.15,protein_coding,5.16503129688467,-0.0853411134321332,0.686566061949607,-0.124301386511583,0.90107664953924,0.993964865074254,-0.151331372393526,0.998086042062166
CALHM2,ENSG00000138172.11,protein_coding,6.19999109760648,0.0794030598232445,0.6390314473149,0.124255324455287,0.901113119014983,0.993964865074254,0.0249879346550872,0.998086042062166
COQ10B,ENSG00000115520.8,protein_coding,6.56780110806735,0.0799540411516746,0.643955064969497,0.124160901126637,0.90118787901535,0.993964865074254,-0.130977255100556,0.998086042062166
EPG5,ENSG00000152223.15,protein_coding,5.72387127270183,0.0815611135409283,0.660635341978387,0.123458598652442,0.90174395691192,0.993964865074254,0.206182244289553,0.998086042062166
PPIP5K2,ENSG00000145725.20,protein_coding,8.96933231985195,-0.0648269832525676,0.525555176930226,-0.123349528457169,0.90183032221701,0.993964865074254,0.197297952313793,0.998086042062166
UBQLN1,ENSG00000135018.14,protein_coding,27.1646261025799,-0.0333354121867712,0.270285313923682,-0.123334160124526,0.901842491452824,0.993964865074254,-0.11326367507925,0.998086042062166
RSRC1,ENSG00000174891.14,protein_coding,12.7882004580963,0.0531783075058056,0.431258202954898,0.123309671888994,0.90186188222554,0.993964865074254,0.12428353736097,0.998086042062166
CRYBG1,ENSG00000112297.18,protein_coding,17.0147251189052,-0.0452131956804298,0.366702161576171,-0.123296779833784,0.901872090698431,0.993964865074254,0.144893126110225,0.998086042062166
WDR33,ENSG00000136709.12,protein_coding,11.5894630542765,-0.0584695721804001,0.474512343069088,-0.123220339859288,0.901932619426506,0.993964865074254,0.0953402467827838,0.998086042062166
R3HCC1,ENSG00000104679.12,protein_coding,6.73233287606124,-0.094081299842896,0.763592886372123,-0.123208717003483,0.901941822994414,0.993964865074254,-0.533319400116101,0.992587378328484
MKRN2,ENSG00000075975.17,protein_coding,5.96402553861103,-0.103500571029022,0.840056427048553,-0.123206689094279,0.901943428797331,0.993964865074254,0.297469355630109,0.998086042062166
PSMB4,ENSG00000159377.11,protein_coding,6.70256916619585,-0.0694259430869,0.565033937799533,-0.122870394931094,0.902209729375497,0.993964865074254,-0.024745637437878,0.998086042062166
CAMKK2,ENSG00000110931.19,protein_coding,10.488441641409,-0.0614066161016001,0.500713594386171,-0.122638204334913,0.902393600096194,0.993964865074254,-0.40989672949166,0.992587378328484
NFYA,ENSG00000001167.15,protein_coding,7.49490940539788,-0.0696258459777923,0.57003779407891,-0.12214250827052,0.902786157156453,0.993964865074254,-0.0074766442896847,0.998086042062166
DGKG,ENSG00000058866.15,protein_coding,4.53103812330776,0.106613793807536,0.876948815391669,0.121573564997541,0.903236750239204,0.993964865074254,0.248145572659333,0.998086042062166
CCND3,ENSG00000112576.13,protein_coding,27.6985225847872,-0.0495813147288158,0.408214570323528,-0.121458954023911,0.903327523894336,0.993964865074254,0.0415595342825496,0.998086042062166
BRD1,ENSG00000100425.18,protein_coding,8.88524172736935,-0.069559761984373,0.572969766935274,-0.121402150686654,0.903372513480132,0.993964865074254,0.11808291700802,0.998086042062166
H2BC3,ENSG00000276410.4,protein_coding,5.45497966744005,-0.0795645113066879,0.65632878250695,-0.121226606888668,0.903511550277836,0.993964865074254,0.546570862875154,0.983698296397999
ARHGAP12,ENSG00000165322.18,protein_coding,8.24168711771045,-0.0631666649181995,0.521141397637069,-0.121208303935566,0.903526047024121,0.993964865074254,-0.213314973379292,0.998086042062166
RNF4,ENSG00000063978.16,protein_coding,16.4989881169398,-0.0431008437105569,0.357490867750409,-0.120564880389193,0.904035687260128,0.993964865074254,-0.154846516921529,0.998086042062166
BASP1,ENSG00000176788.9,protein_coding,15.7638971746186,-0.057364682651339,0.476501778961919,-0.12038713218723,0.904176484292289,0.993964865074254,-0.101714549117354,0.998086042062166
PSMB6,ENSG00000142507.10,protein_coding,9.97586797448876,0.0751003765883965,0.62477612261155,0.12020365995179,0.904321818577658,0.993964865074254,-0.145887497243684,0.998086042062166
RRAGA,ENSG00000155876.6,protein_coding,5.5020570080779,-0.0858655840030337,0.714711962805121,-0.120140124234141,0.904372148019753,0.993964865074254,0.23058453024699,0.998086042062166
ARID3B,ENSG00000179361.18,protein_coding,7.75505913077075,0.0660837131588713,0.55056572074723,0.120028746194337,0.904460376400629,0.993964865074254,-0.130769411714902,0.998086042062166
OIP5-AS1,ENSG00000247556.6,lncRNA,13.4971410284068,0.0541396972788707,0.45112301626915,0.120010940090385,0.904474481657888,0.993964865074254,0.147734417349863,0.998086042062166
PELATON,ENSG00000224397.7,lncRNA,10.381655569026,0.060897172088086,0.509334200551298,0.119562307071018,0.904829880069437,0.993964865074254,0.123599207810063,0.998086042062166
SF3B1,ENSG00000115524.17,protein_coding,42.4893861852501,0.0299809014256123,0.250844058601461,0.119520077903243,0.904863334183175,0.993964865074254,-0.128598638642867,0.995521320397187
CLINT1,ENSG00000113282.14,protein_coding,21.2912653509515,-0.04069969169195,0.340865104235817,-0.119401168339582,0.904957535716755,0.993964865074254,0.151885879635284,0.998086042062166
KLF4,ENSG00000136826.15,protein_coding,6.1657145858641,-0.0884648459274156,0.741335607219753,-0.119331710315639,0.905012561786693,0.993964865074254,0.284715370398617,0.998086042062166
FCMR,ENSG00000162894.12,protein_coding,11.100647184081,0.0566785021179216,0.476263007528358,0.119006727841542,0.905270025617319,0.993964865074254,0.0926087971380597,0.998086042062166
ANKRD33B,ENSG00000164236.12,protein_coding,4.1973936082177,-0.0931779003481735,0.786299143675125,-0.118501846399914,0.905670032190205,0.993964865074254,-0.476397918881044,0.995521320397187
TMED10,ENSG00000170348.9,protein_coding,7.31524358258596,0.0807844416173412,0.682821431332819,0.118309762860922,0.905822222085898,0.993964865074254,-0.386129746528128,0.995521320397187
ZMIZ2,ENSG00000122515.15,protein_coding,10.603275619116,0.0599766563105606,0.508896441493982,0.117856309103843,0.906181512183186,0.993964865074254,-0.0024416874201963,0.998592526220086
ANXA11,ENSG00000122359.18,protein_coding,41.8561216567067,-0.030835563785777,0.262730050790973,-0.117365956779378,0.906570060142826,0.993964865074254,-0.0672894405101218,0.998086042062166
NSD3,ENSG00000147548.17,protein_coding,24.5383269132208,0.0367917439066526,0.315411254856968,0.116646896203297,0.907139873565623,0.993964865074254,-0.0754648824820263,0.998086042062166
TCEA1,ENSG00000187735.14,protein_coding,26.4814934348843,-0.0321189693758473,0.27563508506361,-0.116527144461436,0.907234774463049,0.993964865074254,-0.0275194818693345,0.998086042062166
CHCHD2,ENSG00000106153.13,protein_coding,18.8190523354798,0.0466860875756211,0.400869214969498,0.116462142345287,0.907286287914753,0.993964865074254,-0.119741460936437,0.998086042062166
MED8,ENSG00000159479.17,protein_coding,4.58522420650209,-0.0916503684908207,0.787912705575852,-0.116320460175645,0.907398570804268,0.993964865074254,-0.0278925400069382,0.998086042062166
ZNF664,ENSG00000179195.16,protein_coding,7.95097661759289,-0.0674382890239731,0.586331463628303,-0.115017346343066,0.908431372896363,0.993964865074254,-0.0108606266122068,0.998086042062166
TRIM33,ENSG00000197323.12,protein_coding,12.1793768587015,-0.0446339834775273,0.388538654160453,-0.114876558611579,0.908542965586942,0.993964865074254,-0.406834431866162,0.979511700603372
CSE1L,ENSG00000124207.17,protein_coding,6.8849324257396,0.0679771533242419,0.593786288795988,0.114480840340854,0.908856633730493,0.993964865074254,0.297362944820625,0.995521320397187
MACO1,ENSG00000204178.11,protein_coding,4.41206586642548,-0.0833881460460059,0.729937850301596,-0.114240063056809,0.909047494052503,0.993964865074254,0.258621215050073,0.998086042062166
KPNA1,ENSG00000114030.13,protein_coding,10.7087575781015,-0.0521322902117114,0.45856516035396,-0.113685675927651,0.909486967850989,0.993964865074254,-0.179880297978044,0.998086042062166
KANSL1,ENSG00000120071.15,protein_coding,17.3880803046609,0.037877241274035,0.334231727971053,0.113326288632046,0.909771876176275,0.993964865074254,0.0596430946257784,0.998086042062166
STAT5B,ENSG00000173757.10,protein_coding,22.4312945338284,0.0429455244969493,0.379298551551874,0.113223539402512,0.909853333919581,0.993964865074254,0.146015219520021,0.998086042062166
ATXN7,ENSG00000163635.20,protein_coding,13.2728867710373,0.0516185658896824,0.456105780000482,0.113172356398614,0.909893911239237,0.993964865074254,-0.0011849435591359,0.999404308199523
RP11-543P15.1,ENSG00000227081.5,processed_pseudogene,13.6270334017161,0.0443073008754589,0.394253704143687,0.112382712983493,0.910519961530802,0.993964865074254,-0.329196571833363,0.992587378328484
ZNF124,ENSG00000196418.13,protein_coding,5.16322659753793,-0.0771807728566409,0.688653305206785,-0.112074932731885,0.910763992965725,0.993964865074254,-0.165263891024879,0.998086042062166
SFT2D2,ENSG00000213064.10,protein_coding,5.44950946901846,-0.0816069147833694,0.729288013927948,-0.111899432357093,0.910903146691107,0.993964865074254,0.375873292067147,0.995521320397187
GDI2,ENSG00000057608.17,protein_coding,73.8001310854561,-0.0207895562202781,0.186517063888639,-0.111461953061252,0.911250034611506,0.993964865074254,-0.037049729273203,0.998086042062166
PNMA1,ENSG00000176903.5,protein_coding,3.538819684768,-0.102576065664625,0.920721637131448,-0.111408336165756,0.911292549910369,0.993964865074254,-0.126061599733149,0.998086042062166
CREBBP,ENSG00000005339.15,protein_coding,60.958510084155,0.0224495725833875,0.201730790167588,0.111284809645258,0.911390500727919,0.993964865074254,0.0537931692660343,0.998086042062166
PRKACA,ENSG00000072062.15,protein_coding,30.4040714054947,0.0400877449425057,0.360414720113401,0.11122671385312,0.91143656846975,0.993964865074254,-0.106713217768521,0.998086042062166
STN 1.00,ENSG00000107960.11,protein_coding,5.57664790655572,-0.068271024439977,0.614219421549077,-0.111150872220543,0.911496708432466,0.993964865074254,0.49130036545821,0.983698296397999
GOLPH3,ENSG00000113384.14,protein_coding,13.6487302760856,0.045738673553016,0.412617997452788,0.110849923743933,0.911735355838841,0.993964865074254,-0.162686394038959,0.998086042062166
TCOF1,ENSG00000070814.22,protein_coding,18.3544096438347,-0.0471782564598953,0.425988709947336,-0.110750016040866,0.911814582836538,0.993964865074254,-0.0037419834988647,0.998587857984255
GTF2E1,ENSG00000153767.10,protein_coding,4.08404314819085,0.0791206631594027,0.714944254042158,0.110666898449872,0.911880495911632,0.993964865074254,-0.18854895444982,0.998086042062166
RBM6,ENSG00000004534.15,protein_coding,19.408363560303,-0.0415512707910311,0.376437614941133,-0.110380230725691,0.912107830912508,0.993964865074254,-0.0106432812326755,0.998086042062166
ZFP36L2,ENSG00000152518.8,protein_coding,36.568875206412,0.0331283541124522,0.300507070547585,0.110241512960363,0.912217840311335,0.993964865074254,0.127871858243388,0.997878976321691
CDR2,ENSG00000140743.8,protein_coding,7.83871658633052,-0.0648545955338161,0.588776485065581,-0.11015147034378,0.912289249038386,0.993964865074254,-0.551402273212395,0.985425634239731
COX6A1,ENSG00000111775.3,protein_coding,4.62547189912978,0.0825844113153528,0.750468156467255,0.110043858095338,0.912374592374872,0.993964865074254,-0.709715279902746,0.987407932503804
PRRC2A,ENSG00000204469.13,protein_coding,56.3187460409371,-0.032616788860521,0.296993562505956,-0.109823218339512,0.912549576850856,0.993964865074254,0.0535749839152919,0.998086042062166
ACBD6,ENSG00000230124.8,protein_coding,5.48146973551995,-0.0728011524330878,0.663348078130668,-0.109748041538378,0.912609198866308,0.993964865074254,-0.711056276927711,0.983262496850266
IL2RB,ENSG00000100385.14,protein_coding,8.48682912335781,-0.0616935707085826,0.562208636288647,-0.109734299202241,0.912620097837317,0.993964865074254,-0.0044209460855252,0.998587857984255
C1orf43,ENSG00000143612.21,protein_coding,11.208669556658,0.0510122762258977,0.465578844581453,0.109567427342531,0.912752444299966,0.993964865074254,-0.128630718705691,0.998086042062166
DDX52,ENSG00000278053.5,protein_coding,3.79971441631336,-0.0988249205583998,0.902504984822484,-0.109500692207077,0.912805372769719,0.993964865074254,0.109414419131007,0.998086042062166
CCT7,ENSG00000135624.16,protein_coding,17.7895271124268,0.0369959021262102,0.33815211668455,0.109406093591667,0.912880400776237,0.993964865074254,-0.152731621352662,0.998086042062166
YARS1,ENSG00000134684.12,protein_coding,9.33488276894579,0.0499266245956486,0.45656219187574,0.109353392558701,0.912922199329976,0.993964865074254,0.046538890474429,0.998086042062166
RAI14,ENSG00000039560.14,protein_coding,7.58649280684068,-0.0616577713387386,0.565683276970037,-0.108996984441533,0.913204882152886,0.993964865074254,-0.298655410202082,0.995521320397187
STAG1,ENSG00000118007.13,protein_coding,9.19122159654524,0.047006222843016,0.432874099215938,0.108590980444795,0.913526915009334,0.993964865074254,0.177945293163903,0.998086042062166
CNOT7,ENSG00000198791.12,protein_coding,11.0734392323433,-0.0471781790874234,0.435565067308936,-0.108314882501725,0.913745917541906,0.993964865074254,-0.0668898392790486,0.998086042062166
INF2,ENSG00000203485.14,protein_coding,7.41120714761546,0.0677543925292369,0.626455986126861,0.108155072390858,0.913872682867161,0.993964865074254,0.262498710637717,0.997878976321691
TOMM20,ENSG00000173726.11,protein_coding,8.5507780826806,-0.0612593589012906,0.566844873478951,-0.108070764626163,0.913939558750514,0.993964865074254,0.272265860832816,0.995521320397187
MON1B,ENSG00000103111.15,protein_coding,9.3796982117083,0.0601698024336903,0.557255745927721,0.107975203258819,0.914015362123909,0.993964865074254,0.384161778480001,0.992587378328484
VPS53,ENSG00000141252.21,protein_coding,11.7718852648831,0.0510677541286044,0.474445921057836,0.107636617498455,0.914283949155074,0.993964865074254,-0.195619985311897,0.998086042062166
SLF2,ENSG00000119906.13,protein_coding,12.6283869455544,0.0497883811981034,0.463227817750075,0.10748141473871,0.914407068794987,0.993964865074254,0.167713966689094,0.998086042062166
G3BP1,ENSG00000145907.16,protein_coding,25.3691324327472,-0.0355683773621044,0.330934945493301,-0.10747845716047,0.914409415010125,0.993964865074254,-0.174436528726805,0.995521320397187
PDZD8,ENSG00000165650.12,protein_coding,4.76976529241167,0.0699755196247999,0.651555089319031,0.107397702468926,0.914473477130062,0.993964865074254,-0.11122125000015,0.998086042062166
OSBP,ENSG00000110048.12,protein_coding,10.9711893766524,0.0566274926125776,0.527887886021221,0.107271816823433,0.914573342421356,0.993964865074254,0.0926311642631899,0.998086042062166
ERGIC3,ENSG00000125991.20,protein_coding,16.5314238116695,-0.0489597661989505,0.457347786353877,-0.107051499230538,0.914748123977623,0.993964865074254,-0.0550459803863377,0.998086042062166
EMC6,ENSG00000127774.7,protein_coding,3.48884501800145,-0.0867820298101918,0.812871084793354,-0.10675989272303,0.91497946653545,0.993964865074254,-0.0128102649472479,0.998086042062166
CCDC66,ENSG00000180376.17,protein_coding,14.2663480243259,0.0466005356072756,0.44075720842451,0.105728357282799,0.915797880588899,0.993964865074254,0.0941370722273037,0.998086042062166
ASAH1,ENSG00000104763.20,protein_coding,12.1952209688539,0.0506401920424979,0.479507742317857,0.105608705706632,0.915892817228252,0.993964865074254,-0.114612710832513,0.998086042062166
GBP1,ENSG00000117228.11,protein_coding,19.1531879418893,-0.0520242791198562,0.493068843748666,-0.10551118729046,0.915970193366352,0.993964865074254,-0.265449133809993,0.995521320397187
IDI1,ENSG00000067064.12,protein_coding,4.85079249740724,-0.0709903584583772,0.673885487046538,-0.105344839476376,0.91610218413361,0.993964865074254,-0.590892020314987,0.992587378328484
FLI1,ENSG00000151702.17,protein_coding,44.1606480369344,0.0310150456809342,0.294698755758762,0.105243218964667,0.916182817346265,0.993964865074254,-0.0231545526862115,0.998086042062166
CYLD,ENSG00000083799.18,protein_coding,30.3259898335043,-0.0300435695287943,0.285730219406993,-0.105146629541485,0.916259459321427,0.993964865074254,-0.109237062587994,0.998086042062166
S1PR1,ENSG00000170989.10,protein_coding,6.74280189084242,-0.0631826570949764,0.601634495814179,-0.105018341758268,0.916361254580183,0.993964865074254,-0.0330083186338721,0.998086042062166
MAP3K5,ENSG00000197442.10,protein_coding,12.1120130703242,-0.0532868160663901,0.508057913771557,-0.104883350149625,0.916468370747872,0.993964865074254,0.15520488033293,0.998086042062166
GBP2,ENSG00000162645.13,protein_coding,31.6874340798638,-0.0374807214695211,0.358872661242775,-0.104440169222491,0.91682004653693,0.993964865074254,0.106534970576574,0.998086042062166
NUP210,ENSG00000132182.12,protein_coding,4.32671813847974,-0.0870286524968865,0.836249862748864,-0.104070154595675,0.917113675402861,0.993964865074254,-0.404721063560251,0.995521320397187
HLA-DPB1,ENSG00000223865.11,protein_coding,89.9334549993272,-0.0262917812203386,0.254154788297943,-0.103447908246832,0.917607490789783,0.993964865074254,-0.106950256910338,0.998086042062166
RTN4,ENSG00000115310.18,protein_coding,5.93447090402075,-0.0581703831512162,0.563073895436404,-0.103308612994982,0.917718040016078,0.993964865074254,-0.264741410424386,0.997878976321691
ACOX1,ENSG00000161533.12,protein_coding,5.80730710267098,-0.063795576060385,0.618025369008483,-0.103224850078135,0.917784517747647,0.993964865074254,0.155013649919304,0.998086042062166
SSX2IP,ENSG00000117155.17,protein_coding,5.63244480305254,-0.072065836994995,0.699795051255128,-0.102981346989722,0.917977775179961,0.993964865074254,-0.203893726928175,0.998086042062166
RAB31,ENSG00000168461.13,protein_coding,25.1550029109518,-0.0413121835495235,0.402279642324745,-0.102695188130285,0.918204892769406,0.993964865074254,-0.394404380498237,0.983262496850266
FAM30A,ENSG00000226777.7,lncRNA,5.06228988248434,0.0685689454047052,0.668049161294757,0.102640568056115,0.918248244203074,0.993964865074254,-0.0600497490693974,0.998086042062166
MINDY3,ENSG00000148481.14,protein_coding,3.94567858016329,-0.0774527291051551,0.7554500247939,-0.102525285013109,0.918339744056135,0.993964865074254,0.190558321280002,0.998086042062166
LIMCH1,ENSG00000064042.18,protein_coding,8.65128670397285,-0.0691235148138585,0.674909418820292,-0.10241895117523,0.918424141907073,0.993964865074254,-0.117245095712365,0.998086042062166
NDUFV1,ENSG00000167792.13,protein_coding,5.09746932131623,-0.0635764544486684,0.620792958905228,-0.102411687401845,0.91842990724427,0.993964865074254,-0.21474366567126,0.998086042062166
ORMDL3,ENSG00000172057.10,protein_coding,3.94268540407812,0.0842861386727787,0.826387774941849,0.101993448146918,0.918761875585522,0.993964865074254,0.120391533405601,0.998086042062166
LSM 5.00,ENSG00000106355.10,protein_coding,5.12638083580761,-0.0725002931247813,0.712735189472995,-0.101721220160869,0.918977958259697,0.993964865074254,0.318126422728694,0.995521320397187
SNX6,ENSG00000129515.20,protein_coding,16.2214894719339,-0.0445518775452933,0.438733348651202,-0.101546594719228,0.919116571452332,0.993964865074254,-0.59350017022465,0.95182832588077
DIP2A,ENSG00000160305.18,protein_coding,4.85547772012491,0.0753510518227829,0.746285728747073,0.100968099643669,0.919575783528319,0.993964865074254,-0.0084466859195659,0.998086042062166
BRD7,ENSG00000166164.16,protein_coding,21.6335712177103,0.0353265612602599,0.350314893264062,0.100842304850657,0.919675643574666,0.993964865074254,0.0450845278321288,0.998086042062166
CCDC69,ENSG00000198624.13,protein_coding,44.5132826123153,0.0233325119216627,0.231401615951159,0.100831240204422,0.919684427115597,0.993964865074254,-0.0088977113841959,0.998086042062166
ARL8A,ENSG00000143862.8,protein_coding,7.63636377900312,0.0499143892602858,0.495713620409724,0.100691986673737,0.919794972751322,0.993964865074254,-0.61744356946548,0.953507896005218
MBD1,ENSG00000141644.18,protein_coding,6.22429252560671,0.0721569575553726,0.716632719723876,0.100688896235683,0.919797426095859,0.993964865074254,0.329923527285324,0.995521320397187
LYRM1,ENSG00000102897.10,protein_coding,4.13032771587379,-0.0688467801049131,0.684939346263948,-0.100515148502481,0.919935356977318,0.993964865074254,-0.583136193563378,0.992587378328484
SH3D19,ENSG00000109686.19,protein_coding,5.1665131903965,-0.0615283545148876,0.612979413910003,-0.10037589047635,0.920045909697268,0.993964865074254,-0.153879194151476,0.998086042062166
SENP5,ENSG00000119231.11,protein_coding,7.28786879383399,-0.0547990747273157,0.546194122863936,-0.100328935141191,0.920083186461063,0.993964865074254,-0.262084757804811,0.995521320397187
PRKAR1B,ENSG00000188191.15,protein_coding,2.33162038349854,0.0921019378328519,0.918689888755983,0.100253566475592,0.92014302028344,0.993964865074254,0.671289085391037,0.992587378328484
CC2D1B,ENSG00000154222.15,protein_coding,4.62203930652483,0.0719448281961282,0.720505462363914,0.099853272395859,0.920460814092625,0.993964865074254,0.737654462807336,0.953507896005218
DESI1,ENSG00000100418.8,protein_coding,3.57639718222892,0.0740976395244366,0.743105061233844,0.0997135444097307,0.920571747252722,0.993964865074254,-0.0398889292824608,0.998086042062166
RASA2,ENSG00000155903.13,protein_coding,9.06063672246621,0.0541552309864997,0.543644909366829,0.0996150797210133,0.920649921490502,0.993964865074254,0.330449340568382,0.992587378328484
SF3B4,ENSG00000143368.10,protein_coding,13.9619085765422,0.0422894735907502,0.424868130554719,0.0995355277307713,0.920713080897457,0.993964865074254,0.269916284346049,0.992587378328484
NDUFS1,ENSG00000023228.14,protein_coding,8.34479330204664,0.0491723961355909,0.494050239222596,0.0995291414350194,0.920718151246755,0.993964865074254,-0.0356542703826495,0.998086042062166
TYMP,ENSG00000025708.14,protein_coding,19.2628601929912,0.0428127346062369,0.431473553853252,0.0992244697824467,0.92096004665044,0.993964865074254,-0.340681680161175,0.992587378328484
USP47,ENSG00000170242.19,protein_coding,13.486492141939,0.0433320171659868,0.440122534955441,0.0984544387630001,0.921571448725294,0.993964865074254,0.154798319332058,0.998086042062166
UBE2Q1,ENSG00000160714.10,protein_coding,15.0511702796967,0.0504879871395307,0.51329293230134,0.0983609630336593,0.921645671306482,0.993964865074254,0.0666141246014713,0.998086042062166
NFKB1,ENSG00000109320.13,protein_coding,18.4285560568021,0.039304430869317,0.400254466401343,0.0981986065582231,0.921774588923376,0.993964865074254,-0.0819032979280925,0.998086042062166
SNRPB,ENSG00000125835.19,protein_coding,7.56452681906043,0.0650858118752713,0.663878171828597,0.0980387887976461,0.921901492705288,0.993964865074254,0.571878897212118,0.983262496850266
ICAM3,ENSG00000076662.10,protein_coding,14.3899416864627,0.0487138899205784,0.499414882057828,0.0975419269042482,0.922296040098169,0.993964865074254,0.0619647272759918,0.998086042062166
ATAD2,ENSG00000156802.13,protein_coding,4.99253425038217,0.0627725457885517,0.644327515635192,0.0974233511146411,0.922390201424163,0.993964865074254,0.73519792518532,0.953507896005218
GOLGA7,ENSG00000147533.17,protein_coding,7.16911900129304,-0.0553777160436145,0.569011124223647,-0.0973227300594014,0.922470105704683,0.993964865074254,-0.0006701796013446,0.99975551810661
CALR,ENSG00000179218.15,protein_coding,27.202165325194,-0.0387409758932614,0.398238422269238,-0.0972808592212373,0.922503356025834,0.993964865074254,-0.365653266025846,0.983262496850266
STK17B,ENSG00000081320.11,protein_coding,51.9111891391181,0.0217252208884893,0.22398184296536,0.0969954555282824,0.922730003396785,0.993964865074254,0.000170017688239,0.999783001268531
DEDD2,ENSG00000160570.14,protein_coding,4.87521860854448,-0.0689630793869978,0.713366003537526,-0.0966727865429741,0.92298625177564,0.993964865074254,0.39093696784961,0.995521320397187
SLC40A1,ENSG00000138449.11,protein_coding,15.7944770779839,-0.0414095558696837,0.428651070846366,-0.0966043448530785,0.923040605942693,0.993964865074254,-0.0447301947450824,0.998086042062166
TMC8,ENSG00000167895.15,protein_coding,4.65397981142341,0.0853505439141342,0.883614048188985,0.0965925610724102,0.92304996427482,0.993964865074254,-0.0342306607472909,0.998086042062166
RBCK1,ENSG00000125826.21,protein_coding,12.7525977220505,-0.0521432255310338,0.540885170035534,-0.0964035037743929,0.923200109477537,0.993964865074254,0.0026754965114343,0.998592526220086
LSM14B,ENSG00000149657.20,protein_coding,5.34291201461071,-0.0623123021388337,0.650458944327002,-0.0957974406875212,0.923681450047976,0.993964865074254,-0.807824494356261,0.953507896005218
HNRNPUL1,ENSG00000105323.17,protein_coding,71.0288104412095,-0.0212350371029751,0.222003934913578,-0.0956516248743139,0.923797262411462,0.993964865074254,0.0068584984399269,0.998086042062166
MARCHF7,ENSG00000136536.15,protein_coding,13.5505130266461,-0.0371054257167832,0.389068665836443,-0.0953698639210942,0.924021052055331,0.993964865074254,-0.0437606922100076,0.998086042062166
RANGAP1,ENSG00000100401.20,protein_coding,8.41923133825694,0.0475077038187113,0.499038065631921,0.0951985571652803,0.924157115998935,0.993964865074254,0.047650506080799,0.998086042062166
RBM42,ENSG00000126254.12,protein_coding,8.41951079527888,-0.0505543315153549,0.532743746113927,-0.094894274938225,0.924398803937058,0.993964865074254,0.334631487309915,0.992587378328484
SNX27,ENSG00000143376.14,protein_coding,15.7992648787582,0.032476871711582,0.342861215843179,0.09472308389187,0.924534782121766,0.993964865074254,0.209453964741834,0.995476201344379
ARHGAP32,ENSG00000134909.19,protein_coding,3.21253022679455,-0.0800530199614281,0.849167706174488,-0.0942723320485985,0.924892827839701,0.993964865074254,-0.35352448472503,0.998086042062166
TAF10,ENSG00000166337.10,protein_coding,3.56125980631476,-0.0932745707409271,0.990213414489219,-0.0941964321792599,0.924953118882615,0.993964865074254,-0.133122392613193,0.998086042062166
C12orf75,ENSG00000235162.9,protein_coding,9.65596408111426,0.0508170392239656,0.541502606462874,0.093844496069752,0.925232684874164,0.993964865074254,-0.251494637483198,0.997852416960843
GOLGA1,ENSG00000136935.14,protein_coding,7.79883347965911,-0.0556145235267071,0.595219346530767,-0.0934353425352453,0.925557714033322,0.993964865074254,0.157582797859873,0.998086042062166
RANBP3,ENSG00000031823.14,protein_coding,8.96786785827152,0.0558000153010429,0.597839749698687,0.0933360743061436,0.925636574005284,0.993964865074254,0.360452440774887,0.992587378328484
CTDSPL,ENSG00000144677.15,protein_coding,2.82986657439567,0.0747068089007777,0.802492442191774,0.0930934734995607,0.925829302313782,0.993964865074254,0.469377224897512,0.992587378328484
TMEM250,ENSG00000238227.8,protein_coding,5.17718293249942,-0.0686320437440621,0.739697894664673,-0.0927838841222808,0.926075254382516,0.993964865074254,0.480255433155049,0.992587378328484
N4BP2L1,ENSG00000139597.18,protein_coding,4.06329446916255,0.0721727295004339,0.778186047972128,0.0927448258530316,0.926106284573986,0.993964865074254,-0.319849902871126,0.998086042062166
FTO,ENSG00000140718.21,protein_coding,7.47581551838719,-0.0544556992281202,0.588098460651579,-0.0925962281346331,0.926224340387833,0.993964865074254,0.0174772132239244,0.998086042062166
PSMB7,ENSG00000136930.13,protein_coding,6.06654918635429,-0.061121031457974,0.663094530186457,-0.0921754420757887,0.926558649349233,0.993964865074254,0.0644559396103115,0.998086042062166
SNTB1,ENSG00000172164.15,protein_coding,6.17320696544748,-0.0544827824334753,0.591520424068604,-0.0921063419226188,0.926613549748581,0.993964865074254,-0.0218582524611172,0.998086042062166
DOCK10,ENSG00000135905.20,protein_coding,25.4339361687773,0.0320627896441492,0.34902590504496,0.0918636387176449,0.926806381362981,0.993964865074254,0.060181278336133,0.998086042062166
LIX1-AS1,ENSG00000251513.2,lncRNA,5.09248725175725,-0.0601352634464034,0.655187374465515,-0.091783306257176,0.926870207747242,0.993964865074254,0.0351697117155085,0.998086042062166
KPNA6,ENSG00000025800.14,protein_coding,10.0071689179591,0.0459402367428712,0.50132678573284,0.0916373073417885,0.92698620916918,0.993964865074254,0.539357877651313,0.953507896005218
GTPBP4,ENSG00000107937.19,protein_coding,7.26813134388868,-0.0507474322833786,0.554018204784735,-0.091598853332079,0.927016762529853,0.993964865074254,-0.737914447188851,0.953507896005218
STMP1,ENSG00000243317.8,protein_coding,19.1249863181168,0.0309028621301714,0.338903824947368,0.091184754657079,0.927345788505238,0.994010152065848,0.211837366336802,0.992587378328484
DDX6,ENSG00000110367.13,protein_coding,56.7024477286775,0.0198336846179212,0.217794075236742,0.091066226647176,0.927439968333602,0.994010152065848,0.0337159288191778,0.998086042062166
CORO1B,ENSG00000172725.14,protein_coding,8.32465820080165,0.0479717067487228,0.529774190538733,0.090551234102099,0.927849182211668,0.994010152065848,0.317359366763275,0.992587378328484
COPG1,ENSG00000181789.14,protein_coding,11.0318082124981,0.0467462803541959,0.518008572028496,0.090242291109469,0.928094677959359,0.994010152065848,0.0992716646112667,0.998086042062166
WDR48,ENSG00000114742.14,protein_coding,4.35492926497976,0.0643931825135393,0.715607195731446,0.089983978497758,0.928299946480409,0.994010152065848,0.0641184274019425,0.998086042062166
NIPSNAP1,ENSG00000184117.12,protein_coding,4.11339048817934,-0.0713964612014176,0.794540570871551,-0.0898587986804766,0.928399422535266,0.994010152065848,0.810499659067317,0.974542098596117
NHP2,ENSG00000145912.9,protein_coding,3.36855709528638,-0.0697068103736322,0.776228230632535,-0.0898019520841561,0.92844459692133,0.994010152065848,0.36059004758693,0.99774483465285
FCRL3,ENSG00000160856.21,protein_coding,4.45870142666053,0.0705165776023813,0.787084693041543,0.0895921089887838,0.928611355303839,0.994010152065848,0.208647935599491,0.998086042062166
GNB1,ENSG00000078369.18,protein_coding,90.5259067225485,0.0166290432124699,0.186256239042349,0.089280462753728,0.928859020520465,0.994010152065848,0.126379739941386,0.992587378328484
SNRPD1,ENSG00000167088.11,protein_coding,15.7543495997619,0.0333142138027951,0.37395332314348,0.0890865563722052,0.929013121372241,0.994010152065848,0.21170187954971,0.995521320397187
NFATC2,ENSG00000101096.20,protein_coding,26.5610226821729,0.0350758029452957,0.398178829553728,0.0880905772529596,0.929804685528047,0.994010152065848,-0.0963856572620318,0.998086042062166
SMAD4,ENSG00000141646.14,protein_coding,6.52592127560197,-0.045091484380287,0.513815561557887,-0.0877581135214547,0.930068929833189,0.994010152065848,0.232802991602983,0.995521320397187
ACAP1,ENSG00000072818.12,protein_coding,10.7834783707391,0.0350674112911587,0.400097387807065,0.0876471888091129,0.930157095222392,0.994010152065848,0.0732129278181196,0.998086042062166
SGTA,ENSG00000104969.11,protein_coding,7.02714933574896,-0.0535471463331328,0.611828745781013,-0.087519827570015,0.930258325779844,0.994010152065848,0.118108598463261,0.998086042062166
MICU2,ENSG00000165487.14,protein_coding,4.8466910688962,0.0559436880016926,0.639333151384758,0.0875031865319697,0.930271552662605,0.994010152065848,0.0110645756411131,0.998086042062166
DOCK5,ENSG00000147459.18,protein_coding,16.6872453052766,-0.0354924419774232,0.407787783972804,-0.0870365503145878,0.930642459381604,0.994010152065848,-0.272241524565165,0.992587378328484
RASGRP3,ENSG00000152689.18,protein_coding,5.51455815435252,-0.0484787644631301,0.557136478824463,-0.087014163146198,0.930660254245953,0.994010152065848,0.0146392242490132,0.998086042062166
MAP4K1,ENSG00000104814.13,protein_coding,11.9449216410447,-0.0478077474720909,0.549573196071038,-0.086990682613115,0.930678918229159,0.994010152065848,-0.235971169157793,0.998086042062166
GRB10,ENSG00000106070.20,protein_coding,5.18283196600362,-0.0511997054490442,0.59054970134801,-0.0866983851353645,0.930911260061007,0.994010152065848,-0.782761216844183,0.953507896005218
NRBF2,ENSG00000148572.16,protein_coding,5.8073248725524,0.0490729338868062,0.566709390633221,0.0865927664123827,0.930995215869876,0.994010152065848,-0.0423917250754026,0.998086042062166
NARS1,ENSG00000134440.12,protein_coding,13.469058676217,-0.0407808741645222,0.471968363728655,-0.0864059485732142,0.931143718340675,0.994010152065848,0.224270251713609,0.995521320397187
TERF2IP,ENSG00000166848.7,protein_coding,14.5562385049174,-0.0423141982958605,0.490895883818526,-0.086197908132192,0.931309093588821,0.994010152065848,0.345821862966638,0.992587378328484
FBXO34,ENSG00000178974.11,protein_coding,5.41965173811371,0.0632099088826849,0.733731752181683,0.0861485259357199,0.931348348858695,0.994010152065848,-0.550331383441087,0.992587378328484
RUNX2,ENSG00000124813.23,protein_coding,4.0285112721461,-0.0671020939083378,0.781247136748762,-0.0858909949898695,0.93155307001416,0.994029602237332,-0.114785244908765,0.998086042062166
USP33,ENSG00000077254.14,protein_coding,17.440301655743,0.0418410702717131,0.490654912606989,0.0852759632006935,0.932042000499182,0.994057425945843,-0.340083801588635,0.992587378328484
POLR2J,ENSG00000005075.15,protein_coding,18.7662238717834,0.0305438411560817,0.358644997241552,0.085164553781605,0.932130570151694,0.994057425945843,0.25024469643338,0.992587378328484
RIOK1,ENSG00000124784.9,protein_coding,4.12524145888666,0.060615947852175,0.713305461662753,0.0849789481646138,0.932278127090689,0.994057425945843,0.633090633566902,0.983262496850266
GLUD1,ENSG00000148672.10,protein_coding,13.4929987958992,-0.0385527581869336,0.455940058953998,-0.0845566372811814,0.932613873984561,0.994057425945843,0.0905784539874974,0.998086042062166
LMO2,ENSG00000135363.12,protein_coding,9.77474843107746,0.0415943950464126,0.492068163248842,0.0845297423263249,0.932635256500782,0.994057425945843,0.156676077128254,0.998086042062166
TMEM184B,ENSG00000198792.13,protein_coding,2.29626574064559,-0.0856505811805369,1.01420898046364,-0.0844506239151838,0.93269815894093,0.994057425945843,0.159982398239921,0.998086042062166
KIAA0040,ENSG00000235750.10,protein_coding,10.7359070369354,0.0393257517817385,0.467645653696209,0.0840930552244268,0.932982446215262,0.994083806783948,0.0963713404180411,0.998086042062166
GTF3C1,ENSG00000077235.18,protein_coding,6.65980665637145,-0.0497504476899607,0.592617679267808,-0.0839503265434612,0.933095925954989,0.994083806783948,0.0127902455404633,0.998086042062166
ETS2,ENSG00000157557.13,protein_coding,11.6026604234996,0.0428444569169743,0.519067990133626,0.082541127041844,0.934216415242201,0.995078635739594,-0.11985707120499,0.998086042062166
LRRC37A2,ENSG00000238083.8,protein_coding,2.69341936942195,0.0886766058379499,1.08306815068747,0.0818753702448578,0.934745820364333,0.995443600907471,0.385337807156725,0.998086042062166
FOXK2,ENSG00000141568.21,protein_coding,5.59625577913303,-0.0560148767516429,0.694309744579131,-0.08067707127688,0.935698771834696,0.995484493876492,0.242339749347331,0.998086042062166
RRM2B,ENSG00000048392.12,protein_coding,5.34481282307778,0.0482741190376854,0.599436905733612,0.0805324439919259,0.935813793449736,0.995484493876492,-0.0541791143225435,0.998086042062166
SINHCAF,ENSG00000139146.14,protein_coding,3.97311664360851,0.0584645747204119,0.729046547734019,0.0801931987774007,0.936083599331402,0.995484493876492,0.3992802947462,0.995521320397187
TAF6,ENSG00000106290.15,protein_coding,5.79879956043005,0.0573697731128116,0.716269080838334,0.0800952807367658,0.936161476117016,0.995484493876492,0.0817888412862876,0.998086042062166
AFG3L2,ENSG00000141385.11,protein_coding,10.8451168729618,0.0383296003271615,0.479282682218399,0.0799728463998529,0.936258852215213,0.995484493876492,0.113865198114423,0.998086042062166
PDCD11,ENSG00000148843.15,protein_coding,16.2262179834748,-0.0363206657580204,0.454347463020303,-0.0799402851654029,0.936284749407958,0.995484493876492,-0.358564235218796,0.992587378328484
FCER1G,ENSG00000158869.11,protein_coding,20.2814313891184,-0.0358926424495353,0.450273845368205,-0.0797129187465565,0.936465584477537,0.995484493876492,-0.238722859099432,0.995521320397187
VDR,ENSG00000111424.12,protein_coding,3.74467404377671,-0.0750067915313456,0.948947773935395,-0.0790420648970848,0.936999164758306,0.995484493876492,0.187685418167792,0.998086042062166
CD300A,ENSG00000167851.15,protein_coding,9.50828006678603,-0.033514597119359,0.42758948900888,-0.0783803109778102,0.937525534905607,0.995484493876492,-0.264366712324111,0.992587378328484
HBP1,ENSG00000105856.14,protein_coding,8.04174226830787,-0.0389303967859554,0.498003575341332,-0.0781729262872712,0.937690497790412,0.995484493876492,0.0402002288627398,0.998086042062166
UBE2D2,ENSG00000131508.16,protein_coding,15.0773592865647,0.0274404089199542,0.352068441665026,0.0779405526669224,0.937875341143565,0.995484493876492,-0.0459978073356314,0.998086042062166
YTHDC2,ENSG00000047188.16,protein_coding,3.46176684776119,0.0596854078598415,0.768005765060512,0.0777147914444871,0.938054927821144,0.995484493876492,-0.022457492840763,0.998086042062166
ZBTB34,ENSG00000177125.5,protein_coding,4.57680842251768,0.0524404471350923,0.67686603281913,0.0774753711848696,0.938245383319499,0.995484493876492,0.0579690001564422,0.998086042062166
SDCBP,ENSG00000137575.12,protein_coding,27.8263432144553,-0.0192162029283022,0.248110381602149,-0.077450217134065,0.938265393223568,0.995484493876492,-0.282704156944206,0.953507896005218
KAT7,ENSG00000136504.13,protein_coding,8.75324272512972,-0.0386150845239354,0.500049120429557,-0.0772225826350098,0.938446476941469,0.995484493876492,-0.0111598928231273,0.998086042062166
ANKRD27,ENSG00000105186.16,protein_coding,6.76653326545734,0.0486991408338163,0.633645501907654,0.0768554983617852,0.938738499946613,0.995484493876492,0.276579239975985,0.997878976321691
RNASEH2B,ENSG00000136104.21,protein_coding,5.97502186285567,0.0517222252299115,0.673925230035778,0.0767477205552396,0.938824240950049,0.995484493876492,-0.296783016301605,0.997878976321691
COPS3,ENSG00000141030.13,protein_coding,5.97190445609928,-0.0455915410148734,0.594679658907454,-0.0766657146111812,0.938889480013354,0.995484493876492,0.135900348089346,0.998086042062166
SNRPB2,ENSG00000125870.11,protein_coding,6.74674140092994,0.0393578538542093,0.514661366933692,0.0764733014422667,0.939042554123236,0.995484493876492,0.118713264848753,0.998086042062166
NELFCD,ENSG00000101158.15,protein_coding,5.41886169434668,0.0526291303566972,0.688501894030257,0.076440066197384,0.939068994618349,0.995484493876492,-0.370850898667211,0.995521320397187
STRBP,ENSG00000165209.19,protein_coding,8.00340315119975,0.0457287940804853,0.601600282680595,0.076011922528906,0.939409612835383,0.995484493876492,0.663646631478789,0.953507896005218
SLC35E2B,ENSG00000189339.12,protein_coding,3.64522011740357,0.0630698670241033,0.829850369650268,0.0760014929567164,0.939417910427683,0.995484493876492,0.092240907099027,0.998086042062166
IGHD,ENSG00000211898.8,IG_C_gene,9.80875935544283,0.0429292728638188,0.564849032674533,0.0760013213806011,0.939418046930811,0.995484493876492,-0.0580960886333367,0.998086042062166
VCPIP1,ENSG00000175073.8,protein_coding,14.8335442826841,-0.026904451152666,0.356281710664138,-0.0755145446633055,0.939805325610808,0.995484493876492,-0.0129961282405726,0.998086042062166
POLR2D,ENSG00000144231.11,protein_coding,3.5548605801026,-0.0555466901317292,0.739637287025759,-0.0750999051914952,0.940135223259607,0.995484493876492,0.760593857835595,0.953507896005218
DENND4C,ENSG00000137145.21,protein_coding,9.83003184013206,0.0327559666065666,0.436406178302119,0.075058439213686,0.940168215206081,0.995484493876492,-0.217640134738909,0.995521320397187
KMT2B,ENSG00000272333.7,protein_coding,17.8269237491939,-0.0288380775097902,0.384610711744995,-0.074979912491128,0.940230694405393,0.995484493876492,0.0111449068062478,0.998086042062166
MTDH,ENSG00000147649.10,protein_coding,5.91059058594968,-0.0457802836556457,0.611724324705919,-0.074838095865575,0.940343530674361,0.995484493876492,0.187594854900963,0.998086042062166
NATD1,ENSG00000274180.1,protein_coding,5.96096236464134,-0.0494361707457528,0.660605263445479,-0.0748346606987531,0.940346263876579,0.995484493876492,0.816009513065254,0.937964660926955
MGA,ENSG00000174197.17,protein_coding,19.8857850281768,0.0277380827205513,0.373057424563266,0.0743533860853299,0.940729198597297,0.995484493876492,-0.0820579443771425,0.998086042062166
TUT4,ENSG00000134744.14,protein_coding,11.9739907145708,0.0308169274337201,0.415632743527211,0.0741446094265732,0.940895319732257,0.995484493876492,0.158306954136261,0.998086042062166
AVL9,ENSG00000105778.19,protein_coding,5.90024618437885,0.0462863286710074,0.626516190527513,0.0738789026857156,0.941106743182808,0.995484493876492,-0.551922563118884,0.992587378328484
FAM53C,ENSG00000120709.11,protein_coding,5.03546559058367,0.0500605491214746,0.681005029347599,0.0735098082453701,0.941400439341731,0.995484493876492,0.154238254596589,0.998086042062166
SUMO2,ENSG00000188612.12,protein_coding,29.5612570585599,0.0231268181985752,0.314720773604176,0.0734836087676301,0.941421287117008,0.995484493876492,-0.150482926011066,0.995521320397187
C11orf58,ENSG00000110696.10,protein_coding,28.6845021740874,0.0202368878443741,0.277210687193775,0.0730018313840409,0.9418046601675,0.995484493876492,0.160505734137953,0.992587378328484
DAD1,ENSG00000129562.11,protein_coding,6.88058985137462,0.042479997882032,0.582024227813631,0.072986648754482,0.941816741923546,0.995484493876492,-0.346317184560057,0.995521320397187
PSMA7,ENSG00000101182.15,protein_coding,17.1021612539074,-0.0298017889144065,0.410114277134638,-0.0726670359359929,0.942071080686197,0.995484493876492,-0.0193960239547076,0.998086042062166
SETD2,ENSG00000181555.21,protein_coding,35.5209870836187,-0.0216017281997879,0.2979695301917,-0.0724964333966979,0.94220684373955,0.995484493876492,-0.0611276412142783,0.998086042062166
ANKFY1,ENSG00000185722.18,protein_coding,11.5781164320267,-0.0378787140373568,0.523034379951367,-0.0724210787843026,0.942266810393942,0.995484493876492,-0.0750198465646593,0.998086042062166
PPP2R1A,ENSG00000105568.18,protein_coding,16.0403777301969,-0.0324812662048479,0.449226850053824,-0.0723048192710569,0.942359329513778,0.995484493876492,0.0535937188233165,0.998086042062166
KMT5A,ENSG00000183955.13,protein_coding,4.47314787029669,0.0545519558948988,0.755554733749446,0.0722011966283161,0.942441792889452,0.995484493876492,0.241577824853045,0.998086042062166
ANKRD44,ENSG00000065413.20,protein_coding,22.3206214799538,-0.0269705706110249,0.37619653990674,-0.0716927662803889,0.942846413022194,0.995550981774713,0.0871953335956681,0.998086042062166
ZFAT,ENSG00000066827.16,protein_coding,3.4045429188037,0.0536995697576282,0.75381380290036,0.0712371802572661,0.943208991003025,0.995550981774713,0.775305208274261,0.953507896005218
WRNIP1,ENSG00000124535.16,protein_coding,5.19534441829681,0.0582256092302266,0.81990283515226,0.0710152553862236,0.943385614102682,0.995550981774713,-0.0538232815975489,0.998086042062166
AKNA,ENSG00000106948.17,protein_coding,95.4741658103821,0.0154263322536284,0.217853179441614,0.0708106821904924,0.943548430009713,0.995550981774713,0.0517683274968343,0.998086042062166
TTC37,ENSG00000198677.12,protein_coding,10.3060403164792,0.0335126295418375,0.475186681833125,0.0705251868856173,0.943775654221965,0.995550981774713,-0.0461900980302863,0.998086042062166
IWS1,ENSG00000163166.15,protein_coding,15.4330688397216,0.0327789616866216,0.466238156472121,0.0703051889503205,0.943950752544166,0.995550981774713,0.265587981324166,0.992587378328484
MBNL2,ENSG00000139793.19,protein_coding,8.13300000693624,-0.0398534771272716,0.568142608213921,-0.0701469605537236,0.944076689613548,0.995550981774713,-0.061117241698673,0.998086042062166
DNAJC15,ENSG00000120675.6,protein_coding,5.17259201716137,-0.0469110503044602,0.668841383994739,-0.0701377806861743,0.944083996092248,0.995550981774713,0.0353662483118445,0.998086042062166
RRBP1,ENSG00000125844.16,protein_coding,3.48186509618697,0.063991814889659,0.91403953109141,0.0700098986017043,0.944185781026486,0.995550981774713,-0.175543696441177,0.998086042062166
AC005301.9,ENSG00000283633.1,lncRNA,4.58935876104286,-0.0452060783075084,0.649436916376265,-0.0696081130708579,0.944505579309968,0.99556860546969,0.353707582183597,0.995521320397187
EPB41L2,ENSG00000079819.19,protein_coding,19.6999695987798,-0.026712910793075,0.384250309681207,-0.0695195556647366,0.944576067140755,0.99556860546969,0.072284183257175,0.998086042062166
WIPF2,ENSG00000171475.14,protein_coding,12.8599299947068,0.0283210134694667,0.4095501227213,0.0691515199196735,0.944869012176502,0.995680473487694,0.187996214416182,0.995521320397187
FIG4,ENSG00000112367.12,protein_coding,5.63101901641551,-0.0472462825603157,0.692869646129302,-0.0681892803707823,0.945634960134911,0.995815525749086,-0.589822994436386,0.992587378328484
TNFAIP3,ENSG00000118503.15,protein_coding,11.7227821146488,-0.0350138463935343,0.515310077503986,-0.0679471408033223,0.945827712501277,0.995815525749086,-0.163147162407083,0.998086042062166
PWP1,ENSG00000136045.12,protein_coding,5.00082054604319,0.0531950096219991,0.790657740721776,0.067279439487228,0.946359244708245,0.995815525749086,-0.302363689698319,0.998086042062166
SGSM2,ENSG00000141258.13,protein_coding,4.90351680177337,0.0541793120910644,0.808812382012828,0.0669862545331373,0.946592645914193,0.995815525749086,0.239752075322812,0.998086042062166
AP1M1,ENSG00000072958.9,protein_coding,23.7592509259511,-0.0328746130813019,0.492199165759349,-0.066791281595498,0.946747864190376,0.995815525749086,-0.134734994872989,0.998086042062166
NCF1,ENSG00000158517.15,protein_coding,37.5164303129257,-0.0238510533121153,0.358949602604959,-0.0664468023895949,0.947022109589407,0.995815525749086,0.0346256516462228,0.998086042062166
POLK,ENSG00000122008.15,protein_coding,4.79570488536411,0.0433198842366374,0.655321641296014,0.0661047667386121,0.947294415846193,0.995815525749086,0.21078422726691,0.998086042062166
KALRN,ENSG00000160145.16,protein_coding,4.59274831000744,0.049862540441525,0.755866237359526,0.0659674132498764,0.947403769381471,0.995815525749086,0.0945870414062225,0.998086042062166
HMG20B,ENSG00000064961.19,protein_coding,7.94713053412714,0.0404062418856203,0.620226235136739,0.0651475858268266,0.948056492865628,0.995815525749086,0.434450656136926,0.992587378328484
APOBEC3C,ENSG00000244509.4,protein_coding,22.7546934250559,0.0226440588970646,0.349165521637254,0.0648519326618664,0.948291892157511,0.995815525749086,0.089463049344208,0.998086042062166
PTPN12,ENSG00000127947.16,protein_coding,39.742795132068,0.0216170737736357,0.334609804696394,0.0646038265174263,0.948489437956679,0.995815525749086,0.0316345358858167,0.998086042062166
APEH,ENSG00000164062.13,protein_coding,6.01251017456096,0.0487986040281966,0.758702713142344,0.0643184783485034,0.948716640323446,0.995815525749086,0.467653640787108,0.992587378328484
ZNF710,ENSG00000140548.10,protein_coding,7.31689135519954,-0.0439303793069405,0.684719402325443,-0.0641582218318105,0.948844242971598,0.995815525749086,-0.342151380711549,0.995521320397187
P4HB,ENSG00000185624.16,protein_coding,10.766379408782,0.0280931394744582,0.438029978597131,0.0641351981534038,0.948862575453054,0.995815525749086,0.185638528445379,0.998086042062166
GRK5,ENSG00000198873.12,protein_coding,9.567308591424,0.0355456783464845,0.554858019155359,0.0640626558855443,0.948920337024914,0.995815525749086,-0.0995776280809122,0.998086042062166
PHACTR2,ENSG00000112419.14,protein_coding,14.0400093824523,-0.023572856924993,0.368692839803726,-0.0639363024721121,0.949020946207247,0.995815525749086,0.0146792020834479,0.998086042062166
HNRNPUL2,ENSG00000214753.4,protein_coding,8.36800330907339,-0.0348688301406222,0.549667985115085,-0.0634361670769704,0.949419188071873,0.995815525749086,-0.028865808490336,0.998086042062166
RB1,ENSG00000139687.16,protein_coding,10.9349192425311,-0.034006218949969,0.539656883459055,-0.0630145190254932,0.94975494278832,0.995815525749086,0.12901861658724,0.998086042062166
PKHD1L1,ENSG00000205038.12,protein_coding,4.26803538169259,0.0451205058116009,0.721206682595853,0.0625625176533276,0.950114877498881,0.995815525749086,0.510260223836072,0.992587378328484
MAP3K7CL,ENSG00000156265.16,protein_coding,55.4411582969128,-0.0379499474350628,0.608051265060412,-0.0624124142415727,0.950234409099051,0.995815525749086,-0.230445370094336,0.998086042062166
RGL4,ENSG00000159496.15,protein_coding,5.08689391968285,-0.045030251765752,0.722846907779144,-0.0622956967528599,0.950327355316714,0.995815525749086,-0.430835452630928,0.995521320397187
GET3,ENSG00000198356.12,protein_coding,4.13447222021079,0.0564622728616022,0.910661622453635,0.0620013751205124,0.950561736922367,0.995815525749086,0.0748280421439668,0.998086042062166
PAPOLG,ENSG00000115421.13,protein_coding,4.45683973135848,-0.0463296396483629,0.748712843332648,-0.0618790502405993,0.950659151007092,0.995815525749086,0.119797557783477,0.998086042062166
ABL1,ENSG00000097007.19,protein_coding,5.66283166375239,0.0438795902286672,0.711073506430662,0.0617089370252693,0.950794622818562,0.995815525749086,0.0324572467450555,0.998086042062166
CTB-63M22.1,ENSG00000229119.3,processed_pseudogene,14.4790373762773,-0.0227725593840782,0.370044738677306,-0.0615400166625172,0.950929146093998,0.995815525749086,-0.030243390526904,0.998086042062166
TENT4B,ENSG00000121274.14,protein_coding,5.52653196865614,-0.0524124316250288,0.857261632214828,-0.0611393647580093,0.951248219230208,0.995815525749086,-0.25394732653237,0.998086042062166
ADAT1,ENSG00000065457.11,protein_coding,3.9753345626644,0.0473219011093115,0.77858556321114,0.0607793200199353,0.951534960100637,0.995815525749086,-0.0825841193877395,0.998086042062166
PRMT2,ENSG00000160310.18,protein_coding,14.032269533639,0.0269113323668011,0.443635058971432,0.060660968565458,0.951629216979064,0.995815525749086,0.0668624581263355,0.998086042062166
ST3GAL2,ENSG00000157350.13,protein_coding,3.40892883437359,0.0494805541815131,0.815817749043598,0.060651480357617,0.951636773559815,0.995815525749086,0.530951986898658,0.992587378328484
AP3M1,ENSG00000185009.13,protein_coding,5.62349789325709,0.038362011070661,0.633302345340312,0.0605745602442806,0.951698034293147,0.995815525749086,0.245918567478051,0.998086042062166
AAGAB,ENSG00000103591.13,protein_coding,7.13809806543276,0.0340033879749927,0.561724473105988,0.0605339265120052,0.951730395934254,0.995815525749086,0.0218605027977403,0.998086042062166
PDCD10,ENSG00000114209.15,protein_coding,18.1022828318303,0.0238008504305151,0.394576377825293,0.0603200084143239,0.951900766550032,0.995815525749086,0.109188687455827,0.998086042062166
CEP192,ENSG00000101639.18,protein_coding,11.7921494466022,0.0284617769330888,0.473610331804024,0.0600953463677098,0.952079696326933,0.995815525749086,0.229229137823151,0.995521320397187
SKAP1,ENSG00000141293.16,protein_coding,13.1773890521995,-0.0234403133267726,0.390663275847586,-0.0600013228167309,0.952154581134892,0.995815525749086,0.0791777743162202,0.998086042062166
PDXK,ENSG00000160209.19,protein_coding,8.68709867123346,0.030879131905762,0.516446081732908,0.0597915890893172,0.952321624527441,0.995815525749086,0.131517283276498,0.998086042062166
POLR2B,ENSG00000047315.17,protein_coding,14.009148045606,0.0265416505440261,0.445290326294133,0.0596052709361897,0.952470020235339,0.995815525749086,-0.119177067529404,0.998086042062166
LTB,ENSG00000227507.3,protein_coding,39.8567081249502,0.01930324188173,0.324095009786261,0.0595604415336739,0.952505725488281,0.995815525749086,-0.0562464244428895,0.998086042062166
CTBP2,ENSG00000175029.17,protein_coding,8.57883612844492,0.0283742674449991,0.478894175044865,0.0592495564230675,0.952753338623868,0.995815525749086,0.121495158940432,0.998086042062166
SKI,ENSG00000157933.10,protein_coding,16.8973926156918,-0.025947849888056,0.439514898889466,-0.0590374750744949,0.952922259360098,0.995815525749086,-0.272203949036541,0.992587378328484
FCER2,ENSG00000104921.15,protein_coding,6.81373934930029,-0.0316490835094799,0.536609919654006,-0.05897968403172,0.952968289731909,0.995815525749086,0.221545471353176,0.998086042062166
COMMD6,ENSG00000188243.14,protein_coding,20.3636739118475,-0.0212829892527425,0.362786676142126,-0.058665300167762,0.953218698169826,0.995815525749086,0.0908621203250636,0.998086042062166
GADD45B,ENSG00000099860.9,protein_coding,5.96509808230919,0.0355094023192535,0.605771284376612,0.0586184971705874,0.953255977404266,0.995815525749086,0.0518760996210764,0.998086042062166
RCSD1,ENSG00000198771.11,protein_coding,52.947299524967,0.0119565122961517,0.204044137122047,0.0585976762909885,0.953272561555652,0.995815525749086,-0.135562850109147,0.992587378328484
ZRANB2,ENSG00000132485.14,protein_coding,8.84496469002254,-0.0341316761895769,0.584963462015804,-0.0583483899523536,0.95347112353444,0.995815525749086,-0.196186846636265,0.998086042062166
PDS5A,ENSG00000121892.15,protein_coding,30.5061591237024,0.0175629846364075,0.301179042377971,0.0583140994729856,0.95349843687168,0.995815525749086,-0.0633221934374779,0.998086042062166
SRRD,ENSG00000100104.13,protein_coding,3.62928312212113,0.0441344382968117,0.762063739960844,0.0579143659283401,0.953816839973382,0.995815525749086,0.461363762464834,0.992587378328484
ERP44,ENSG00000023318.8,protein_coding,3.69328436990272,0.0468684666274243,0.814492077523851,0.0575431829489487,0.954112508056066,0.995815525749086,-0.432801897611007,0.995521320397187
SLC37A1,ENSG00000160190.14,protein_coding,3.24547165810583,-0.0401829291769903,0.702618856937848,-0.0571902230920978,0.954393666256946,0.995815525749086,0.164616058989958,0.998086042062166
NR2C2,ENSG00000177463.15,protein_coding,11.7816846284653,0.0257426692039606,0.450702874193594,0.057116718525525,0.954452218706261,0.995815525749086,-0.0420672793166533,0.998086042062166
SYNE3,ENSG00000176438.13,protein_coding,9.69642569442405,-0.0317501635225517,0.556850460553401,-0.0570173965394556,0.954531337249851,0.995815525749086,0.0984813408956538,0.998086042062166
RARA,ENSG00000131759.18,protein_coding,15.5088948763559,-0.0265826461820728,0.469278117391352,-0.0566458251448882,0.954827329937611,0.995815525749086,0.278636379749155,0.992587378328484
SHANK3,ENSG00000251322.9,protein_coding,9.40323096459471,0.0328584785781197,0.586289098437232,0.0560448397654072,0.955306086305443,0.995815525749086,-0.0144576117338771,0.998086042062166
LYN,ENSG00000254087.8,protein_coding,61.4269999857624,-0.0120118438276035,0.215109463685336,-0.055840610737492,0.955468782707715,0.995815525749086,-0.130132948894915,0.995521320397187
RO60,ENSG00000116747.13,protein_coding,16.2461810737756,-0.0216516283680441,0.388040648240482,-0.0557973203740909,0.955503269651963,0.995815525749086,0.21217057542254,0.995521320397187
PIP4K2B,ENSG00000276293.5,protein_coding,12.182752665612,-0.0296022073420538,0.531598722542065,-0.0556852492054501,0.955592550697131,0.995815525749086,-0.0525758659622355,0.998086042062166
ATP5MK,ENSG00000173915.16,protein_coding,7.6681998027912,-0.0286344232969435,0.517110799031782,-0.0553738644610739,0.95584061702097,0.995815525749086,-0.158908302934661,0.998086042062166
ANKRD12,ENSG00000101745.17,protein_coding,46.9981617597971,-0.0147088635619346,0.26597540004392,-0.0553015939049469,0.955898192358918,0.995815525749086,-0.0593715923235881,0.998086042062166
BICRA,ENSG00000063169.11,protein_coding,4.63357736284232,-0.0438474208069745,0.796114776122794,-0.0550767579274415,0.956077312519749,0.995815525749086,0.0552630956209925,0.998086042062166
SAMD9,ENSG00000205413.8,protein_coding,17.682693772679,0.02214292844971,0.402116018919077,0.0550660192777999,0.956085867739278,0.995815525749086,0.211201255646191,0.995521320397187
DOCK9,ENSG00000088387.20,protein_coding,7.95381601371169,-0.0289262660576393,0.52675726983513,-0.0549138430812602,0.956207103336553,0.995815525749086,0.150244131549233,0.998086042062166
FKBP5,ENSG00000096060.15,protein_coding,24.8451715706852,-0.0184636020171732,0.347351329917383,-0.0531554090251063,0.957608083797372,0.996780736428731,-0.159129366446419,0.998086042062166
HERC4,ENSG00000148634.16,protein_coding,6.00518523070361,0.0290102881402228,0.551224231792683,0.0526288331807838,0.958027643243342,0.996780736428731,0.484196542573541,0.983262496850266
COPA,ENSG00000122218.16,protein_coding,24.3326140194531,0.0212216408673846,0.40536150337028,0.0523523834674543,0.958247914538845,0.996780736428731,-0.158692580227122,0.998086042062166
EDEM3,ENSG00000116406.19,protein_coding,2.55049841386999,-0.0476271396689569,0.923512553516997,-0.051571729574849,0.958869945884686,0.996780736428731,-0.128203755951258,0.998086042062166
BCL6,ENSG00000113916.18,protein_coding,11.4113664756866,-0.02227045137378,0.434345087651582,-0.0512736347363612,0.959107476894687,0.996780736428731,0.085992923125907,0.998086042062166
CLPP,ENSG00000125656.11,protein_coding,3.53538842513603,-0.0403392161930562,0.787867274603257,-0.0512005225922979,0.959165735424159,0.996780736428731,-0.083030932220943,0.998086042062166
SENP2,ENSG00000163904.13,protein_coding,6.85635119909838,0.0281830730071876,0.550865813891585,0.0511614122649735,0.959196900105947,0.996780736428731,-0.243586159685833,0.998086042062166
C6orf62,ENSG00000112308.13,protein_coding,15.3288104820343,-0.0212301194293254,0.415063535144922,-0.0511490835298571,0.959206724150865,0.996780736428731,0.184246930924853,0.995521320397187
SLAMF6,ENSG00000162739.14,protein_coding,3.04400470841726,-0.0413401678424648,0.810861877033641,-0.0509829960112302,0.959339070143023,0.996780736428731,0.39555825669709,0.995521320397187
RNF114,ENSG00000124226.11,protein_coding,6.11407987318991,0.0299886899906138,0.589722155476713,0.050852235603005,0.959443266696073,0.996780736428731,-0.0789247398169405,0.998086042062166
BCR,ENSG00000186716.21,protein_coding,15.4896640414146,-0.0177328096591173,0.353190525189293,-0.050207489710018,0.959957043157741,0.996780736428731,0.0130319369515783,0.998086042062166
RTRAF,ENSG00000087302.9,protein_coding,18.5130111996904,0.0160053842573815,0.319316755834894,0.0501238471358429,0.960023696353966,0.996780736428731,-0.0445340663835674,0.998086042062166
OSER1,ENSG00000132823.11,protein_coding,7.76059887735908,-0.0285633699199651,0.578683402485083,-0.0493592347686202,0.96063301448167,0.996780736428731,0.409126532465177,0.992587378328484
EYA3,ENSG00000158161.16,protein_coding,6.70536425268219,0.0272030748283859,0.553508864488982,0.0491465928978404,0.960802472482519,0.996780736428731,-0.0625413195559038,0.998086042062166
ASH1L,ENSG00000116539.14,protein_coding,33.3655411062613,0.0138383981752983,0.283275773895143,0.048851329518989,0.961037775933592,0.996780736428731,-0.0470356494624025,0.998086042062166
FOXJ2,ENSG00000065970.9,protein_coding,11.4258659125965,-0.0260212731922602,0.542665796796008,-0.0479508259888392,0.961755432666103,0.996780736428731,-0.283215033104182,0.995521320397187
POLDIP3,ENSG00000100227.18,protein_coding,9.32499616427271,-0.029162530325742,0.609457837177657,-0.0478499553977204,0.961835823474198,0.996780736428731,0.0085653761923395,0.998086042062166
FAM210B,ENSG00000124098.10,protein_coding,42.991899272104,-0.0146477079609945,0.306600934037471,-0.0477745053418666,0.961895955138792,0.996780736428731,0.184640850230889,0.992587378328484
HLA-E,ENSG00000204592.9,protein_coding,88.8940659384308,0.0120597314262647,0.253984622003519,0.0474821323083791,0.96212897062466,0.996780736428731,-0.0390881654107383,0.998086042062166
TDP2,ENSG00000111802.14,protein_coding,10.6602873000811,0.024925122046053,0.526852309792015,0.0473095051170844,0.962266552578834,0.996780736428731,-0.108042066143762,0.998086042062166
CD226,ENSG00000150637.9,protein_coding,22.1347102089596,-0.0214463667360166,0.463058134323882,-0.0463146312445862,0.963059477776708,0.996780736428731,-0.0620348665931912,0.998086042062166
NRIP1,ENSG00000180530.11,protein_coding,14.8865029701594,-0.0172439487906047,0.373854432819707,-0.0461247674945201,0.96321080540733,0.996780736428731,-0.16326379686225,0.998086042062166
SP110,ENSG00000135899.19,protein_coding,39.2338032558553,0.0141422802816939,0.307285731847889,0.0460232246926927,0.963291738892197,0.996780736428731,-0.0386375269125153,0.998086042062166
GALK2,ENSG00000156958.15,protein_coding,2.92597951772251,-0.0469753535100008,1.02596798003715,-0.0457863738674377,0.963480519499595,0.996780736428731,-0.133407009494939,0.998086042062166
DLD,ENSG00000091140.14,protein_coding,4.46453346085301,0.0318035100854623,0.699356577854662,0.0454753856509399,0.963728394001438,0.996780736428731,0.21447740728869,0.998086042062166
KLHL36,ENSG00000135686.13,protein_coding,7.28067955051452,-0.0266830179643152,0.587791352165183,-0.0453953905004317,0.963792155049633,0.996780736428731,-0.0118522429820013,0.998086042062166
ZFP36,ENSG00000128016.7,protein_coding,27.5386122938202,0.0134644241174292,0.297579057730763,0.045246544632893,0.963910794963979,0.996780736428731,0.018727368721739,0.998086042062166
WDR11,ENSG00000120008.16,protein_coding,9.64506706917293,0.0220612814044746,0.487866950964826,0.0452198726739848,0.96393205434826,0.996780736428731,0.427708596873314,0.983262496850266
OSBPL9,ENSG00000117859.19,protein_coding,7.73058087006139,0.0249519061792268,0.552545725045246,0.0451580838439815,0.963981304390692,0.996780736428731,0.0407011685968452,0.998086042062166
TGFBRAP1,ENSG00000135966.13,protein_coding,3.31679834231288,0.0411800889854615,0.920718478445226,0.0447260372736304,0.96432567971766,0.996780736428731,0.18582467822256,0.998086042062166
CIRBP,ENSG00000099622.14,protein_coding,19.5173385153181,0.0172414250420612,0.392884085581311,0.0438842540963469,0.964996666619778,0.996780736428731,-0.137343662260359,0.998086042062166
NPEPPS,ENSG00000141279.17,protein_coding,11.2435553818456,0.0241821727537659,0.552252401166611,0.0437882618575891,0.965073183791312,0.996780736428731,-0.029142607439307,0.998086042062166
CBX6,ENSG00000183741.12,protein_coding,10.4378492132234,-0.0264751005132126,0.607410482375084,-0.043586835066939,0.965233745819803,0.996780736428731,-0.269618195394957,0.997878976321691
VPS39,ENSG00000166887.16,protein_coding,10.0525648897737,0.0246748710029741,0.5665421478758,0.0435534604009435,0.965260349686705,0.996780736428731,0.240603518091662,0.998086042062166
SETBP1,ENSG00000152217.20,protein_coding,11.6003923262585,0.0199513706100542,0.460627827470484,0.043313428803501,0.965451686631669,0.996780736428731,0.007501556196014,0.998086042062166
PHF10,ENSG00000130024.15,protein_coding,6.19432950136645,0.0294856889329344,0.680978470739828,0.0432990031254595,0.965463185869401,0.996780736428731,0.0347287422792525,0.998086042062166
SRP54,ENSG00000100883.13,protein_coding,5.73219242928368,-0.0275714159745267,0.638884247540345,-0.0431555732993488,0.965577519441431,0.996780736428731,0.46340045119545,0.992587378328484
NFE2L2,ENSG00000116044.16,protein_coding,14.1887368723618,0.0185266607960131,0.429473631332719,0.0431380635372706,0.96559147721198,0.996780736428731,0.0399913950361039,0.998086042062166
RELA,ENSG00000173039.19,protein_coding,20.5356551954977,0.0163464488123287,0.382228466276135,0.0427661732564927,0.965887929137677,0.996780736428731,-0.0690603673383137,0.998086042062166
HMGXB4,ENSG00000100281.14,protein_coding,4.53250347989596,0.0309365401289134,0.726906727355095,0.0425591605699927,0.966052951116964,0.996780736428731,-0.106721902057151,0.998086042062166
KDM6B,ENSG00000132510.11,protein_coding,34.9763869605377,-0.0131124219101192,0.308191660090666,-0.042546322980517,0.966063184761995,0.996780736428731,0.0092111574038074,0.998086042062166
APLF,ENSG00000169621.10,protein_coding,11.2188005053353,0.0192671164559721,0.454626297026346,0.0423801187524697,0.966195677045397,0.996780736428731,-0.0004678602934388,0.99975551810661
WDR81,ENSG00000167716.19,protein_coding,12.5070384749402,0.0225717895511813,0.53528030570344,0.0421681674268187,0.966364638692039,0.996780736428731,-0.251122259656837,0.998086042062166
SF3B5,ENSG00000169976.7,protein_coding,4.19212770616298,-0.0332758211315841,0.789646385430069,-0.0421401550688551,0.966386969470554,0.996780736428731,0.185626748223952,0.998086042062166
TCIRG1,ENSG00000110719.10,protein_coding,2.62898322460416,0.0438886276177174,1.04837364065076,0.0418635359722267,0.966607484978691,0.996780736428731,-0.502857622181472,0.997878976321691
ASH2L,ENSG00000129691.16,protein_coding,23.9937852362937,-0.0183647510049752,0.43869458820728,-0.0418622693296094,0.966608494728098,0.996780736428731,0.074963880495425,0.998086042062166
FAM214A,ENSG00000047346.13,protein_coding,6.04236445671426,-0.0251055060670091,0.600394804169799,-0.0418149955540071,0.966646180745196,0.996780736428731,0.207048407347756,0.998086042062166
KIF2A,ENSG00000068796.19,protein_coding,41.7854181648682,-0.0137649966944212,0.330144088160366,-0.0416939063519893,0.96674271176548,0.996780736428731,0.0352448125865437,0.998086042062166
SH3BGRL2,ENSG00000198478.8,protein_coding,13.613349633265,-0.0214993980220014,0.516318962517945,-0.041639760657162,0.966785876293636,0.996780736428731,0.0011906773452936,0.999404308199523
MPHOSPH8,ENSG00000196199.14,protein_coding,15.7533719049748,0.0161130499231113,0.387309888396469,0.0416024749324685,0.966815600240896,0.996780736428731,0.069503196329638,0.998086042062166
MS4A7,ENSG00000166927.13,protein_coding,6.89108487246285,-0.0227314273596034,0.546550747598085,-0.0415906985023819,0.966824988347121,0.996780736428731,-0.266913613582957,0.995521320397187
TIMM13,ENSG00000099800.8,protein_coding,6.07813869609412,0.0281966939459005,0.678644969158219,0.0415485198112869,0.966858613008732,0.996780736428731,0.549243240349119,0.992587378328484
UHMK1,ENSG00000152332.16,protein_coding,27.0098274150789,-0.0118749205371542,0.289576704676397,-0.0410078585237873,0.967289630937611,0.997032243840159,0.0190773435037043,0.998086042062166
FBH1,ENSG00000134452.20,protein_coding,7.39005656356306,0.0218752167819938,0.536942025051337,0.0407403700239375,0.967502877671839,0.997059230083314,-0.274885206298937,0.995521320397187
ZBTB44,ENSG00000196323.14,protein_coding,14.3255829488891,-0.0151844119359237,0.379730162815965,-0.0399873737269661,0.968103192548971,0.997357913151503,0.199641192018299,0.995521320397187
RAB37,ENSG00000172794.20,protein_coding,9.23895267336348,0.0189601759790726,0.477865163471994,0.0396768323543716,0.968350772232215,0.997357913151503,0.048718002238111,0.998086042062166
TRIR,ENSG00000123144.11,protein_coding,51.0836000231948,0.0106962860752419,0.26961330177752,0.0396726942058233,0.968354071399442,0.997357913151503,0.0091948548448423,0.998086042062166
AHCY,ENSG00000101444.13,protein_coding,5.32038095934816,-0.0243707017473142,0.634528835877213,-0.0384075559208001,0.969362736674971,0.998203900014992,0.455644806261011,0.992587378328484
PECAM1,ENSG00000261371.6,protein_coding,23.0374586124436,-0.0146074908446761,0.393081276564081,-0.0371615025074712,0.970356233944546,0.998841174263515,-0.115424473932646,0.998086042062166
PTPN6,ENSG00000111679.17,protein_coding,80.0763147874618,0.0084236931698494,0.228208162570423,0.0369123219562752,0.970554914943314,0.998841174263515,-0.0583937085596625,0.998086042062166
TIA1,ENSG00000116001.17,protein_coding,3.11065458890161,0.0300539605908741,0.81585759317456,0.0368372628290827,0.970614762759156,0.998841174263515,-0.0372130033812646,0.998086042062166
PRPF38A,ENSG00000134748.13,protein_coding,10.5236128353788,0.0176695062584007,0.483668519697249,0.0365322644307321,0.97085795257725,0.998841174263515,-0.0780512974477019,0.998086042062166
MTIF2,ENSG00000085760.15,protein_coding,4.43188994261827,0.0272280413926875,0.753036542974142,0.0361576627943572,0.971156644093225,0.998841174263515,-0.150958435877493,0.998086042062166
TBCA,ENSG00000171530.15,protein_coding,26.5249281526666,0.0116006405981541,0.322201657818497,0.0360042858770423,0.97127894153585,0.998841174263515,0.127347040941836,0.998086042062166
PTPRJ,ENSG00000149177.13,protein_coding,17.6743077817854,0.0155144017826626,0.431121384991311,0.035986156852264,0.97129339703711,0.998841174263515,0.0122796564631236,0.998086042062166
RAB8B,ENSG00000166128.13,protein_coding,27.8357497502872,-0.010069657846755,0.284404434551454,-0.0354061210847022,0.971755903853986,0.998947650477661,0.181316139336789,0.992587378328484
PPA2,ENSG00000138777.20,protein_coding,7.56625239728919,-0.0174934651244547,0.49677610253047,-0.03521398278892,0.97190911249347,0.998947650477661,-0.007476848633177,0.998086042062166
ARRDC3,ENSG00000113369.9,protein_coding,15.5486469444629,0.0143572007301449,0.408441577980031,0.03515117339706,0.971959196130797,0.998947650477661,-0.216069171307439,0.995521320397187
TRBC1,ENSG00000211751.9,TR_C_gene,10.0954469186971,-0.0196542851175487,0.571436044247011,-0.0343945491633232,0.972562530039392,0.999375030867545,-0.132627645447412,0.998086042062166
IL7R,ENSG00000168685.15,protein_coding,20.411301264098,-0.0123659546298988,0.36326967131097,-0.03404070200871,0.972844693985859,0.999472285841293,0.0547453002750571,0.998086042062166
PIP4K2A,ENSG00000150867.14,protein_coding,111.792575367296,-0.0067481446560063,0.199630858066064,-0.0338031140144337,0.973034152741814,0.999474279073784,0.095681538451925,0.995521320397187
SPTLC2,ENSG00000100596.7,protein_coding,4.55916260397676,-0.0228908130180226,0.705477770946745,-0.0324472491703082,0.974115382917088,0.99960022257906,-0.658041232964716,0.987407932503804
BCLAF1,ENSG00000029363.17,protein_coding,17.6513240995655,0.0128390387895856,0.397333054405032,0.0323130397716617,0.974222410401639,0.99960022257906,0.176332541803731,0.996352731101744
VEZF1,ENSG00000136451.9,protein_coding,11.9199801989145,0.0159252076430724,0.493347134699347,0.0322799232487232,0.974248819787083,0.99960022257906,0.0196818211530369,0.998086042062166
SUMO3,ENSG00000184900.16,protein_coding,10.1860414028116,-0.0154539073443745,0.480603800341669,-0.0321551917262994,0.974348289506265,0.99960022257906,-0.224423863675669,0.995521320397187
USP36,ENSG00000055483.19,protein_coding,5.39625171961956,-0.0209817347735614,0.658434704815523,-0.0318660827263654,0.974578846958726,0.99960022257906,0.250893684532185,0.998086042062166
NRF1,ENSG00000106459.15,protein_coding,4.49320981109344,-0.0243178155725306,0.765238810789651,-0.0317780740203663,0.974649032201082,0.99960022257906,-0.0641125738619783,0.998086042062166
MAP1B,ENSG00000131711.15,protein_coding,5.29655381981528,0.0243274716748479,0.779401790861432,0.0312130045890195,0.975099668805935,0.99960022257906,0.0842877695792329,0.998086042062166
AIMP1,ENSG00000164022.18,protein_coding,8.7319788852174,0.0159108809556643,0.513236430826565,0.0310010747484155,0.975268682560721,0.99960022257906,0.0328746001140931,0.998086042062166
SEC24C,ENSG00000176986.16,protein_coding,17.0778793041952,-0.0131545313195267,0.426317759006913,-0.0308561654812822,0.975384248140528,0.99960022257906,-0.0608362931886895,0.998086042062166
RHOA,ENSG00000067560.14,protein_coding,82.446498208873,0.0061355470115897,0.199337090956515,0.0307797559508289,0.975445185180912,0.99960022257906,-0.154254001989347,0.992587378328484
FAM76B,ENSG00000077458.13,protein_coding,5.48124804337849,-0.018958705938945,0.628503110193896,-0.030164856197921,0.975935576460399,0.99960022257906,0.0011877589685966,0.999570034820447
NXF1,ENSG00000162231.14,protein_coding,4.91301987841217,0.0204595163241488,0.683969961090442,0.0299128872436598,0.976136527915173,0.99960022257906,0.391142587793626,0.992587378328484
PLCG2,ENSG00000197943.10,protein_coding,27.7350228365306,-0.008994301715501,0.302781502998732,-0.02970558513787,0.976301857592992,0.99960022257906,0.128077785030045,0.998086042062166
SYNE2,ENSG00000054654.19,protein_coding,55.4667399229268,-0.0074334368597064,0.254017375776037,-0.0292634975737266,0.976654439142462,0.99960022257906,-0.0431831387367876,0.998086042062166
CASP4,ENSG00000196954.14,protein_coding,19.564644514771,-0.0108694533424081,0.378415886197457,-0.0287235651009018,0.977085061887041,0.99960022257906,0.0972559312860607,0.998086042062166
C16orf72,ENSG00000182831.12,protein_coding,13.187503309798,-0.0126961567567269,0.446449722179039,-0.0284380438064992,0.977312781891903,0.99960022257906,0.0857478966109414,0.998086042062166
SOX6,ENSG00000110693.19,protein_coding,8.13686953348024,-0.0156971760346658,0.5555501627631,-0.0282551911362854,0.977458618610252,0.99960022257906,-0.440286359799549,0.992587378328484
PF4V1,ENSG00000109272.4,protein_coding,13.3981786524838,0.0149699587457679,0.53134974789497,0.0281734560053409,0.977523807857238,0.99960022257906,0.40866189402276,0.992587378328484
CRK,ENSG00000167193.8,protein_coding,5.54113318210015,0.0198204517624409,0.705647619389523,0.0280883137954723,0.977591714637725,0.99960022257906,-0.144108362178077,0.998086042062166
UBXN2B,ENSG00000215114.10,protein_coding,7.88625654645474,0.015773683375301,0.565668666826457,0.0278850222760177,0.977753854291493,0.99960022257906,-0.301490674669873,0.995521320397187
KEAP1,ENSG00000079999.14,protein_coding,5.25129471585744,0.0224439027050525,0.806419255698544,0.0278315560379457,0.977796497626748,0.99960022257906,0.139374649756238,0.998086042062166
HDAC1,ENSG00000116478.12,protein_coding,13.3632873612227,-0.0103941481662354,0.377290584514722,-0.0275494501926269,0.97802149924639,0.99960022257906,-0.0130467400873973,0.998086042062166
MAN2A1,ENSG00000112893.10,protein_coding,6.37103861144823,0.0157045142745602,0.588592431912899,0.02668147502937,0.978713788657492,0.99960022257906,-0.643473791456881,0.974542098596117
RPN2,ENSG00000118705.17,protein_coding,3.78801348102872,0.0219485904479513,0.830305216866142,0.0264343641375552,0.978910885101781,0.99960022257906,-0.268852680095922,0.998086042062166
DCP2,ENSG00000172795.17,protein_coding,14.8833980867589,0.0097673504933031,0.372295568147222,0.0262354734489902,0.979069521892151,0.99960022257906,0.122110072165354,0.998086042062166
JADE2,ENSG00000043143.22,protein_coding,21.031340663723,0.0093752003348469,0.358391192297263,0.0261591259393196,0.979130417491493,0.99960022257906,-0.0381682825635452,0.998086042062166
RCAN3,ENSG00000117602.13,protein_coding,24.2271485296316,-0.0097090286190537,0.374373694446797,-0.0259340567007535,0.979309935856482,0.99960022257906,0.227085092847908,0.992587378328484
IGLC3,ENSG00000211679.2,IG_C_gene,2.95937847162284,0.023119379020378,0.895951603449627,0.0258042721630977,0.979413454291464,0.99960022257906,-0.539685707766895,0.995521320397187
CEP20,ENSG00000133393.13,protein_coding,4.00469781811534,0.0182690209117057,0.715048565578609,0.0255493427875386,0.979616791462778,0.99960022257906,0.030513108842657,0.998086042062166
IL4R,ENSG00000077238.14,protein_coding,6.79091508976803,0.0171615259627743,0.685112247823109,0.0250492178724052,0.980015705723199,0.99960022257906,0.268912845887393,0.998086042062166
PGAM5,ENSG00000247077.7,protein_coding,5.39669156247248,-0.0187453847499918,0.749431977735603,-0.0250127900955476,0.980044761779957,0.99960022257906,0.0698254604832724,0.998086042062166
ICE2,ENSG00000128915.12,protein_coding,4.58636349673259,-0.0188226299663012,0.753775882721211,-0.024971122581356,0.980077997265187,0.99960022257906,0.135900266189479,0.998086042062166
ARHGEF1,ENSG00000076928.18,protein_coding,41.6117709984062,0.0076670660836528,0.307214164172305,0.0249567467187244,0.980089463970458,0.99960022257906,0.0539400391978235,0.998086042062166
POGK,ENSG00000143157.12,protein_coding,9.77276631069327,0.0146551440228592,0.590895942472695,0.0248015648263424,0.980213242892586,0.99960022257906,-0.0243046867151204,0.998086042062166
CDK19,ENSG00000155111.15,protein_coding,7.24019192356401,0.0160699537989944,0.656506221491044,0.0244779916365402,0.980471338584644,0.99960022257906,0.066682529820563,0.998086042062166
PKN1,ENSG00000123143.13,protein_coding,35.3296119931298,-0.0069072944073706,0.283367525184604,-0.0243757445489591,0.980552895622151,0.99960022257906,-0.0376645034604922,0.998086042062166
BZW1,ENSG00000082153.18,protein_coding,17.9100278048976,0.0085426748316253,0.352394355416654,0.0242418038209633,0.980659733290267,0.99960022257906,0.328804191855553,0.983262496850266
EIF4E2,ENSG00000135930.14,protein_coding,16.9507566328559,-0.0082898949073984,0.343019713747914,-0.0241674008086041,0.980719080917763,0.99960022257906,-0.318306329207943,0.985425634239731
BRPF3,ENSG00000096070.19,protein_coding,11.61729431547,0.0128695631054921,0.54948270679188,0.0234212340923889,0.981314267294562,0.99960022257906,0.0874171471382009,0.998086042062166
LAMTOR2,ENSG00000116586.12,protein_coding,6.11516033061588,-0.0147951811266573,0.636230118515595,-0.023254449445393,0.981447305954215,0.99960022257906,-0.109777321399533,0.998086042062166
STX10,ENSG00000104915.15,protein_coding,6.55982657257971,0.0149353970471011,0.64719229780827,0.023077216922513,0.981588679108255,0.99960022257906,-0.130451787640153,0.998086042062166
EIF3G,ENSG00000130811.12,protein_coding,42.0296412330418,-0.0049544786816878,0.216519640223858,-0.0228823522732879,0.981744117556424,0.99960022257906,-0.0519940389743526,0.998086042062166
USF3,ENSG00000176542.10,protein_coding,17.0024422813881,-0.0075108995366891,0.331461866150975,-0.022659920502795,0.981921546424982,0.99960022257906,-0.0303536183720528,0.998086042062166
NUCB2,ENSG00000070081.17,protein_coding,8.11379744769992,-0.0125605463675984,0.582475438461327,-0.0215640789949503,0.982795687673782,0.99960022257906,-0.0349445958435622,0.998086042062166
BIRC3,ENSG00000023445.16,protein_coding,14.9201070749486,0.0089661618457306,0.418689041941228,0.0214148471719239,0.982914729951387,0.99960022257906,-0.261713524327966,0.992587378328484
JARID2,ENSG00000008083.14,protein_coding,18.1831619895665,-0.007527296981028,0.360994285730984,-0.0208515682340673,0.983364061163724,0.99960022257906,0.109841982489148,0.998086042062166
MORC3,ENSG00000159256.13,protein_coding,42.6250588341389,-0.0051284096891354,0.247041303203597,-0.0207593209015292,0.983437647957752,0.99960022257906,-0.0797327749228487,0.998086042062166
RREB1,ENSG00000124782.20,protein_coding,24.0409499838911,-0.0069509438114127,0.340157344235173,-0.0204344957685437,0.9836967659462,0.99960022257906,0.311353318467445,0.983262496850266
MDM4,ENSG00000198625.13,protein_coding,9.12861633304371,-0.0100059298269647,0.492115828527247,-0.0203324689980191,0.983778154621456,0.99960022257906,0.543776050205061,0.953507896005218
NKIRAS2,ENSG00000168256.18,protein_coding,5.30998686331895,0.0142577839311951,0.711002351725173,0.0200530756285124,0.984001032832941,0.99960022257906,-0.121512760245729,0.998086042062166
GTF2B,ENSG00000137947.12,protein_coding,11.2374080624551,0.011413103374026,0.569390358943419,0.0200444268062504,0.984007932207943,0.99960022257906,0.0955327842789966,0.998086042062166
SNX3,ENSG00000112335.15,protein_coding,70.6391020324814,0.0047579413551596,0.237618596607133,0.0200234384980659,0.984024675094714,0.99960022257906,0.089316922813914,0.998086042062166
STAU1,ENSG00000124214.21,protein_coding,19.2467607771058,-0.0069866014551303,0.349412144436964,-0.0199953022994906,0.98404712003951,0.99960022257906,-0.0566865014743921,0.998086042062166
ETFA,ENSG00000140374.16,protein_coding,7.27722234446498,0.0116086771025462,0.582250864160824,0.0199375867295232,0.98409316122342,0.99960022257906,0.154010968475399,0.998086042062166
CDC42SE1,ENSG00000197622.13,protein_coding,32.2699889231539,0.0052975448469987,0.267470666080612,0.01980607789492,0.984198069376463,0.99960022257906,-0.150672229120313,0.995521320397187
TET3,ENSG00000187605.16,protein_coding,16.3356603256661,-0.0089254286427241,0.459780432213075,-0.019412371683073,0.98451214109286,0.99960022257906,-0.260668844493907,0.995521320397187
SATB1,ENSG00000182568.17,protein_coding,22.7251792901208,-0.0067655515228458,0.351119357437542,-0.0192685233084857,0.984626894026099,0.99960022257906,0.0271580160933934,0.998086042062166
CYB5R4,ENSG00000065615.14,protein_coding,7.45601642043991,0.0112351398859856,0.58801247757298,0.0191069753015422,0.984755766960788,0.99960022257906,-0.0627710515523361,0.998086042062166
SPARC,ENSG00000113140.11,protein_coding,19.5571187452747,-0.015078988627585,0.80785114725341,-0.0186655532753177,0.985107907969091,0.99960022257906,0.0068323896893567,0.998587857984255
KLHL2,ENSG00000109466.14,protein_coding,4.45312834406125,0.013423517207324,0.727519837016108,0.0184510669322502,0.985279013842501,0.99960022257906,0.409211912555978,0.992587378328484
PUM1,ENSG00000134644.16,protein_coding,23.269128140663,-0.0062489013937402,0.346471200473613,-0.0180358465153763,0.985610256672755,0.99960022257906,-0.0130695247632352,0.998086042062166
ACVR1,ENSG00000115170.16,protein_coding,1.09195584218437,-0.0262166138078689,1.48470040809608,-0.0176578477818889,0.985911807997039,0.99960022257906,1.27065222530257,0.953507896005218
LPP,ENSG00000145012.14,protein_coding,14.8655982560699,0.006192509401108,0.356663249037091,0.017362342259334,0.986147551147661,0.99960022257906,-0.171631187597082,0.995521320397187
TRA2B,ENSG00000136527.18,protein_coding,21.3375591706574,-0.0054966717685099,0.317474352321454,-0.0173137506331358,0.986186315829063,0.99960022257906,-0.179475048603548,0.995521320397187
RHOB,ENSG00000143878.10,protein_coding,6.62112389643648,0.0096482817092957,0.562470384037047,0.0171534039535497,0.986314234971784,0.99960022257906,0.446922909027409,0.992587378328484
IGFBP4,ENSG00000141753.7,protein_coding,4.08930347589809,0.014218398636658,0.838440717465451,0.0169581442557314,0.986470007011127,0.99960022257906,0.645887050185325,0.992587378328484
DDX10,ENSG00000178105.11,protein_coding,6.03517046376215,-0.0110491493007174,0.670178798694598,-0.016486867866067,0.986845978590395,0.99960022257906,-0.213902456336661,0.998086042062166
CHD9,ENSG00000177200.18,protein_coding,20.0373425334284,-0.0067291751483116,0.408493022130357,-0.0164731703695154,0.986856906127404,0.99960022257906,0.0204055152576449,0.998086042062166
PTK2,ENSG00000169398.19,protein_coding,16.886559606375,-0.0063909808722753,0.398597946050569,-0.0160336522944966,0.987207544493113,0.99960022257906,-0.0643537025286911,0.998086042062166
ATP2B1,ENSG00000070961.16,protein_coding,5.87938506925933,0.0123273399106815,0.774641457341032,0.0159136072486945,0.987303314362754,0.99960022257906,-0.396315108063411,0.995521320397187
NSMF,ENSG00000165802.23,protein_coding,3.92388005074504,0.0119671497857553,0.752144958922272,0.0159106959952277,0.987305636912898,0.99960022257906,0.133177682355427,0.998086042062166
BRMS1,ENSG00000174744.14,protein_coding,6.91510511515871,-0.0081394195993206,0.534090649323557,-0.0152397717683869,0.987840892057774,0.99960022257906,0.350549409330413,0.992587378328484
NFX1,ENSG00000086102.19,protein_coding,8.47284969414005,-0.0082573571593778,0.553371541058396,-0.0149219042663173,0.988094484789839,0.99960022257906,-0.0893612885213272,0.998086042062166
RNF19B,ENSG00000116514.17,protein_coding,7.07016307670738,0.0087924592368028,0.589717366647688,0.0149096155787042,0.988104288653316,0.99960022257906,0.218538213202569,0.998086042062166
DNAJC3,ENSG00000102580.15,protein_coding,10.2670443310205,-0.0066929080592588,0.470866186957172,-0.0142140341452627,0.988659223489473,0.99960022257906,0.221087243285895,0.998086042062166
PHF12,ENSG00000109118.14,protein_coding,12.0760438188391,0.0065059338097943,0.461409241191131,0.0141001376413685,0.988750090645016,0.99960022257906,0.238208763606336,0.995521320397187
SBDS,ENSG00000126524.10,protein_coding,6.45448606649053,0.008853375860318,0.628566955541542,0.014085016372982,0.988762154473599,0.99960022257906,0.0546387722298068,0.998086042062166
SYK,ENSG00000165025.15,protein_coding,33.1494958444315,-0.0053874977940115,0.390229815728302,-0.0138059614536542,0.988984786435212,0.99960022257906,0.0482187681626219,0.998086042062166
PLAA,ENSG00000137055.15,protein_coding,3.72572209274253,-0.0106738958742162,0.782881044982244,-0.0136341222496431,0.989121881378912,0.99960022257906,0.0505577945659322,0.998086042062166
KIF13B,ENSG00000197892.13,protein_coding,6.05351703268322,-0.0077109263655096,0.570335699755569,-0.0135199784421952,0.98921294656684,0.99960022257906,0.135968464433977,0.998086042062166
MYO5A,ENSG00000197535.15,protein_coding,14.8704719124091,-0.005592381499665,0.433253506343632,-0.0129078736069811,0.989701292920415,0.99960022257906,-0.238444209397561,0.995521320397187
CARD6,ENSG00000132357.14,protein_coding,6.80502434942329,0.0076620465299326,0.594816497190923,0.0128813618420427,0.989722444489817,0.99960022257906,0.125843231922591,0.998086042062166
IFI27L2,ENSG00000119632.4,protein_coding,5.36394423874933,0.0087011781913861,0.773823333637924,0.0112443988351706,0.9910284568294,0.99960022257906,-0.220038784182879,0.998086042062166
HDAC7,ENSG00000061273.18,protein_coding,10.9509604443998,-0.0051448163372009,0.45962516953598,-0.011193504355723,0.991069062193302,0.99960022257906,0.172483920809342,0.998086042062166
BICRAL,ENSG00000112624.12,protein_coding,13.413464472694,-0.0048311779943689,0.434439535298025,-0.0111204842143447,0.991127320210674,0.99960022257906,0.013661870858505,0.998086042062166
USP7,ENSG00000187555.16,protein_coding,34.6710260749201,0.0034590898980891,0.31125805871922,0.0111132541027942,0.991133088648596,0.99960022257906,0.057739936397044,0.998086042062166
DECR1,ENSG00000104325.7,protein_coding,9.23742143671766,0.0047753399121962,0.434378871442982,0.0109934903056699,0.991228640495909,0.99960022257906,-0.374816189428345,0.992587378328484
ITGB3,ENSG00000259207.9,protein_coding,6.88240272294184,-0.0073649812883984,0.671827419322077,-0.0109626089626265,0.991253278758022,0.99960022257906,-0.159847961012331,0.998086042062166
CBX4,ENSG00000141582.15,protein_coding,10.4350224062987,0.0061368579300657,0.560157522925538,0.0109555931660342,0.991258876217662,0.99960022257906,-0.0591608620571946,0.998086042062166
PGAP6,ENSG00000129925.11,protein_coding,7.01465029748558,-0.0067849032545726,0.625414890825848,-0.0108486436029902,0.991344204551708,0.99960022257906,-0.0928802292051396,0.998086042062166
SCAF4,ENSG00000156304.15,protein_coding,12.132830426929,-0.0049322208741389,0.454983906159438,-0.010840429314901,0.991350758219972,0.99960022257906,-0.0981561778142097,0.998086042062166
GLE1,ENSG00000119392.16,protein_coding,8.70070966567577,-0.0057194316971961,0.53656300472498,-0.0106593850989181,0.991495202258276,0.99960022257906,-0.111279561818102,0.998086042062166
UBAP2L,ENSG00000143569.19,protein_coding,30.2004198711625,-0.0033717693533821,0.323023682208311,-0.010438149086567,0.991671713235431,0.99960022257906,-0.134162240527669,0.998086042062166
SFI1,ENSG00000198089.16,protein_coding,3.27767288381847,0.0082776255335315,0.803986700779332,0.0102957244510485,0.991785345546705,0.99960022257906,-0.310981285672399,0.998086042062166
CACTIN,ENSG00000105298.14,protein_coding,6.42007815008171,0.0081036391099028,0.804979749559754,0.0100668856754903,0.991967923009096,0.99960022257906,-0.400429065901008,0.995521320397187
F2R,ENSG00000181104.7,protein_coding,1.86090958564503,0.0105674050631402,1.05927811946299,0.0099760439387697,0.992040400588733,0.99960022257906,-0.242143604085773,0.998086042062166
DDA1,ENSG00000130311.11,protein_coding,3.76035079645632,0.0070245992177844,0.712057949132762,0.0098652072157047,0.992128831147069,0.99960022257906,0.20346204469768,0.998086042062166
CWC22,ENSG00000163510.14,protein_coding,10.0045156180734,0.0046447781796724,0.479034193384268,0.0096961307643994,0.99226372818462,0.99960022257906,0.119993052831398,0.998086042062166
PABPC3,ENSG00000151846.9,protein_coding,5.0627888541759,0.0057524428248635,0.641997954521444,0.0089602198641762,0.992850874571002,0.99960022257906,0.125659895523372,0.998086042062166
UFD1,ENSG00000070010.19,protein_coding,6.25966346059214,-0.005831284302935,0.655117560237561,-0.0089011265410447,0.99289802234095,0.99960022257906,-0.0154866943285527,0.998086042062166
MOB1A,ENSG00000114978.18,protein_coding,44.241770056417,-0.0023217334166509,0.264787383083373,-0.0087682932230946,0.993004003858304,0.99960022257906,-0.262686764920382,0.982590661581633
ATP6V1F,ENSG00000128524.5,protein_coding,13.4755287342161,0.0034721416329048,0.424586090200882,0.0081777093339589,0.993475204703986,0.99960022257906,-0.110508696373064,0.998086042062166
CASC3,ENSG00000108349.17,protein_coding,33.9993609615009,0.002558901921801,0.314596424053258,0.0081339192888214,0.993510142942898,0.99960022257906,0.112408104157434,0.998086042062166
EML4,ENSG00000143924.19,protein_coding,13.7139896286647,-0.0036460407167031,0.449911384110148,-0.008103908559492,0.993534087251308,0.99960022257906,-0.0685784666773073,0.998086042062166
ATR,ENSG00000175054.16,protein_coding,4.49889137897763,-0.0060555076072208,0.770097278962514,-0.0078633021731733,0.993726057253735,0.99960022257906,-0.009260571898493,0.998086042062166
RP11-425L10.1,ENSG00000244313.3,processed_pseudogene,9.1648027244941,0.003493446802795,0.460061874043592,0.0075934281884527,0.993941379108424,0.99960022257906,0.0331762436711047,0.998086042062166
TMEM71,ENSG00000165071.15,protein_coding,5.16973438523699,0.0055128904864018,0.73775996316626,0.0074724717545556,0.994037885641315,0.99960022257906,-0.360800442838014,0.995521320397187
GYG1,ENSG00000163754.18,protein_coding,4.56040281637307,0.0052469019066564,0.703593681657177,0.0074572896878471,0.994049998840437,0.99960022257906,-0.0079317188743604,0.998086042062166
SEC61B,ENSG00000106803.10,protein_coding,6.35244445556405,-0.0053541021400485,0.723541219341846,-0.0073998578061921,0.994095821587749,0.99960022257906,-0.195710382777212,0.998086042062166
IL10RA,ENSG00000110324.11,protein_coding,11.0312499101848,-0.0029144952416925,0.417563613973278,-0.0069797634280438,0.994430999740332,0.99960022257906,-0.480553782783417,0.982590661581633
NCOA5,ENSG00000124160.12,protein_coding,9.4133284575979,-0.0041274059706009,0.600404535480995,-0.0068743750699591,0.994515085466676,0.99960022257906,0.189408358959962,0.998086042062166
SNX11,ENSG00000002919.15,protein_coding,4.74239229861729,-0.00503493943913,0.77173761368564,-0.0065241597012283,0.994794510630518,0.99960022257906,-0.336350484944296,0.998086042062166
FGFR1OP2,ENSG00000111790.14,protein_coding,20.7215651948127,0.0020104637512141,0.320212894131189,0.006278522158419,0.994990497017462,0.99960022257906,0.0135011428490667,0.998086042062166
ZEB2,ENSG00000169554.22,protein_coding,68.5183764636434,-0.0015190511998614,0.24224245292877,-0.00627078854881,0.994996667423698,0.99960022257906,0.0040347225272869,0.998086042062166
FAM53B,ENSG00000189319.14,protein_coding,10.4490446745771,-0.0027144656203396,0.433453286168767,-0.0062624179051275,0.995003346099918,0.99960022257906,0.113774099108921,0.998086042062166
ATP5PB,ENSG00000116459.11,protein_coding,13.1548115937021,-0.0025114961958247,0.405297977881948,-0.0061966659911544,0.995055807518961,0.99960022257906,0.120318140247106,0.998086042062166
RRP7A,ENSG00000189306.11,protein_coding,8.26692412671039,-0.0031818839872673,0.518030631375671,-0.0061422699634914,0.995099208443619,0.99960022257906,0.208974330010474,0.998086042062166
FBXW5,ENSG00000159069.14,protein_coding,10.8108432997864,0.0024779744641473,0.466719161207702,0.0053093480407686,0.995763773072976,0.999791720810831,0.0116445990843945,0.998086042062166
DLST,ENSG00000119689.15,protein_coding,10.8427879209689,0.0028813929221825,0.556263213310172,0.0051799091747163,0.995867048925326,0.999791720810831,-0.187208566232918,0.998086042062166
RABEP2,ENSG00000177548.13,protein_coding,2.80658170202064,0.0045784978766151,0.902297513303078,0.005074266313618,0.995951338625246,0.999791720810831,0.928969928586736,0.953507896005218
SLC14A1,ENSG00000141469.18,protein_coding,9.53123622198769,0.0022876974413804,0.505176679588706,0.0045285095963712,0.996386784459221,0.999791720810831,-0.126220922104563,0.998086042062166
ANO6,ENSG00000177119.17,protein_coding,11.9868876190965,0.0019707945724261,0.440351629008694,0.0044755019457126,0.996429078016675,0.999791720810831,0.258534001152333,0.992587378328484
RASGRF2,ENSG00000113319.13,protein_coding,7.571654635122,-0.0028263123279417,0.686406260787768,-0.0041175503333814,0.996714679444011,0.999791720810831,-0.0627014044575725,0.998086042062166
ZNF384,ENSG00000126746.18,protein_coding,8.33639046751234,0.0019918053472834,0.497857317661386,0.004000755390399,0.996807867558023,0.999791720810831,0.140320600408525,0.998086042062166
SELENON,ENSG00000162430.18,protein_coding,3.35392371935292,0.003942551120224,0.989331157856516,0.003985067172822,0.99682038484483,0.999791720810831,-0.151932813913702,0.998086042062166
STAT1,ENSG00000115415.20,protein_coding,36.4041692903343,0.0012499622122256,0.330026149653637,0.0037874641556053,0.996978048050575,0.999791720810831,-0.040494268666508,0.998086042062166
ZZZ3,ENSG00000036549.13,protein_coding,7.23880764139148,0.0018008573334525,0.544962403515201,0.0033045533450315,0.997363352704381,0.9999484205917,0.291137590426934,0.995521320397187
MEF2C,ENSG00000081189.16,protein_coding,24.0977793401056,-0.0008079581524917,0.289652532219142,-0.0027894047612898,0.997774379893314,0.9999484205917,-0.0964480740297981,0.998086042062166
PHF20L1,ENSG00000129292.21,protein_coding,11.585263019094,-0.0011263410485449,0.448445576058759,-0.0025116560596806,0.997995990514955,0.9999484205917,0.0385745264000542,0.998086042062166
DDX5,ENSG00000108654.16,protein_coding,81.234831230555,0.0004474508249935,0.186351103634497,0.0024011171185286,0.998084187563339,0.9999484205917,0.0135462449277319,0.998086042062166
SIKE1,ENSG00000052723.12,protein_coding,7.56216390563215,0.0012088377472424,0.520545643402049,0.0023222512042211,0.998147113283236,0.9999484205917,-0.448579099901251,0.992587378328484
MIB1,ENSG00000101752.12,protein_coding,13.5511490143073,-0.000741963184956,0.402202630772069,-0.0018447497062159,0.9985281035257,0.9999484205917,-0.26627776780086,0.992587378328484
MIF4GD,ENSG00000125457.15,protein_coding,4.59413489697495,0.0014068726373087,0.78921766939735,0.0017826167505639,0.998577678370187,0.9999484205917,0.559319918970766,0.992587378328484
LIMS1,ENSG00000169756.16,protein_coding,26.6767506278524,0.0004966805580285,0.399042858813252,0.0012446797306577,0.99900688951619,0.9999484205917,-0.147265349661099,0.998086042062166
PEF1,ENSG00000162517.13,protein_coding,4.05124392202595,-0.0007839994070222,0.852905122045635,-0.0009192105742569,0.999266576177958,0.9999484205917,0.354656135942335,0.998086042062166
ENY2,ENSG00000120533.13,protein_coding,8.20556277832661,0.0005185381068629,0.625101480608661,0.0008295262816495,0.999338133862998,0.9999484205917,0.0425608345464856,0.998086042062166
CD63,ENSG00000135404.12,protein_coding,4.21382374483271,-0.0001375261230583,0.675810401393335,-0.0002034980858163,0.999837632020295,0.9999484205917,0.438942012093727,0.992587378328484
CXXC5,ENSG00000171604.12,protein_coding,4.95594357903547,-0.0001258979499354,0.756804104011754,-0.0001663547399757,0.999867268121969,0.9999484205917,0.124870029248921,0.998086042062166
SVBP,ENSG00000177868.12,protein_coding,5.89110548029199,5.73674621712377e-05,0.719876000814425,7.96907552221988e-05,0.999936415976837,0.9999484205917,0.0207167649349826,0.998086042062166
DENND1C,ENSG00000205744.10,protein_coding,13.0982694407469,-3.64884876437504e-05,0.468539506928139,-7.7877077822056e-05,0.999937863082028,0.9999484205917,-0.0297564175519524,0.998086042062166
AOAH,ENSG00000136250.12,protein_coding,5.84626387656312,-4.28064593815299e-05,0.662175355341405,-6.46452016618161e-05,0.9999484205917,0.9999484205917,0.116106531204111,0.998086042062166
IFIT2,ENSG00000119922.11,protein_coding,12.7086029346341,-0.227162813864947,0.638026601929385,-0.35603972182039,,,-0.619993050750337,
SGCE,ENSG00000127990.19,protein_coding,4.82117319928611,3.72980037150683,1.66039939679811,2.24632722626817,,,3.39409733120541,
RGS18,ENSG00000150681.10,protein_coding,56.2316928955269,-0.218805724156889,0.600047939176696,-0.364647072127444,,,-0.217663294771506,
ENKUR,ENSG00000151023.17,protein_coding,5.33541155543895,0.112245652820339,0.811208219298826,0.138368485611943,,,0.295484843341715,
ISG15,ENSG00000187608.10,protein_coding,6.93086749092128,1.28372802949275,1.24748890959376,1.02904965296308,,,0.417676355838667,
RNU5A-1,ENSG00000199568.1,snRNA,5.79055744282933,2.34415306690698,0.798494681020998,2.9357153186163,,,2.05871595933931,
VTRNA1-1,ENSG00000199990.1,misc_RNA,22.7457948580233,1.16411879452831,0.457195216023977,2.54621823179195,,,0.998722398576299,
RNA5SP429,ENSG00000200558.1,rRNA_pseudogene,49.768300384086,1.07416222837042,0.579260415852914,1.8543684308012,,,0.947570779627653,
RNY1,ENSG00000201098.1,misc_RNA,266.929314278074,1.68422873428185,0.503394475869963,3.34574337823469,,,1.29380038163578,
MUC19,ENSG00000205592.15,protein_coding,3.72207448791985,4.26820472180572,1.8101503506285,2.35792829050016,,,3.8310374129763,
LCAT,ENSG00000213398.8,protein_coding,12.6317288239236,5.05664288253203,2.12097279760247,2.38411491568775,,,4.45866311435126,
MTCYBP29,ENSG00000224880.1,unprocessed_pseudogene,7.03670517402313,3.95657047460973,1.50780372429423,2.62406201209095,,,3.48259985470094,
SILC1,ENSG00000232044.7,lncRNA,14.6598197726949,4.4083884002376,1.39321800594981,3.16417702140753,,,4.0506232569349,
NEAT1,ENSG00000245532.9,lncRNA,35.5081644645786,0.0132714090739223,0.96475722962069,0.0137562162443086,,,-0.284224013358319,
RNY4,ENSG00000252316.1,misc_RNA,139.810281682308,0.810719857314153,0.47678675852725,1.70038249346184,,,0.811577709225594,
MIR124-2HG,ENSG00000254377.6,lncRNA,3.48763029531619,4.24886073271063,2.28101516211111,1.86270604566181,,,3.99043068117624,
